dataset,granularity,family,model,fold,method,ece_equal_width,ece_equal_mass,best_equal_width,best_equal_mass
algebra2005,concept,deep,dkt,0,none,0.009364981241350946,0.01016754290305094,isotonic,isotonic
algebra2005,concept,deep,dkt,0,platt,0.007281589272573994,0.006890117237092732,isotonic,isotonic
algebra2005,concept,deep,dkt,0,isotonic,0.006374502552125651,0.00628885243201442,isotonic,isotonic
algebra2005,concept,deep,dkt,0,temperature,0.010540737832652861,0.010470646023715554,isotonic,isotonic
algebra2005,concept,deep,dkt,1,none,0.005859255565591514,0.006516990062500452,temperature,temperature
algebra2005,concept,deep,dkt,1,platt,0.007556093527871942,0.007864778222501954,temperature,temperature
algebra2005,concept,deep,dkt,1,isotonic,0.005797773175308806,0.00635102909504457,temperature,temperature
algebra2005,concept,deep,dkt,1,temperature,0.003976440647926451,0.004744614304603828,temperature,temperature
algebra2005,concept,deep,dkt,2,none,0.003852718495234163,0.0037437841233881183,temperature,isotonic
algebra2005,concept,deep,dkt,2,platt,0.005832750048022763,0.006052039403004128,temperature,isotonic
algebra2005,concept,deep,dkt,2,isotonic,0.003559223044171273,0.003284732478970077,temperature,isotonic
algebra2005,concept,deep,dkt,2,temperature,0.0031933132737462316,0.0037930127344396984,temperature,isotonic
algebra2005,concept,deep,dkt,3,none,0.0031618876401500835,0.0031922929376827693,isotonic,isotonic
algebra2005,concept,deep,dkt,3,platt,0.0033586108682814512,0.0031525608603070816,isotonic,isotonic
algebra2005,concept,deep,dkt,3,isotonic,0.002485079011042532,0.0021046705749795335,isotonic,isotonic
algebra2005,concept,deep,dkt,3,temperature,0.0034164606279064144,0.0034442415620987523,isotonic,isotonic
algebra2005,concept,deep,dkt,4,none,0.00584591754192883,0.005114114933172103,isotonic,isotonic
algebra2005,concept,deep,dkt,4,platt,0.002798598142315,0.0026994642860129134,isotonic,isotonic
algebra2005,concept,deep,dkt,4,isotonic,0.001642277179815256,0.0025419977376704406,isotonic,isotonic
algebra2005,concept,deep,dkt,4,temperature,0.003475327366757441,0.0034151906971953976,isotonic,isotonic
algebra2005,concept,deep,sakt,0,none,0.029569697363122493,0.02906799925408537,temperature,temperature
algebra2005,concept,deep,sakt,0,platt,0.007138400783586672,0.007805229757012286,temperature,temperature
algebra2005,concept,deep,sakt,0,isotonic,0.00689179406330663,0.006916341218168254,temperature,temperature
algebra2005,concept,deep,sakt,0,temperature,0.004736690243393066,0.005613990240979024,temperature,temperature
algebra2005,concept,deep,sakt,1,none,0.028000225702417055,0.02776732700503486,temperature,temperature
algebra2005,concept,deep,sakt,1,platt,0.007523952088350293,0.0076924473656839925,temperature,temperature
algebra2005,concept,deep,sakt,1,isotonic,0.006739174146852229,0.006753568427075302,temperature,temperature
algebra2005,concept,deep,sakt,1,temperature,0.0036054238488256543,0.003932013009364165,temperature,temperature
algebra2005,concept,deep,sakt,2,none,0.02560134505072354,0.025547328788247302,temperature,temperature
algebra2005,concept,deep,sakt,2,platt,0.004364980919943424,0.005293914064037757,temperature,temperature
algebra2005,concept,deep,sakt,2,isotonic,0.004430170320740622,0.0053128765435327165,temperature,temperature
algebra2005,concept,deep,sakt,2,temperature,0.004286386486990907,0.005219525421438662,temperature,temperature
algebra2005,concept,deep,sakt,3,none,0.02173147501190255,0.022198441442829984,platt,platt
algebra2005,concept,deep,sakt,3,platt,0.0027674651858301726,0.0026352479689203574,platt,platt
algebra2005,concept,deep,sakt,3,isotonic,0.004150203573837841,0.002903449524191357,platt,platt
algebra2005,concept,deep,sakt,3,temperature,0.012098575916348364,0.012413993719168499,platt,platt
algebra2005,concept,deep,sakt,4,none,0.022701903371821045,0.021454707364206255,isotonic,isotonic
algebra2005,concept,deep,sakt,4,platt,0.0036143692452355295,0.0033590511627251563,isotonic,isotonic
algebra2005,concept,deep,sakt,4,isotonic,0.0024134632663364492,0.002152992703238873,isotonic,isotonic
algebra2005,concept,deep,sakt,4,temperature,0.007915058056643994,0.00850393743624042,isotonic,isotonic
algebra2005,concept,deep,akt,0,none,0.0039346539124985565,0.003715204232547115,none,none
algebra2005,concept,deep,akt,0,platt,0.007301854562544825,0.007907708818383699,none,none
algebra2005,concept,deep,akt,0,isotonic,0.007145737599466832,0.007153123566020273,none,none
algebra2005,concept,deep,akt,0,temperature,0.004798381793134602,0.005253583754588977,none,none
algebra2005,concept,deep,akt,1,none,0.0041560290620888595,0.0028278058280630978,none,none
algebra2005,concept,deep,akt,1,platt,0.008061624501045249,0.008579970208979668,none,none
algebra2005,concept,deep,akt,1,isotonic,0.007085577667196234,0.007571429824602649,none,none
algebra2005,concept,deep,akt,1,temperature,0.004709911125188599,0.004294499990214527,none,none
algebra2005,concept,deep,akt,2,none,0.007056007288520676,0.007056007288520699,isotonic,isotonic
algebra2005,concept,deep,akt,2,platt,0.005327462094509477,0.005005197889981662,isotonic,isotonic
algebra2005,concept,deep,akt,2,isotonic,0.004412116345873562,0.004297439366773387,isotonic,isotonic
algebra2005,concept,deep,akt,2,temperature,0.005903669888714045,0.0061421139048596154,isotonic,isotonic
algebra2005,concept,deep,akt,3,none,0.013500967556552739,0.012994342932643305,isotonic,isotonic
algebra2005,concept,deep,akt,3,platt,0.003730592820119516,0.0034163690222623225,isotonic,isotonic
algebra2005,concept,deep,akt,3,isotonic,0.0022850928275744576,0.002452395505823913,isotonic,isotonic
algebra2005,concept,deep,akt,3,temperature,0.005345027636141705,0.0059838607012278975,isotonic,isotonic
algebra2005,concept,deep,akt,4,none,0.0051571082464536774,0.004669257526395204,isotonic,isotonic
algebra2005,concept,deep,akt,4,platt,0.004165768262242428,0.004243541931594584,isotonic,isotonic
algebra2005,concept,deep,akt,4,isotonic,0.0028353143054432304,0.002141039097833381,isotonic,isotonic
algebra2005,concept,deep,akt,4,temperature,0.0036934377340272725,0.0038343483842508083,isotonic,isotonic
algebra2005,concept,deep,simplekt,0,none,0.02371641297142935,0.023671837797900795,isotonic,isotonic
algebra2005,concept,deep,simplekt,0,platt,0.011123575694071805,0.011964479612591838,isotonic,isotonic
algebra2005,concept,deep,simplekt,0,isotonic,0.006008015465649171,0.006153839789587172,isotonic,isotonic
algebra2005,concept,deep,simplekt,0,temperature,0.02040277805634798,0.02144846183856396,isotonic,isotonic
algebra2005,concept,deep,simplekt,1,none,0.013873042681580124,0.013008415396184065,temperature,temperature
algebra2005,concept,deep,simplekt,1,platt,0.007911709078147665,0.007844769003924447,temperature,temperature
algebra2005,concept,deep,simplekt,1,isotonic,0.0077866608415152186,0.0078047650441756215,temperature,temperature
algebra2005,concept,deep,simplekt,1,temperature,0.00396058816085492,0.0036998750002101566,temperature,temperature
algebra2005,concept,deep,simplekt,2,none,0.029991370775586768,0.0287731414557856,isotonic,isotonic
algebra2005,concept,deep,simplekt,2,platt,0.008789068201323063,0.0073847300535993515,isotonic,isotonic
algebra2005,concept,deep,simplekt,2,isotonic,0.004149508176719987,0.0036735151334885002,isotonic,isotonic
algebra2005,concept,deep,simplekt,2,temperature,0.0073318608970205125,0.006693568943472651,isotonic,isotonic
algebra2005,concept,deep,simplekt,3,none,0.0292607678053685,0.028134202337456782,isotonic,isotonic
algebra2005,concept,deep,simplekt,3,platt,0.005300579882481237,0.005620870699582148,isotonic,isotonic
algebra2005,concept,deep,simplekt,3,isotonic,0.003212284394119809,0.0017555933134464493,isotonic,isotonic
algebra2005,concept,deep,simplekt,3,temperature,0.005242578929070043,0.00527588021068986,isotonic,isotonic
algebra2005,concept,deep,simplekt,4,none,0.01777508933794809,0.017980052216844712,isotonic,isotonic
algebra2005,concept,deep,simplekt,4,platt,0.005658848616611316,0.005219213851208452,isotonic,isotonic
algebra2005,concept,deep,simplekt,4,isotonic,0.004129153977666996,0.004049225885677818,isotonic,isotonic
algebra2005,concept,deep,simplekt,4,temperature,0.01683211136208298,0.01692040421081484,isotonic,isotonic
algebra2005,question,deep,dkt,0,none,0.018426915918016085,0.019174693636021308,platt,platt
algebra2005,question,deep,dkt,0,platt,0.008312324445455863,0.008312324445455942,platt,platt
algebra2005,question,deep,dkt,0,isotonic,0.008396330527263539,0.008559675179929671,platt,platt
algebra2005,question,deep,dkt,0,temperature,0.02273924571089163,0.02273924571089193,platt,platt
algebra2005,question,deep,dkt,1,none,0.009144125020173149,0.009165245037387696,temperature,temperature
algebra2005,question,deep,dkt,1,platt,0.008111475930678711,0.00817001324813441,temperature,temperature
algebra2005,question,deep,dkt,1,isotonic,0.008684374649873636,0.008105532433275806,temperature,temperature
algebra2005,question,deep,dkt,1,temperature,0.006895630243694675,0.006920250482448099,temperature,temperature
algebra2005,question,deep,dkt,2,none,0.009055900801549027,0.010332309430308257,platt,platt
algebra2005,question,deep,dkt,2,platt,0.004320255758246756,0.003993619459641738,platt,platt
algebra2005,question,deep,dkt,2,isotonic,0.005416607061297115,0.005462679183130768,platt,platt
algebra2005,question,deep,dkt,2,temperature,0.010364830873464292,0.010672952736936253,platt,platt
algebra2005,question,deep,dkt,3,none,0.009450445962666166,0.009725217063854942,isotonic,isotonic
algebra2005,question,deep,dkt,3,platt,0.005058809324899445,0.005061804574057745,isotonic,isotonic
algebra2005,question,deep,dkt,3,isotonic,0.004145374683256566,0.004573090320636023,isotonic,isotonic
algebra2005,question,deep,dkt,3,temperature,0.009977411878956946,0.010382649629042881,isotonic,isotonic
algebra2005,question,deep,dkt,4,none,0.011837706170316056,0.01158722039916077,isotonic,isotonic
algebra2005,question,deep,dkt,4,platt,0.004280790819193314,0.004492324804672906,isotonic,isotonic
algebra2005,question,deep,dkt,4,isotonic,0.003709444454636354,0.004378483258182121,isotonic,isotonic
algebra2005,question,deep,dkt,4,temperature,0.009965629811024418,0.010505088212055437,isotonic,isotonic
algebra2005,question,deep,sakt,0,none,0.05898694281564368,0.055697821292161984,isotonic,isotonic
algebra2005,question,deep,sakt,0,platt,0.01407683863171134,0.013887928192538403,isotonic,isotonic
algebra2005,question,deep,sakt,0,isotonic,0.009451996387790278,0.009451996387790686,isotonic,isotonic
algebra2005,question,deep,sakt,0,temperature,0.0179734262747916,0.01820761394779397,isotonic,isotonic
algebra2005,question,deep,sakt,1,none,0.057574791543385795,0.057471319597611516,isotonic,isotonic
algebra2005,question,deep,sakt,1,platt,0.012470708716653602,0.011520097341496931,isotonic,isotonic
algebra2005,question,deep,sakt,1,isotonic,0.010279013023199246,0.010279013023198787,isotonic,isotonic
algebra2005,question,deep,sakt,1,temperature,0.02318110634889518,0.02376939031946045,isotonic,isotonic
algebra2005,question,deep,sakt,2,none,0.05358530528807384,0.05305650008069289,isotonic,isotonic
algebra2005,question,deep,sakt,2,platt,0.011679627669532825,0.010992943968596364,isotonic,isotonic
algebra2005,question,deep,sakt,2,isotonic,0.006375238680334716,0.006224695330538451,isotonic,isotonic
algebra2005,question,deep,sakt,2,temperature,0.023086909372561786,0.02351486125443918,isotonic,isotonic
algebra2005,question,deep,sakt,3,none,0.0507204863091078,0.05049263112593468,isotonic,isotonic
algebra2005,question,deep,sakt,3,platt,0.013258050853704567,0.013274695823221433,isotonic,isotonic
algebra2005,question,deep,sakt,3,isotonic,0.006511678369181776,0.006760802919678023,isotonic,isotonic
algebra2005,question,deep,sakt,3,temperature,0.03525089203851001,0.03626015819933522,isotonic,isotonic
algebra2005,question,deep,sakt,4,none,0.05168080047339848,0.05118489644413369,isotonic,isotonic
algebra2005,question,deep,sakt,4,platt,0.010565116140825033,0.01099797176569602,isotonic,isotonic
algebra2005,question,deep,sakt,4,isotonic,0.004657631681734592,0.005105693521313584,isotonic,isotonic
algebra2005,question,deep,sakt,4,temperature,0.026376528546296008,0.027359531456579083,isotonic,isotonic
algebra2005,question,deep,akt,0,none,0.02222141696702365,0.021144115337027296,isotonic,isotonic
algebra2005,question,deep,akt,0,platt,0.018262230134676233,0.01825996420122472,isotonic,isotonic
algebra2005,question,deep,akt,0,isotonic,0.009306129569640983,0.00940491611640425,isotonic,isotonic
algebra2005,question,deep,akt,0,temperature,0.019987245281255214,0.019336108228132625,isotonic,isotonic
algebra2005,question,deep,akt,1,none,0.024972267470009153,0.0241607273118511,isotonic,isotonic
algebra2005,question,deep,akt,1,platt,0.015268883295469552,0.016272822010575935,isotonic,isotonic
algebra2005,question,deep,akt,1,isotonic,0.010154991167907343,0.010543714474764763,isotonic,isotonic
algebra2005,question,deep,akt,1,temperature,0.01824112328297811,0.019021693937432853,isotonic,isotonic
algebra2005,question,deep,akt,2,none,0.026762617677121008,0.025963585991715554,isotonic,isotonic
algebra2005,question,deep,akt,2,platt,0.016819176366650736,0.018203650602449477,isotonic,isotonic
algebra2005,question,deep,akt,2,isotonic,0.006110668513372631,0.0061349782515224965,isotonic,isotonic
algebra2005,question,deep,akt,2,temperature,0.01796923818398705,0.018489631708830934,isotonic,isotonic
algebra2005,question,deep,akt,3,none,0.03547684221851649,0.034200773575770595,isotonic,isotonic
algebra2005,question,deep,akt,3,platt,0.01812057257919315,0.019139046059104166,isotonic,isotonic
algebra2005,question,deep,akt,3,isotonic,0.003602366896473805,0.004384366281214701,isotonic,isotonic
algebra2005,question,deep,akt,3,temperature,0.016938577330694544,0.017179669658119616,isotonic,isotonic
algebra2005,question,deep,akt,4,none,0.02655652267470019,0.025503499919307088,isotonic,isotonic
algebra2005,question,deep,akt,4,platt,0.017204357100465792,0.017795974433567462,isotonic,isotonic
algebra2005,question,deep,akt,4,isotonic,0.0038247446275455413,0.0038699951308970625,isotonic,isotonic
algebra2005,question,deep,akt,4,temperature,0.016118439941207315,0.016716503313267215,isotonic,isotonic
algebra2005,question,deep,simplekt,0,none,0.05390192909785373,0.05362557426434986,isotonic,isotonic
algebra2005,question,deep,simplekt,0,platt,0.008114205955853708,0.009276991469443262,isotonic,isotonic
algebra2005,question,deep,simplekt,0,isotonic,0.008114021450333847,0.008227058353040495,isotonic,isotonic
algebra2005,question,deep,simplekt,0,temperature,0.044530931305843215,0.04601369206402043,isotonic,isotonic
algebra2005,question,deep,simplekt,1,none,0.04926466189682044,0.04882404432729033,isotonic,isotonic
algebra2005,question,deep,simplekt,1,platt,0.017339394079326297,0.01544293080539764,isotonic,isotonic
algebra2005,question,deep,simplekt,1,isotonic,0.011320260666461628,0.011320260666461872,isotonic,isotonic
algebra2005,question,deep,simplekt,1,temperature,0.019294094374059136,0.0191243999494682,isotonic,isotonic
algebra2005,question,deep,simplekt,2,none,0.0654253666146645,0.06321599978481895,isotonic,isotonic
algebra2005,question,deep,simplekt,2,platt,0.009945991289896249,0.011217531414741083,isotonic,isotonic
algebra2005,question,deep,simplekt,2,isotonic,0.004745092357259205,0.004832188262343369,isotonic,isotonic
algebra2005,question,deep,simplekt,2,temperature,0.011276192323906085,0.012261432327719661,isotonic,isotonic
algebra2005,question,deep,simplekt,3,none,0.0668053633869497,0.06655949109688526,isotonic,isotonic
algebra2005,question,deep,simplekt,3,platt,0.01067053552628573,0.010899246799317901,isotonic,isotonic
algebra2005,question,deep,simplekt,3,isotonic,0.0029702847470003415,0.0043933380854978095,isotonic,isotonic
algebra2005,question,deep,simplekt,3,temperature,0.01347721352621928,0.015824288337564246,isotonic,isotonic
algebra2005,question,deep,simplekt,4,none,0.042425616224649035,0.04233719834310619,isotonic,isotonic
algebra2005,question,deep,simplekt,4,platt,0.022666623861301905,0.022538026198905377,isotonic,isotonic
algebra2005,question,deep,simplekt,4,isotonic,0.005607125769904195,0.005323936391531032,isotonic,isotonic
algebra2005,question,deep,simplekt,4,temperature,0.034192428007279736,0.03461655604375846,isotonic,isotonic
algebra2005,question,classical,bkt,0,none,0.011568025069136246,0.01181817879424421,none,none
algebra2005,question,classical,bkt,0,platt,0.01633353528496067,0.01673443125217673,none,none
algebra2005,question,classical,bkt,0,isotonic,0.015110266657257995,0.015084595273786106,none,none
algebra2005,question,classical,bkt,0,temperature,0.012506752179265392,0.013378954939550115,none,none
algebra2005,question,classical,bkt,1,none,0.014804421071967219,0.014433227762466508,temperature,none
algebra2005,question,classical,bkt,1,platt,0.018466844219196945,0.019603448305310352,temperature,none
algebra2005,question,classical,bkt,1,isotonic,0.015133122592670823,0.015846836466821324,temperature,none
algebra2005,question,classical,bkt,1,temperature,0.012128590041425767,0.015017611403677616,temperature,none
algebra2005,question,classical,bkt,2,none,0.010821430607099707,0.011115733387601955,isotonic,isotonic
algebra2005,question,classical,bkt,2,platt,0.010087541381952331,0.009751550511968948,isotonic,isotonic
algebra2005,question,classical,bkt,2,isotonic,0.006888366980513815,0.007349738893389601,isotonic,isotonic
algebra2005,question,classical,bkt,2,temperature,0.009066518113827825,0.010331795619782693,isotonic,isotonic
algebra2005,question,classical,bkt,3,none,0.010838485938406675,0.012451691175607488,isotonic,isotonic
algebra2005,question,classical,bkt,3,platt,0.011308048739718848,0.00944795713614787,isotonic,isotonic
algebra2005,question,classical,bkt,3,isotonic,0.008437443657098913,0.007180733215329664,isotonic,isotonic
algebra2005,question,classical,bkt,3,temperature,0.010039585624444607,0.010503963215674235,isotonic,isotonic
algebra2005,question,classical,bkt,4,none,0.01311300644278719,0.012400969768944902,isotonic,isotonic
algebra2005,question,classical,bkt,4,platt,0.011607924737039421,0.009204770822228208,isotonic,isotonic
algebra2005,question,classical,bkt,4,isotonic,0.006502154496033667,0.0060952128315200586,isotonic,isotonic
algebra2005,question,classical,bkt,4,temperature,0.010123306250107402,0.010603198043674733,isotonic,isotonic
algebra2005,question,classical,pfa,0,none,0.03289777408588202,0.03484869429006961,isotonic,isotonic
algebra2005,question,classical,pfa,0,platt,0.018107503373279963,0.019673830113870784,isotonic,isotonic
algebra2005,question,classical,pfa,0,isotonic,0.01320170721342882,0.011649538824032241,isotonic,isotonic
algebra2005,question,classical,pfa,0,temperature,0.05418289775949529,0.05418289775949556,isotonic,isotonic
algebra2005,question,classical,pfa,1,none,0.03531520490245504,0.03738078558816321,isotonic,isotonic
algebra2005,question,classical,pfa,1,platt,0.021192292923012626,0.019966212717485214,isotonic,isotonic
algebra2005,question,classical,pfa,1,isotonic,0.017406892487471258,0.01530357343734173,isotonic,isotonic
algebra2005,question,classical,pfa,1,temperature,0.05406897471911334,0.05406897471911337,isotonic,isotonic
algebra2005,question,classical,pfa,2,none,0.03593191749589054,0.03765498212297744,isotonic,isotonic
algebra2005,question,classical,pfa,2,platt,0.01322099985578923,0.01774516939879585,isotonic,isotonic
algebra2005,question,classical,pfa,2,isotonic,0.003996781999085031,0.0033056296463224266,isotonic,isotonic
algebra2005,question,classical,pfa,2,temperature,0.04997690776826436,0.049976907768264585,isotonic,isotonic
algebra2005,question,classical,pfa,3,none,0.03302954771471978,0.03485781047401429,isotonic,isotonic
algebra2005,question,classical,pfa,3,platt,0.011701781261693826,0.014667688156517446,isotonic,isotonic
algebra2005,question,classical,pfa,3,isotonic,0.00524731946135073,0.007227157720219272,isotonic,isotonic
algebra2005,question,classical,pfa,3,temperature,0.04376134618414196,0.04409722335570755,isotonic,isotonic
algebra2005,question,classical,pfa,4,none,0.03752134876530182,0.03869641973648966,isotonic,isotonic
algebra2005,question,classical,pfa,4,platt,0.008729436195264152,0.012426729828636828,isotonic,isotonic
algebra2005,question,classical,pfa,4,isotonic,0.006212237989740156,0.005682274879604755,isotonic,isotonic
algebra2005,question,classical,pfa,4,temperature,0.04509301524102619,0.04466183429105308,isotonic,isotonic
algebra2005,question,classical,pfa_recency,0,none,0.03593917063661292,0.039825709612716385,isotonic,isotonic
algebra2005,question,classical,pfa_recency,0,platt,0.017868699923528266,0.023723224946161258,isotonic,isotonic
algebra2005,question,classical,pfa_recency,0,isotonic,0.012892235475268115,0.011767362529039354,isotonic,isotonic
algebra2005,question,classical,pfa_recency,0,temperature,0.06634123617953233,0.06634123617953223,isotonic,isotonic
algebra2005,question,classical,pfa_recency,1,none,0.036694265480430775,0.04151450830609853,isotonic,isotonic
algebra2005,question,classical,pfa_recency,1,platt,0.022698295766369187,0.025176274369427737,isotonic,isotonic
algebra2005,question,classical,pfa_recency,1,isotonic,0.01742381203563955,0.01597312783909189,isotonic,isotonic
algebra2005,question,classical,pfa_recency,1,temperature,0.06604391266878284,0.06604391266878298,isotonic,isotonic
algebra2005,question,classical,pfa_recency,2,none,0.03676533641493106,0.03704893528248345,isotonic,isotonic
algebra2005,question,classical,pfa_recency,2,platt,0.019417566989879415,0.02081956355330191,isotonic,isotonic
algebra2005,question,classical,pfa_recency,2,isotonic,0.00521198563245547,0.0053705634577657715,isotonic,isotonic
algebra2005,question,classical,pfa_recency,2,temperature,0.058178086402038934,0.05817808640203875,isotonic,isotonic
algebra2005,question,classical,pfa_recency,3,none,0.03702595758526504,0.041347853411278376,isotonic,isotonic
algebra2005,question,classical,pfa_recency,3,platt,0.017817428256431088,0.020070513686392944,isotonic,isotonic
algebra2005,question,classical,pfa_recency,3,isotonic,0.005395114252848775,0.0078977968134077,isotonic,isotonic
algebra2005,question,classical,pfa_recency,3,temperature,0.055203661834752595,0.05520366183475251,isotonic,isotonic
algebra2005,question,classical,pfa_recency,4,none,0.039285808882673585,0.04009410895347927,isotonic,isotonic
algebra2005,question,classical,pfa_recency,4,platt,0.01856001788100607,0.01878273639231413,isotonic,isotonic
algebra2005,question,classical,pfa_recency,4,isotonic,0.005632288918054403,0.006479308612957182,isotonic,isotonic
algebra2005,question,classical,pfa_recency,4,temperature,0.05402058515009965,0.05402058515009983,isotonic,isotonic
algebra2005,question,classical,elorasch,0,none,0.06304581549755381,0.06273474190651526,temperature,temperature
algebra2005,question,classical,elorasch,0,platt,0.017468164271805198,0.016739049795928055,temperature,temperature
algebra2005,question,classical,elorasch,0,isotonic,0.011887754420092355,0.011453200288974532,temperature,temperature
algebra2005,question,classical,elorasch,0,temperature,0.0112363835379638,0.011204931929527961,temperature,temperature
algebra2005,question,classical,elorasch,1,none,0.0639552729945456,0.06252394592978223,temperature,temperature
algebra2005,question,classical,elorasch,1,platt,0.023675306599975104,0.021707154924816136,temperature,temperature
algebra2005,question,classical,elorasch,1,isotonic,0.024033860947918394,0.022851994848986354,temperature,temperature
algebra2005,question,classical,elorasch,1,temperature,0.015767758023648715,0.013278479619832913,temperature,temperature
algebra2005,question,classical,elorasch,2,none,0.06046449357305395,0.060322374443350604,isotonic,isotonic
algebra2005,question,classical,elorasch,2,platt,0.016295525170571402,0.014847161094257445,isotonic,isotonic
algebra2005,question,classical,elorasch,2,isotonic,0.008473611934882372,0.009311140045748732,isotonic,isotonic
algebra2005,question,classical,elorasch,2,temperature,0.011764524114058086,0.010939406431725859,isotonic,isotonic
algebra2005,question,classical,elorasch,3,none,0.06188932369459448,0.062141044733233106,isotonic,isotonic
algebra2005,question,classical,elorasch,3,platt,0.014896757570099657,0.015395801252365516,isotonic,isotonic
algebra2005,question,classical,elorasch,3,isotonic,0.0075071695535258364,0.007560357729802268,isotonic,isotonic
algebra2005,question,classical,elorasch,3,temperature,0.011760465409523389,0.01194467535973969,isotonic,isotonic
algebra2005,question,classical,elorasch,4,none,0.060837661119567635,0.061092867250188185,isotonic,isotonic
algebra2005,question,classical,elorasch,4,platt,0.012040520510080345,0.011987950169786675,isotonic,isotonic
algebra2005,question,classical,elorasch,4,isotonic,0.008311232145012833,0.007791432519994668,isotonic,isotonic
algebra2005,question,classical,elorasch,4,temperature,0.01126574826330858,0.011643325080450394,isotonic,isotonic
assist2009,concept,deep,dkt,0,none,0.007414167955992682,0.00789871165083305,none,temperature
assist2009,concept,deep,dkt,0,platt,0.010000022346996658,0.00968894577788177,none,temperature
assist2009,concept,deep,dkt,0,isotonic,0.009417894153786532,0.010031245141951884,none,temperature
assist2009,concept,deep,dkt,0,temperature,0.008120449276408958,0.007737458834409485,none,temperature
assist2009,concept,deep,dkt,1,none,0.008644893486503342,0.00840257628374597,temperature,temperature
assist2009,concept,deep,dkt,1,platt,0.012108076848617123,0.01291755706496389,temperature,temperature
assist2009,concept,deep,dkt,1,isotonic,0.012392594600446994,0.012400693155218277,temperature,temperature
assist2009,concept,deep,dkt,1,temperature,0.0064233160343548906,0.0073627059652813225,temperature,temperature
assist2009,concept,deep,dkt,2,none,0.010021374641505458,0.01098000688890228,none,none
assist2009,concept,deep,dkt,2,platt,0.010717851716632774,0.011359421184978513,none,none
assist2009,concept,deep,dkt,2,isotonic,0.011096229315564081,0.01127778888851097,none,none
assist2009,concept,deep,dkt,2,temperature,0.011998412641861958,0.012719746078151045,none,none
assist2009,concept,deep,dkt,3,none,0.0070721255327803705,0.007760002963716456,temperature,temperature
assist2009,concept,deep,dkt,3,platt,0.01074252809428395,0.011413766887445283,temperature,temperature
assist2009,concept,deep,dkt,3,isotonic,0.011735547916745786,0.011722404714788469,temperature,temperature
assist2009,concept,deep,dkt,3,temperature,0.0068087943636340985,0.007735730204079984,temperature,temperature
assist2009,concept,deep,dkt,4,none,0.01264908009171397,0.011093485116689675,isotonic,isotonic
assist2009,concept,deep,dkt,4,platt,0.008538833539253669,0.00817781792490642,isotonic,isotonic
assist2009,concept,deep,dkt,4,isotonic,0.006738685897324672,0.005217002757710511,isotonic,isotonic
assist2009,concept,deep,dkt,4,temperature,0.008339507645449174,0.00839172713727683,isotonic,isotonic
assist2009,concept,deep,sakt,0,none,0.04015854801080865,0.04062687297792829,isotonic,isotonic
assist2009,concept,deep,sakt,0,platt,0.012814247759951013,0.011885130614459807,isotonic,isotonic
assist2009,concept,deep,sakt,0,isotonic,0.010047348576907584,0.011498975881685273,isotonic,isotonic
assist2009,concept,deep,sakt,0,temperature,0.011277537832232424,0.012315099467375887,isotonic,isotonic
assist2009,concept,deep,sakt,1,none,0.04249956474733232,0.041137135064651324,isotonic,isotonic
assist2009,concept,deep,sakt,1,platt,0.01142508903273787,0.011344752524338081,isotonic,isotonic
assist2009,concept,deep,sakt,1,isotonic,0.009272738106951261,0.009820972090786018,isotonic,isotonic
assist2009,concept,deep,sakt,1,temperature,0.01264064646680113,0.01260558759751588,isotonic,isotonic
assist2009,concept,deep,sakt,2,none,0.03825182835630443,0.03802240754817806,platt,platt
assist2009,concept,deep,sakt,2,platt,0.01208777048152743,0.012174909051263332,platt,platt
assist2009,concept,deep,sakt,2,isotonic,0.012917450556114088,0.013039929513264874,platt,platt
assist2009,concept,deep,sakt,2,temperature,0.012530093084826732,0.012588400764195458,platt,platt
assist2009,concept,deep,sakt,3,none,0.04516834967189442,0.04443663732171214,isotonic,platt
assist2009,concept,deep,sakt,3,platt,0.011542348444524387,0.011438867692900236,isotonic,platt
assist2009,concept,deep,sakt,3,isotonic,0.009497674172773833,0.012952813136995122,isotonic,platt
assist2009,concept,deep,sakt,3,temperature,0.01675310679883543,0.017162823707880387,isotonic,platt
assist2009,concept,deep,sakt,4,none,0.033467823304739054,0.03330800086472873,temperature,temperature
assist2009,concept,deep,sakt,4,platt,0.009484380869694616,0.009736494729290493,temperature,temperature
assist2009,concept,deep,sakt,4,isotonic,0.009194434244967936,0.010848389070703885,temperature,temperature
assist2009,concept,deep,sakt,4,temperature,0.006763850695865125,0.007002374391891164,temperature,temperature
assist2009,concept,deep,akt,0,none,0.010144944341557658,0.009800830360641128,temperature,temperature
assist2009,concept,deep,akt,0,platt,0.008486001683560366,0.008865189813897695,temperature,temperature
assist2009,concept,deep,akt,0,isotonic,0.007887645057344302,0.007480664851884014,temperature,temperature
assist2009,concept,deep,akt,0,temperature,0.0049820333429126925,0.005964704863943021,temperature,temperature
assist2009,concept,deep,akt,1,none,0.006168805380620897,0.006244251869088995,temperature,temperature
assist2009,concept,deep,akt,1,platt,0.010829316918694232,0.010252620757575721,temperature,temperature
assist2009,concept,deep,akt,1,isotonic,0.010009683579694553,0.009946449584810814,temperature,temperature
assist2009,concept,deep,akt,1,temperature,0.003514278877891785,0.003155634020948791,temperature,temperature
assist2009,concept,deep,akt,2,none,0.0074279251457233944,0.007705050413442109,temperature,temperature
assist2009,concept,deep,akt,2,platt,0.011182141564392295,0.010563002194723538,temperature,temperature
assist2009,concept,deep,akt,2,isotonic,0.01103709670912499,0.010664969978522563,temperature,temperature
assist2009,concept,deep,akt,2,temperature,0.006410879677479532,0.006739229287786006,temperature,temperature
assist2009,concept,deep,akt,3,none,0.007119898870692492,0.007159071210968424,temperature,temperature
assist2009,concept,deep,akt,3,platt,0.011303491149705141,0.011240711390557523,temperature,temperature
assist2009,concept,deep,akt,3,isotonic,0.011482638242464968,0.011009851251254017,temperature,temperature
assist2009,concept,deep,akt,3,temperature,0.005098444517861489,0.005117219338104236,temperature,temperature
assist2009,concept,deep,akt,4,none,0.019155259687143166,0.01920677367442673,platt,platt
assist2009,concept,deep,akt,4,platt,0.00595140028157385,0.0064465205183416845,platt,platt
assist2009,concept,deep,akt,4,isotonic,0.006170731862992517,0.00659766872224553,platt,platt
assist2009,concept,deep,akt,4,temperature,0.011930835037558481,0.01224684877105989,platt,platt
assist2009,concept,deep,simplekt,0,none,0.055354763466805575,0.0555316757314243,isotonic,isotonic
assist2009,concept,deep,simplekt,0,platt,0.00920960731855195,0.009296153017329655,isotonic,isotonic
assist2009,concept,deep,simplekt,0,isotonic,0.0089113230670583,0.008182600281741592,isotonic,isotonic
assist2009,concept,deep,simplekt,0,temperature,0.00942013523729188,0.010416951568271094,isotonic,isotonic
assist2009,concept,deep,simplekt,1,none,0.09806807461820578,0.09835183620606722,platt,platt
assist2009,concept,deep,simplekt,1,platt,0.012709493604137527,0.013187489412456347,platt,platt
assist2009,concept,deep,simplekt,1,isotonic,0.014142313464093729,0.013249972297795674,platt,platt
assist2009,concept,deep,simplekt,1,temperature,0.03770854641896975,0.03770854641897,platt,platt
assist2009,concept,deep,simplekt,2,none,0.011859834272036011,0.009912491377528752,temperature,temperature
assist2009,concept,deep,simplekt,2,platt,0.012785487474010454,0.011914244705042583,temperature,temperature
assist2009,concept,deep,simplekt,2,isotonic,0.01310922076198847,0.012697611502233476,temperature,temperature
assist2009,concept,deep,simplekt,2,temperature,0.011758301856333085,0.00945730864249291,temperature,temperature
assist2009,concept,deep,simplekt,3,none,0.03321059344688673,0.03292701410457878,platt,isotonic
assist2009,concept,deep,simplekt,3,platt,0.011650454138134356,0.012457985959433293,platt,isotonic
assist2009,concept,deep,simplekt,3,isotonic,0.01293019119429182,0.0120634356849888,platt,isotonic
assist2009,concept,deep,simplekt,3,temperature,0.013156532927669199,0.013238530926872858,platt,isotonic
assist2009,concept,deep,simplekt,4,none,0.08653906019980608,0.08469362600633391,isotonic,isotonic
assist2009,concept,deep,simplekt,4,platt,0.008719092166905402,0.010076182352781241,isotonic,isotonic
assist2009,concept,deep,simplekt,4,isotonic,0.007397662706468434,0.005904588384143077,isotonic,isotonic
assist2009,concept,deep,simplekt,4,temperature,0.012471222868183808,0.012819073161524185,isotonic,isotonic
assist2009,question,deep,dkt,0,none,0.009353178704023097,0.010547012668886583,temperature,temperature
assist2009,question,deep,dkt,0,platt,0.011849112771167111,0.012899969952242138,temperature,temperature
assist2009,question,deep,dkt,0,isotonic,0.011967688904565404,0.013654230172962049,temperature,temperature
assist2009,question,deep,dkt,0,temperature,0.005372816486357153,0.006493937068094804,temperature,temperature
assist2009,question,deep,dkt,1,none,0.008750863091820481,0.009456853063880293,none,none
assist2009,question,deep,dkt,1,platt,0.015137436368822659,0.015137436368822269,none,none
assist2009,question,deep,dkt,1,isotonic,0.015119137649297726,0.015119137649297525,none,none
assist2009,question,deep,dkt,1,temperature,0.00886008575060767,0.00967280910483252,none,none
assist2009,question,deep,dkt,2,none,0.011353559536112005,0.010700193286638347,temperature,temperature
assist2009,question,deep,dkt,2,platt,0.013860738111534598,0.013860738111534756,temperature,temperature
assist2009,question,deep,dkt,2,isotonic,0.013669099759398588,0.013616552624765191,temperature,temperature
assist2009,question,deep,dkt,2,temperature,0.008059082870173392,0.00855394700245857,temperature,temperature
assist2009,question,deep,dkt,3,none,0.013117269491331013,0.012311042216863766,temperature,temperature
assist2009,question,deep,dkt,3,platt,0.013098877995793392,0.013098877995793465,temperature,temperature
assist2009,question,deep,dkt,3,isotonic,0.014107965306521099,0.01301162817792868,temperature,temperature
assist2009,question,deep,dkt,3,temperature,0.0041669095931617765,0.005367589681845455,temperature,temperature
assist2009,question,deep,dkt,4,none,0.01750907490335706,0.01697566884831786,temperature,isotonic
assist2009,question,deep,dkt,4,platt,0.008555661616429915,0.008327138731325694,temperature,isotonic
assist2009,question,deep,dkt,4,isotonic,0.006879966818793548,0.006892945223006908,temperature,isotonic
assist2009,question,deep,dkt,4,temperature,0.006456197985949169,0.007594820125854558,temperature,isotonic
assist2009,question,deep,sakt,0,none,0.04485981551651553,0.04531055230221606,platt,platt
assist2009,question,deep,sakt,0,platt,0.013042891159063204,0.013042891159063034,platt,platt
assist2009,question,deep,sakt,0,isotonic,0.013431905710181184,0.013391998353647535,platt,platt
assist2009,question,deep,sakt,0,temperature,0.013458807548733577,0.014812563154183547,platt,platt
assist2009,question,deep,sakt,1,none,0.04601402954797733,0.045186667049412474,temperature,temperature
assist2009,question,deep,sakt,1,platt,0.01153048187675425,0.013155177009961197,temperature,temperature
assist2009,question,deep,sakt,1,isotonic,0.011223355233209316,0.011577476056521227,temperature,temperature
assist2009,question,deep,sakt,1,temperature,0.007715698232563059,0.008124649807454358,temperature,temperature
assist2009,question,deep,sakt,2,none,0.04174694951582612,0.04137373406820529,temperature,temperature
assist2009,question,deep,sakt,2,platt,0.014381905581567116,0.014381905581567558,temperature,temperature
assist2009,question,deep,sakt,2,isotonic,0.015240506607162824,0.014550329937924053,temperature,temperature
assist2009,question,deep,sakt,2,temperature,0.006322848983381692,0.007101184559704337,temperature,temperature
assist2009,question,deep,sakt,3,none,0.04857096872966642,0.04797731082787921,temperature,temperature
assist2009,question,deep,sakt,3,platt,0.011410609519939472,0.01173288239831172,temperature,temperature
assist2009,question,deep,sakt,3,isotonic,0.0144541839922199,0.014751189229650572,temperature,temperature
assist2009,question,deep,sakt,3,temperature,0.010138285781413322,0.010878737338897387,temperature,temperature
assist2009,question,deep,sakt,4,none,0.037117009224173984,0.03652333984001223,temperature,temperature
assist2009,question,deep,sakt,4,platt,0.010167532948825782,0.009991680593800815,temperature,temperature
assist2009,question,deep,sakt,4,isotonic,0.01102664777935845,0.01304592862847424,temperature,temperature
assist2009,question,deep,sakt,4,temperature,0.0075853255952431625,0.0068896065826960316,temperature,temperature
assist2009,question,deep,akt,0,none,0.022128878172005702,0.021735660427909795,temperature,temperature
assist2009,question,deep,akt,0,platt,0.012379491386301178,0.01202036455386474,temperature,temperature
assist2009,question,deep,akt,0,isotonic,0.010828724115282276,0.010822321060997484,temperature,temperature
assist2009,question,deep,akt,0,temperature,0.007884017843735165,0.006827328338422806,temperature,temperature
assist2009,question,deep,akt,1,none,0.0168642611091979,0.017052874421096948,temperature,temperature
assist2009,question,deep,akt,1,platt,0.014141267101871713,0.012769141484799917,temperature,temperature
assist2009,question,deep,akt,1,isotonic,0.01298766452296114,0.01298766452296051,temperature,temperature
assist2009,question,deep,akt,1,temperature,0.005211433924377969,0.005349415245830181,temperature,temperature
assist2009,question,deep,akt,2,none,0.01870813143491422,0.018555216825506142,temperature,temperature
assist2009,question,deep,akt,2,platt,0.014653087733599399,0.01362921523477817,temperature,temperature
assist2009,question,deep,akt,2,isotonic,0.013573417923260046,0.013511259896740036,temperature,temperature
assist2009,question,deep,akt,2,temperature,0.006607801273302733,0.005614961221664903,temperature,temperature
assist2009,question,deep,akt,3,none,0.0189458491215981,0.019604041795843356,temperature,temperature
assist2009,question,deep,akt,3,platt,0.01428296633068283,0.013502286212333407,temperature,temperature
assist2009,question,deep,akt,3,isotonic,0.013989774837396511,0.012990236585569574,temperature,temperature
assist2009,question,deep,akt,3,temperature,0.00702242208868947,0.00837887122139858,temperature,temperature
assist2009,question,deep,akt,4,none,0.02866362192368073,0.02709303976729054,isotonic,temperature
assist2009,question,deep,akt,4,platt,0.010999248337076042,0.010620140792355296,isotonic,temperature
assist2009,question,deep,akt,4,isotonic,0.007859862834236378,0.010726701035815014,isotonic,temperature
assist2009,question,deep,akt,4,temperature,0.010795859924292394,0.010342184933563158,isotonic,temperature
assist2009,question,deep,simplekt,0,none,0.0797480231178476,0.08049083706510504,temperature,temperature
assist2009,question,deep,simplekt,0,platt,0.014284561245991447,0.012007500356736575,temperature,temperature
assist2009,question,deep,simplekt,0,isotonic,0.010529476326666915,0.010912330829006067,temperature,temperature
assist2009,question,deep,simplekt,0,temperature,0.010038345102244977,0.007835178721503503,temperature,temperature
assist2009,question,deep,simplekt,1,none,0.12644144945841507,0.12603395146783022,isotonic,isotonic
assist2009,question,deep,simplekt,1,platt,0.01700033057556475,0.016392437575558656,isotonic,isotonic
assist2009,question,deep,simplekt,1,isotonic,0.015658279292490248,0.016367730407926846,isotonic,isotonic
assist2009,question,deep,simplekt,1,temperature,0.04744100496974309,0.046705413574608716,isotonic,isotonic
assist2009,question,deep,simplekt,2,none,0.02520281126803681,0.024650914762506183,temperature,temperature
assist2009,question,deep,simplekt,2,platt,0.018652505247033588,0.016483982146437138,temperature,temperature
assist2009,question,deep,simplekt,2,isotonic,0.017391643073966262,0.01582476015504413,temperature,temperature
assist2009,question,deep,simplekt,2,temperature,0.013967617726896852,0.014392939550206126,temperature,temperature
assist2009,question,deep,simplekt,3,none,0.05708103877215112,0.057252983503655194,isotonic,isotonic
assist2009,question,deep,simplekt,3,platt,0.01600245887617726,0.015174780188959593,isotonic,isotonic
assist2009,question,deep,simplekt,3,isotonic,0.015927181770673034,0.015157768439463475,isotonic,isotonic
assist2009,question,deep,simplekt,3,temperature,0.02080434853241807,0.02049028561128573,isotonic,isotonic
assist2009,question,deep,simplekt,4,none,0.11281384391625562,0.10963582118115356,isotonic,isotonic
assist2009,question,deep,simplekt,4,platt,0.01175669602779302,0.010225289147099298,isotonic,isotonic
assist2009,question,deep,simplekt,4,isotonic,0.008853975863846675,0.008423519438295468,isotonic,isotonic
assist2009,question,deep,simplekt,4,temperature,0.009984010196616062,0.00895601521917016,isotonic,isotonic
assist2009,question,classical,bkt,0,none,0.02015164326334691,0.020236142940127072,isotonic,isotonic
assist2009,question,classical,bkt,0,platt,0.015003496848048994,0.014670212550154877,isotonic,isotonic
assist2009,question,classical,bkt,0,isotonic,0.012387144260026744,0.012511030421572143,isotonic,isotonic
assist2009,question,classical,bkt,0,temperature,0.02024248923577706,0.020288185259379414,isotonic,isotonic
assist2009,question,classical,bkt,1,none,0.019434666712362852,0.019419792537373883,isotonic,isotonic
assist2009,question,classical,bkt,1,platt,0.019705775649154655,0.019601454223077224,isotonic,isotonic
assist2009,question,classical,bkt,1,isotonic,0.016625732633153697,0.015723669727848427,isotonic,isotonic
assist2009,question,classical,bkt,1,temperature,0.01919255117072736,0.019141065660593277,isotonic,isotonic
assist2009,question,classical,bkt,2,none,0.018572046994744115,0.018533918473442143,platt,platt
assist2009,question,classical,bkt,2,platt,0.01714260030921733,0.017531952584482733,platt,platt
assist2009,question,classical,bkt,2,isotonic,0.01747055422405169,0.018386718369153524,platt,platt
assist2009,question,classical,bkt,2,temperature,0.019137294678862438,0.01949613719819976,platt,platt
assist2009,question,classical,bkt,3,none,0.02067086820016402,0.01952490398059634,platt,isotonic
assist2009,question,classical,bkt,3,platt,0.018412837351718354,0.01959551412625594,platt,isotonic
assist2009,question,classical,bkt,3,isotonic,0.01847258800317541,0.018140619096825954,platt,isotonic
assist2009,question,classical,bkt,3,temperature,0.019866565697998464,0.021089943524914834,platt,isotonic
assist2009,question,classical,bkt,4,none,0.020264398007528793,0.021362108371641365,isotonic,isotonic
assist2009,question,classical,bkt,4,platt,0.01328488361373362,0.015820774618298155,isotonic,isotonic
assist2009,question,classical,bkt,4,isotonic,0.008813978312509543,0.010396523746293566,isotonic,isotonic
assist2009,question,classical,bkt,4,temperature,0.020227061580778864,0.02132979423488151,isotonic,isotonic
assist2009,question,classical,pfa,0,none,0.02798754298572232,0.02424663004839055,isotonic,isotonic
assist2009,question,classical,pfa,0,platt,0.03811320908207314,0.0373896817807715,isotonic,isotonic
assist2009,question,classical,pfa,0,isotonic,0.015262536408612252,0.014995140195758027,isotonic,isotonic
assist2009,question,classical,pfa,0,temperature,0.033795320909558293,0.03457666191627848,isotonic,isotonic
assist2009,question,classical,pfa,1,none,0.026091539713845133,0.023635596028956585,isotonic,isotonic
assist2009,question,classical,pfa,1,platt,0.03268391593007362,0.03434594337339668,isotonic,isotonic
assist2009,question,classical,pfa,1,isotonic,0.014316639902458418,0.012311877726743421,isotonic,isotonic
assist2009,question,classical,pfa,1,temperature,0.03204696701277589,0.029894217021117855,isotonic,isotonic
assist2009,question,classical,pfa,2,none,0.025470043423602914,0.024935158394878008,isotonic,isotonic
assist2009,question,classical,pfa,2,platt,0.04413148323945859,0.04693069758263685,isotonic,isotonic
assist2009,question,classical,pfa,2,isotonic,0.020853404139425345,0.020831308364708086,isotonic,isotonic
assist2009,question,classical,pfa,2,temperature,0.040534400873084124,0.036492953104631014,isotonic,isotonic
assist2009,question,classical,pfa,3,none,0.026009163760780874,0.022531748391115394,isotonic,isotonic
assist2009,question,classical,pfa,3,platt,0.038149730576707834,0.03896695044892187,isotonic,isotonic
assist2009,question,classical,pfa,3,isotonic,0.020403680984440675,0.01895188721256904,isotonic,isotonic
assist2009,question,classical,pfa,3,temperature,0.0355969562757848,0.0326935144357941,isotonic,isotonic
assist2009,question,classical,pfa,4,none,0.026110675794539327,0.025017497439174405,isotonic,isotonic
assist2009,question,classical,pfa,4,platt,0.037187812300051235,0.03553768812877479,isotonic,isotonic
assist2009,question,classical,pfa,4,isotonic,0.01138255360476118,0.011918634081795637,isotonic,isotonic
assist2009,question,classical,pfa,4,temperature,0.037477960421992175,0.03320242320730479,isotonic,isotonic
assist2009,question,classical,pfa_recency,0,none,0.022275299452902724,0.02175662743938084,isotonic,isotonic
assist2009,question,classical,pfa_recency,0,platt,0.03420058595739078,0.033147362405075265,isotonic,isotonic
assist2009,question,classical,pfa_recency,0,isotonic,0.011194740907493232,0.011066071825733437,isotonic,isotonic
assist2009,question,classical,pfa_recency,0,temperature,0.029838830733064457,0.02714245789347403,isotonic,isotonic
assist2009,question,classical,pfa_recency,1,none,0.02129856307032397,0.02071464612033507,isotonic,isotonic
assist2009,question,classical,pfa_recency,1,platt,0.03096064846154325,0.02902913157030116,isotonic,isotonic
assist2009,question,classical,pfa_recency,1,isotonic,0.011447581519598167,0.01010823974863109,isotonic,isotonic
assist2009,question,classical,pfa_recency,1,temperature,0.026452932179180967,0.02542563921546826,isotonic,isotonic
assist2009,question,classical,pfa_recency,2,none,0.022785973036810247,0.02172006714536059,isotonic,isotonic
assist2009,question,classical,pfa_recency,2,platt,0.03685738089006109,0.03962510672631596,isotonic,isotonic
assist2009,question,classical,pfa_recency,2,isotonic,0.017666543130706768,0.018560134971230272,isotonic,isotonic
assist2009,question,classical,pfa_recency,2,temperature,0.03300366184960174,0.030261705268563234,isotonic,isotonic
assist2009,question,classical,pfa_recency,3,none,0.01964588596911202,0.019754656264253344,isotonic,isotonic
assist2009,question,classical,pfa_recency,3,platt,0.03324713535054156,0.0345224524456184,isotonic,isotonic
assist2009,question,classical,pfa_recency,3,isotonic,0.015726125194359078,0.015753948023805055,isotonic,isotonic
assist2009,question,classical,pfa_recency,3,temperature,0.02872859377636306,0.027697199894970506,isotonic,isotonic
assist2009,question,classical,pfa_recency,4,none,0.020478428936349848,0.020269196361414343,isotonic,isotonic
assist2009,question,classical,pfa_recency,4,platt,0.03230163229547986,0.029851412045292017,isotonic,isotonic
assist2009,question,classical,pfa_recency,4,isotonic,0.009563379112358312,0.009716997315345253,isotonic,isotonic
assist2009,question,classical,pfa_recency,4,temperature,0.028680243134744834,0.02749515367777709,isotonic,isotonic
assist2009,question,classical,elorasch,0,none,0.06463177057865391,0.06522278278841533,isotonic,platt
assist2009,question,classical,elorasch,0,platt,0.009612672571154062,0.009531039292229556,isotonic,platt
assist2009,question,classical,elorasch,0,isotonic,0.007594704742551078,0.010918875160455834,isotonic,platt
assist2009,question,classical,elorasch,0,temperature,0.02572584178497345,0.02684311521686449,isotonic,platt
assist2009,question,classical,elorasch,1,none,0.061891128855077936,0.06404744664495593,isotonic,isotonic
assist2009,question,classical,elorasch,1,platt,0.007201805217282465,0.00847264290452563,isotonic,isotonic
assist2009,question,classical,elorasch,1,isotonic,0.0057941857425661755,0.0071661344543172715,isotonic,isotonic
assist2009,question,classical,elorasch,1,temperature,0.02562157983831,0.026575120561013212,isotonic,isotonic
assist2009,question,classical,elorasch,2,none,0.062393522142799134,0.06427509421518345,platt,platt
assist2009,question,classical,elorasch,2,platt,0.006294274959158302,0.006433489051211061,platt,platt
assist2009,question,classical,elorasch,2,isotonic,0.008985303105518582,0.007790692997844457,platt,platt
assist2009,question,classical,elorasch,2,temperature,0.026116958328879874,0.02584620035575144,platt,platt
assist2009,question,classical,elorasch,3,none,0.06341872480208628,0.06492795779087372,isotonic,isotonic
assist2009,question,classical,elorasch,3,platt,0.010567237710625281,0.013514230637813568,isotonic,isotonic
assist2009,question,classical,elorasch,3,isotonic,0.008998661779268575,0.009888827826046154,isotonic,isotonic
assist2009,question,classical,elorasch,3,temperature,0.026668071376665707,0.02885553682374363,isotonic,isotonic
assist2009,question,classical,elorasch,4,none,0.06250959716589143,0.064393474353581,platt,platt
assist2009,question,classical,elorasch,4,platt,0.007226356411974962,0.008899330248275023,platt,platt
assist2009,question,classical,elorasch,4,isotonic,0.01280538834804331,0.011561751110250464,platt,platt
assist2009,question,classical,elorasch,4,temperature,0.026611393333166315,0.02764028336743103,platt,platt
assist2012,concept,deep,dkt,0,none,0.00733443958922635,0.007334439589226397,platt,platt
assist2012,concept,deep,dkt,0,platt,0.0014745746934751354,0.0016161404154830532,platt,platt
assist2012,concept,deep,dkt,0,isotonic,0.0018169537277223755,0.0026365887230313362,platt,platt
assist2012,concept,deep,dkt,0,temperature,0.003900915422952877,0.004398698254742032,platt,platt
assist2012,concept,deep,dkt,1,none,0.004062615311561589,0.0037678372706220296,isotonic,platt
assist2012,concept,deep,dkt,1,platt,0.0023714329165505314,0.0023090095275332253,isotonic,platt
assist2012,concept,deep,dkt,1,isotonic,0.0023389932651084896,0.0027739289927456745,isotonic,platt
assist2012,concept,deep,dkt,1,temperature,0.003366175249995555,0.0038142203966487556,isotonic,platt
assist2012,concept,deep,dkt,2,none,0.003411174189277672,0.0031831179684025843,isotonic,platt
assist2012,concept,deep,dkt,2,platt,0.0026035753058658733,0.0021874745178627007,isotonic,platt
assist2012,concept,deep,dkt,2,isotonic,0.00205412019124708,0.002679515455920697,isotonic,platt
assist2012,concept,deep,dkt,2,temperature,0.0028100908667433996,0.002531261244952791,isotonic,platt
assist2012,concept,deep,dkt,3,none,0.0027990982008084305,0.002799098200808447,isotonic,platt
assist2012,concept,deep,dkt,3,platt,0.002824361602418297,0.0024646250963342798,isotonic,platt
assist2012,concept,deep,dkt,3,isotonic,0.0019205243690118088,0.0028487869837938583,isotonic,platt
assist2012,concept,deep,dkt,3,temperature,0.0024720370061368222,0.0024720370061359007,isotonic,platt
assist2012,concept,deep,dkt,4,none,0.010044976934628259,0.010044976934628228,platt,platt
assist2012,concept,deep,dkt,4,platt,0.0012198512727260625,0.0015551250815592258,platt,platt
assist2012,concept,deep,dkt,4,isotonic,0.002033991872261407,0.0019292491492146726,platt,platt
assist2012,concept,deep,dkt,4,temperature,0.003555836577730091,0.0036118707296003217,platt,platt
assist2012,concept,deep,sakt,0,none,0.007014077722941315,0.00707938082223402,isotonic,isotonic
assist2012,concept,deep,sakt,0,platt,0.0033214177078866977,0.0033055684037597262,isotonic,isotonic
assist2012,concept,deep,sakt,0,isotonic,0.0014683367936787607,0.0021169613551379066,isotonic,isotonic
assist2012,concept,deep,sakt,0,temperature,0.007857236515999733,0.007770506353327045,isotonic,isotonic
assist2012,concept,deep,sakt,1,none,0.012012684953517152,0.011791475699119234,isotonic,isotonic
assist2012,concept,deep,sakt,1,platt,0.004432183880056274,0.0044017663631723165,isotonic,isotonic
assist2012,concept,deep,sakt,1,isotonic,0.0031506238818682386,0.0034949449911454798,isotonic,isotonic
assist2012,concept,deep,sakt,1,temperature,0.005228355597519534,0.006036389334393119,isotonic,isotonic
assist2012,concept,deep,sakt,2,none,0.00930167440183071,0.009448310283390035,isotonic,isotonic
assist2012,concept,deep,sakt,2,platt,0.005456971719979631,0.005099419645556326,isotonic,isotonic
assist2012,concept,deep,sakt,2,isotonic,0.003691685417274694,0.0026706963067276383,isotonic,isotonic
assist2012,concept,deep,sakt,2,temperature,0.006613776415687303,0.007117266704109586,isotonic,isotonic
assist2012,concept,deep,sakt,3,none,0.007886583676008288,0.008144570999668772,isotonic,isotonic
assist2012,concept,deep,sakt,3,platt,0.00571450675407381,0.005890694684404816,isotonic,isotonic
assist2012,concept,deep,sakt,3,isotonic,0.0036388544452540398,0.0037075505624875865,isotonic,isotonic
assist2012,concept,deep,sakt,3,temperature,0.007238225754028336,0.007503250772602756,isotonic,isotonic
assist2012,concept,deep,sakt,4,none,0.025628893930610058,0.025467851201921538,isotonic,isotonic
assist2012,concept,deep,sakt,4,platt,0.004084308677190616,0.004047058661041858,isotonic,isotonic
assist2012,concept,deep,sakt,4,isotonic,0.0014704403236961716,0.0015126956261962503,isotonic,isotonic
assist2012,concept,deep,sakt,4,temperature,0.005563026280813438,0.004857116307536164,isotonic,isotonic
assist2012,concept,deep,akt,0,none,0.014982328060999452,0.014942619733217394,platt,platt
assist2012,concept,deep,akt,0,platt,0.001525833427794468,0.0016172327513632246,platt,platt
assist2012,concept,deep,akt,0,isotonic,0.001851211951803164,0.0017364463132303188,platt,platt
assist2012,concept,deep,akt,0,temperature,0.0048090854176744595,0.004552979084552646,platt,platt
assist2012,concept,deep,akt,1,none,0.014893701045132421,0.015017208438643117,platt,platt
assist2012,concept,deep,akt,1,platt,0.0019974084116476105,0.0018638583544875113,platt,platt
assist2012,concept,deep,akt,1,isotonic,0.002768246083518108,0.002868545244391547,platt,platt
assist2012,concept,deep,akt,1,temperature,0.004180233917740877,0.004071437926253601,platt,platt
assist2012,concept,deep,akt,2,none,0.014594792535657547,0.014765491338852622,isotonic,platt
assist2012,concept,deep,akt,2,platt,0.002428562311073722,0.0018035362796666938,isotonic,platt
assist2012,concept,deep,akt,2,isotonic,0.002125104448225432,0.0025890286809523207,isotonic,platt
assist2012,concept,deep,akt,2,temperature,0.0026110229342572104,0.002766226526340198,isotonic,platt
assist2012,concept,deep,akt,3,none,0.01399390726731168,0.014140388800520983,platt,platt
assist2012,concept,deep,akt,3,platt,0.0020187438307270617,0.0016314194382629399,platt,platt
assist2012,concept,deep,akt,3,isotonic,0.00219695868553471,0.002895735956270349,platt,platt
assist2012,concept,deep,akt,3,temperature,0.002191131267664149,0.001898849181501073,platt,platt
assist2012,concept,deep,akt,4,none,0.012408899082193591,0.012387974356343265,platt,platt
assist2012,concept,deep,akt,4,platt,0.0005990677770281811,0.0007482458906541516,platt,platt
assist2012,concept,deep,akt,4,isotonic,0.0018666050303576297,0.001999033268831828,platt,platt
assist2012,concept,deep,akt,4,temperature,0.004283971151737808,0.004307748250332729,platt,platt
assist2012,concept,deep,simplekt,0,none,0.017429344812549437,0.017807443914000395,isotonic,isotonic
assist2012,concept,deep,simplekt,0,platt,0.00296305909383362,0.003147889274445396,isotonic,isotonic
assist2012,concept,deep,simplekt,0,isotonic,0.0017542852221148894,0.00149697289797537,isotonic,isotonic
assist2012,concept,deep,simplekt,0,temperature,0.017176576498775655,0.017532969016299634,isotonic,isotonic
assist2012,concept,deep,simplekt,1,none,0.01906458293118119,0.019255791279848226,isotonic,isotonic
assist2012,concept,deep,simplekt,1,platt,0.0015780055334167395,0.0027956538890207727,isotonic,isotonic
assist2012,concept,deep,simplekt,1,isotonic,0.0015184862394203315,0.0013792740431273413,isotonic,isotonic
assist2012,concept,deep,simplekt,1,temperature,0.018955002352448267,0.019126384070175455,isotonic,isotonic
assist2012,concept,deep,simplekt,2,none,0.00825049529158506,0.008376344797502055,isotonic,isotonic
assist2012,concept,deep,simplekt,2,platt,0.0053377362974783476,0.005262952985931633,isotonic,isotonic
assist2012,concept,deep,simplekt,2,isotonic,0.001990736129650325,0.001401832831026195,isotonic,isotonic
assist2012,concept,deep,simplekt,2,temperature,0.005918801409969062,0.006292838992834406,isotonic,isotonic
assist2012,concept,deep,simplekt,3,none,0.015161573310168748,0.015303317245038353,isotonic,isotonic
assist2012,concept,deep,simplekt,3,platt,0.0031544134723212546,0.003074158650420392,isotonic,isotonic
assist2012,concept,deep,simplekt,3,isotonic,0.0026113698856726447,0.0025881321703404006,isotonic,isotonic
assist2012,concept,deep,simplekt,3,temperature,0.014954729997339296,0.015273987370446175,isotonic,isotonic
assist2012,concept,deep,simplekt,4,none,0.01586400027242074,0.015624346002921577,isotonic,isotonic
assist2012,concept,deep,simplekt,4,platt,0.005426315539568498,0.004988139154274248,isotonic,isotonic
assist2012,concept,deep,simplekt,4,isotonic,0.001384523705459907,0.001674022182877569,isotonic,isotonic
assist2012,concept,deep,simplekt,4,temperature,0.011036451060208046,0.011103960031556883,isotonic,isotonic
assist2012,question,deep,dkt,0,none,0.007334638034498787,0.007334638034498134,platt,platt
assist2012,question,deep,dkt,0,platt,0.001480894172796246,0.0016669023284298246,platt,platt
assist2012,question,deep,dkt,0,isotonic,0.001882218936421094,0.002503362161653876,platt,platt
assist2012,question,deep,dkt,0,temperature,0.003890551738021839,0.00440993672224452,platt,platt
assist2012,question,deep,dkt,1,none,0.004071635014464362,0.0037678802134728075,isotonic,platt
assist2012,question,deep,dkt,1,platt,0.002386991240121594,0.0023088406270041196,isotonic,platt
assist2012,question,deep,dkt,1,isotonic,0.0023431039466191416,0.0028382019140796104,isotonic,platt
assist2012,question,deep,dkt,1,temperature,0.0033612260386068145,0.003803064052757805,isotonic,platt
assist2012,question,deep,dkt,2,none,0.0034123983607158266,0.003186955475510482,isotonic,platt
assist2012,question,deep,dkt,2,platt,0.0026029264147804333,0.0021689463010381256,isotonic,platt
assist2012,question,deep,dkt,2,isotonic,0.002028849484316957,0.0025389140102989294,isotonic,platt
assist2012,question,deep,dkt,2,temperature,0.002800887393813081,0.002535099041853571,isotonic,platt
assist2012,question,deep,dkt,3,none,0.002799101078743443,0.0027991010787428135,isotonic,platt
assist2012,question,deep,dkt,3,platt,0.00281459321092685,0.002442154053069428,isotonic,platt
assist2012,question,deep,dkt,3,isotonic,0.0019038974930571252,0.002801293606905819,isotonic,platt
assist2012,question,deep,dkt,3,temperature,0.002471988232466199,0.002471988232466091,isotonic,platt
assist2012,question,deep,dkt,4,none,0.010044972737632428,0.01004497273763401,platt,platt
assist2012,question,deep,dkt,4,platt,0.0012045871482757441,0.0015588964493867725,platt,platt
assist2012,question,deep,dkt,4,isotonic,0.002043531612645796,0.0021030371102459264,platt,platt
assist2012,question,deep,dkt,4,temperature,0.003549446665979618,0.003603023619267839,platt,platt
assist2012,question,deep,sakt,0,none,0.0070240975811770206,0.007090619619576643,isotonic,isotonic
assist2012,question,deep,sakt,0,platt,0.0033198687172426304,0.0033332716484093653,isotonic,isotonic
assist2012,question,deep,sakt,0,isotonic,0.001471787841390351,0.0018408115568971397,isotonic,isotonic
assist2012,question,deep,sakt,0,temperature,0.007857277967548345,0.007770546085713933,isotonic,isotonic
assist2012,question,deep,sakt,1,none,0.012004608766860162,0.011795351687319402,isotonic,isotonic
assist2012,question,deep,sakt,1,platt,0.0044284085881253045,0.004395047995897863,isotonic,isotonic
assist2012,question,deep,sakt,1,isotonic,0.0031809003730559307,0.0034186214449695457,isotonic,isotonic
assist2012,question,deep,sakt,1,temperature,0.005231743363758817,0.006028958487820848,isotonic,isotonic
assist2012,question,deep,sakt,2,none,0.009292452157952068,0.009459606742935445,isotonic,isotonic
assist2012,question,deep,sakt,2,platt,0.0054487190041070015,0.005099425770559747,isotonic,isotonic
assist2012,question,deep,sakt,2,isotonic,0.003684489707029367,0.0028000725272964333,isotonic,isotonic
assist2012,question,deep,sakt,2,temperature,0.006616021288404559,0.007132207585262354,isotonic,isotonic
assist2012,question,deep,sakt,3,none,0.007879482621289723,0.008125958286621384,isotonic,isotonic
assist2012,question,deep,sakt,3,platt,0.005703230962405455,0.005879405603052706,isotonic,isotonic
assist2012,question,deep,sakt,3,isotonic,0.0035961631956297445,0.0038478166931099423,isotonic,isotonic
assist2012,question,deep,sakt,3,temperature,0.007231067377073109,0.007465809121523538,isotonic,isotonic
assist2012,question,deep,sakt,4,none,0.025632309308004777,0.02546789718832951,isotonic,isotonic
assist2012,question,deep,sakt,4,platt,0.0040820768612005835,0.004032031588690199,isotonic,isotonic
assist2012,question,deep,sakt,4,isotonic,0.0013729054773294672,0.001718600048266876,isotonic,isotonic
assist2012,question,deep,sakt,4,temperature,0.0055532770898595015,0.004845827633207133,isotonic,isotonic
assist2012,question,deep,akt,0,none,0.014994977494324442,0.014927675731737571,platt,platt
assist2012,question,deep,akt,0,platt,0.001521877509248502,0.0015948318657710851,platt,platt
assist2012,question,deep,akt,0,isotonic,0.001847153612434447,0.002064320446824603,platt,platt
assist2012,question,deep,akt,0,temperature,0.004804895151115772,0.004553153615810356,platt,platt
assist2012,question,deep,akt,1,none,0.014901956212330947,0.015020981669020151,platt,platt
assist2012,question,deep,akt,1,platt,0.002010390491820786,0.0018596888613522794,platt,platt
assist2012,question,deep,akt,1,isotonic,0.0027338404316571913,0.0027694982567785646,platt,platt
assist2012,question,deep,akt,1,temperature,0.004195209874156271,0.004059985045012531,platt,platt
assist2012,question,deep,akt,2,none,0.014592956740231451,0.01476925499032802,isotonic,platt
assist2012,question,deep,akt,2,platt,0.002406040254656773,0.0018142134628402443,isotonic,platt
assist2012,question,deep,akt,2,isotonic,0.002122681980783147,0.00258489774432208,isotonic,platt
assist2012,question,deep,akt,2,temperature,0.002619030509063254,0.00275138401282157,isotonic,platt
assist2012,question,deep,akt,3,none,0.014001369367284787,0.014136657855907708,platt,platt
assist2012,question,deep,akt,3,platt,0.0020207078387291673,0.0016265483311708156,platt,platt
assist2012,question,deep,akt,3,isotonic,0.002215162813011216,0.0026287958850875147,platt,platt
assist2012,question,deep,akt,3,temperature,0.0021856281064016633,0.001905413972055614,platt,platt
assist2012,question,deep,akt,4,none,0.012414885083951504,0.012410374248955832,platt,platt
assist2012,question,deep,akt,4,platt,0.0005830923339792169,0.0007555960978701653,platt,platt
assist2012,question,deep,akt,4,isotonic,0.0018426502845407154,0.0016946019642884273,platt,platt
assist2012,question,deep,akt,4,temperature,0.004293165360929831,0.004308051944571099,platt,platt
assist2012,question,deep,simplekt,0,none,0.01743641162721648,0.017814897954996092,isotonic,isotonic
assist2012,question,deep,simplekt,0,platt,0.0029623073003907847,0.0031553809720864688,isotonic,isotonic
assist2012,question,deep,simplekt,0,isotonic,0.001782743790492161,0.0013963211632152337,isotonic,isotonic
assist2012,question,deep,simplekt,0,temperature,0.01716950424317908,0.01754046745589502,isotonic,isotonic
assist2012,question,deep,simplekt,1,none,0.019074716417297872,0.01925585492653245,isotonic,isotonic
assist2012,question,deep,simplekt,1,platt,0.0015951305336626938,0.002803140009204272,isotonic,isotonic
assist2012,question,deep,simplekt,1,isotonic,0.0014993504645697084,0.001922432154139091,isotonic,isotonic
assist2012,question,deep,simplekt,1,temperature,0.01895473480904086,0.019126499679700374,isotonic,isotonic
assist2012,question,deep,simplekt,2,none,0.00825488418857309,0.008394900268053496,isotonic,isotonic
assist2012,question,deep,simplekt,2,platt,0.005328788126794586,0.005266697867231069,isotonic,isotonic
assist2012,question,deep,simplekt,2,isotonic,0.0019473050027715994,0.001255462204678246,isotonic,isotonic
assist2012,question,deep,simplekt,2,temperature,0.005922478362593447,0.0062778557595833395,isotonic,isotonic
assist2012,question,deep,simplekt,3,none,0.015157823450299536,0.01529211732424026,isotonic,isotonic
assist2012,question,deep,simplekt,3,platt,0.003155915175022478,0.003059232883506741,isotonic,isotonic
assist2012,question,deep,simplekt,3,isotonic,0.002641907546108689,0.002619083965445635,isotonic,isotonic
assist2012,question,deep,simplekt,3,temperature,0.014940158211925368,0.015262788188311702,isotonic,isotonic
assist2012,question,deep,simplekt,4,none,0.01586541214392443,0.01563176835103254,isotonic,isotonic
assist2012,question,deep,simplekt,4,platt,0.005434112621425569,0.004984360983815801,isotonic,isotonic
assist2012,question,deep,simplekt,4,isotonic,0.001476671828047621,0.0016404048710766301,isotonic,isotonic
assist2012,question,deep,simplekt,4,temperature,0.011029707376120447,0.011096502224501275,isotonic,isotonic
assist2012,question,classical,bkt,0,none,0.007340657323178424,0.007531866911443759,isotonic,isotonic
assist2012,question,classical,bkt,0,platt,0.005249609897270944,0.007252206752611037,isotonic,isotonic
assist2012,question,classical,bkt,0,isotonic,0.002893735586822162,0.0034642985826036942,isotonic,isotonic
assist2012,question,classical,bkt,0,temperature,0.005311990277403342,0.007225691113257601,isotonic,isotonic
assist2012,question,classical,bkt,1,none,0.006948951645808222,0.00649187622318456,isotonic,isotonic
assist2012,question,classical,bkt,1,platt,0.005475004240634651,0.005867656471787308,isotonic,isotonic
assist2012,question,classical,bkt,1,isotonic,0.0025472864324056657,0.0026969571035101664,isotonic,isotonic
assist2012,question,classical,bkt,1,temperature,0.005697026897049316,0.005593319453140745,isotonic,isotonic
assist2012,question,classical,bkt,2,none,0.0066292832858996145,0.0064682783584124335,isotonic,isotonic
assist2012,question,classical,bkt,2,platt,0.0063923169712202,0.0071007443921860414,isotonic,isotonic
assist2012,question,classical,bkt,2,isotonic,0.0033557343887967214,0.003626381271184094,isotonic,isotonic
assist2012,question,classical,bkt,2,temperature,0.006674548712622846,0.0065013313362740814,isotonic,isotonic
assist2012,question,classical,bkt,3,none,0.006461021247174903,0.007254456245492919,isotonic,isotonic
assist2012,question,classical,bkt,3,platt,0.0060193142915585625,0.006579125039276988,isotonic,isotonic
assist2012,question,classical,bkt,3,isotonic,0.0031673869530053893,0.004091030297598919,isotonic,isotonic
assist2012,question,classical,bkt,3,temperature,0.005648115844874902,0.006611588160701076,isotonic,isotonic
assist2012,question,classical,bkt,4,none,0.006844411418062448,0.0071288648150429415,isotonic,isotonic
assist2012,question,classical,bkt,4,platt,0.005275567556958901,0.006227019349023618,isotonic,isotonic
assist2012,question,classical,bkt,4,isotonic,0.0028222701917250594,0.003995632775833011,isotonic,isotonic
assist2012,question,classical,bkt,4,temperature,0.004923656970910359,0.006225072328879226,isotonic,isotonic
assist2012,question,classical,pfa,0,none,0.013489822220156576,0.011281457195206545,isotonic,isotonic
assist2012,question,classical,pfa,0,platt,0.0158315306120221,0.013543632628645346,isotonic,isotonic
assist2012,question,classical,pfa,0,isotonic,0.0014185109745155512,0.0023976982813718193,isotonic,isotonic
assist2012,question,classical,pfa,0,temperature,0.01423744227480683,0.011941705855772363,isotonic,isotonic
assist2012,question,classical,pfa,1,none,0.014454605040885337,0.012674292956296813,isotonic,isotonic
assist2012,question,classical,pfa,1,platt,0.015355859181243292,0.013407487330361064,isotonic,isotonic
assist2012,question,classical,pfa,1,isotonic,0.002247665675317099,0.0027796375678608323,isotonic,isotonic
assist2012,question,classical,pfa,1,temperature,0.014523770076234328,0.012640024578708262,isotonic,isotonic
assist2012,question,classical,pfa,2,none,0.014019052337500316,0.012094306827551578,isotonic,isotonic
assist2012,question,classical,pfa,2,platt,0.014333263980666675,0.012633733295948402,isotonic,isotonic
assist2012,question,classical,pfa,2,isotonic,0.0027083669032475443,0.002503394496863914,isotonic,isotonic
assist2012,question,classical,pfa,2,temperature,0.014063743111618152,0.012037383417567639,isotonic,isotonic
assist2012,question,classical,pfa,3,none,0.014422756525930737,0.012392013979303115,isotonic,isotonic
assist2012,question,classical,pfa,3,platt,0.017182199495380527,0.015004406498895848,isotonic,isotonic
assist2012,question,classical,pfa,3,isotonic,0.0022758797086809483,0.002841136233301712,isotonic,isotonic
assist2012,question,classical,pfa,3,temperature,0.015018773869454933,0.012674784715898132,isotonic,isotonic
assist2012,question,classical,pfa,4,none,0.013770379890415256,0.011966584389448117,isotonic,isotonic
assist2012,question,classical,pfa,4,platt,0.01576992469151665,0.013761478911792274,isotonic,isotonic
assist2012,question,classical,pfa,4,isotonic,0.003376443988336228,0.0037460198487011716,isotonic,isotonic
assist2012,question,classical,pfa,4,temperature,0.015193506783092114,0.013127816886089683,isotonic,isotonic
assist2012,question,classical,pfa_recency,0,none,0.008978607196700876,0.007605207270303853,isotonic,isotonic
assist2012,question,classical,pfa_recency,0,platt,0.01198196427210351,0.01035808061874,isotonic,isotonic
assist2012,question,classical,pfa_recency,0,isotonic,0.0030073593832620218,0.003109776164832218,isotonic,isotonic
assist2012,question,classical,pfa_recency,0,temperature,0.010340096078419165,0.008641272830163612,isotonic,isotonic
assist2012,question,classical,pfa_recency,1,none,0.010376440837476712,0.009496557060455052,isotonic,isotonic
assist2012,question,classical,pfa_recency,1,platt,0.010893712439302027,0.009963964831554512,isotonic,isotonic
assist2012,question,classical,pfa_recency,1,isotonic,0.001698679699654692,0.0019869627045614787,isotonic,isotonic
assist2012,question,classical,pfa_recency,1,temperature,0.010237836729477987,0.009371890194631017,isotonic,isotonic
assist2012,question,classical,pfa_recency,2,none,0.009647792171606289,0.00866025750037748,isotonic,isotonic
assist2012,question,classical,pfa_recency,2,platt,0.010291982523528113,0.008997280416299092,isotonic,isotonic
assist2012,question,classical,pfa_recency,2,isotonic,0.0022049771478214997,0.002314421266962676,isotonic,isotonic
assist2012,question,classical,pfa_recency,2,temperature,0.009447532846318229,0.008393479891065972,isotonic,isotonic
assist2012,question,classical,pfa_recency,3,none,0.009948566632041725,0.008875717730502409,isotonic,isotonic
assist2012,question,classical,pfa_recency,3,platt,0.012340083313997557,0.010964450079864633,isotonic,isotonic
assist2012,question,classical,pfa_recency,3,isotonic,0.0022403351144013174,0.0028314583809023906,isotonic,isotonic
assist2012,question,classical,pfa_recency,3,temperature,0.010510887823067014,0.009372850380675587,isotonic,isotonic
assist2012,question,classical,pfa_recency,4,none,0.009797741977716849,0.009294843148648386,isotonic,isotonic
assist2012,question,classical,pfa_recency,4,platt,0.01104311544629486,0.010483503465312329,isotonic,isotonic
assist2012,question,classical,pfa_recency,4,isotonic,0.003276307705445055,0.004868107940055771,isotonic,isotonic
assist2012,question,classical,pfa_recency,4,temperature,0.01087960979999849,0.010334835570982385,isotonic,isotonic
assist2012,question,classical,elorasch,0,none,0.04803648646244095,0.048544948784555966,isotonic,isotonic
assist2012,question,classical,elorasch,0,platt,0.003843318944610915,0.004555263176871621,isotonic,isotonic
assist2012,question,classical,elorasch,0,isotonic,0.002779557326080999,0.0037651795458871922,isotonic,isotonic
assist2012,question,classical,elorasch,0,temperature,0.007008599541982592,0.007942671726163097,isotonic,isotonic
assist2012,question,classical,elorasch,1,none,0.047326209806491396,0.0476845711220204,isotonic,isotonic
assist2012,question,classical,elorasch,1,platt,0.004559065495995315,0.005740406618580213,isotonic,isotonic
assist2012,question,classical,elorasch,1,isotonic,0.002362972052461364,0.002648170474385398,isotonic,isotonic
assist2012,question,classical,elorasch,1,temperature,0.007289085202195799,0.00794072018340056,isotonic,isotonic
assist2012,question,classical,elorasch,2,none,0.04658045679411992,0.046944276118165276,isotonic,isotonic
assist2012,question,classical,elorasch,2,platt,0.005000030283774465,0.006159503287300873,isotonic,isotonic
assist2012,question,classical,elorasch,2,isotonic,0.0016446149053240436,0.002191392916716899,isotonic,isotonic
assist2012,question,classical,elorasch,2,temperature,0.007430021304271525,0.008181584691475488,isotonic,isotonic
assist2012,question,classical,elorasch,3,none,0.04863166046865498,0.04881437221759355,isotonic,isotonic
assist2012,question,classical,elorasch,3,platt,0.005128276673815171,0.005714178602758812,isotonic,isotonic
assist2012,question,classical,elorasch,3,isotonic,0.0027438219297894985,0.003370582953654239,isotonic,isotonic
assist2012,question,classical,elorasch,3,temperature,0.007354802190336316,0.007674988010376315,isotonic,isotonic
assist2012,question,classical,elorasch,4,none,0.04681261299856168,0.0473007807685696,isotonic,isotonic
assist2012,question,classical,elorasch,4,platt,0.003930598965661587,0.004694963332070188,isotonic,isotonic
assist2012,question,classical,elorasch,4,isotonic,0.0022715455373944022,0.0026307704836366036,isotonic,isotonic
assist2012,question,classical,elorasch,4,temperature,0.007331510089919541,0.008076572062896617,isotonic,isotonic
assist2015,concept,deep,dkt,0,none,0.010169932583917777,0.010349431128132176,isotonic,isotonic
assist2015,concept,deep,dkt,0,platt,0.004076386511636741,0.004758382258932637,isotonic,isotonic
assist2015,concept,deep,dkt,0,isotonic,0.003941079160364768,0.0044557656493018375,isotonic,isotonic
assist2015,concept,deep,dkt,0,temperature,0.010071663574524069,0.010029812202879242,isotonic,isotonic
assist2015,concept,deep,dkt,1,none,0.00846752448836041,0.008253372549905283,isotonic,isotonic
assist2015,concept,deep,dkt,1,platt,0.004182708141298991,0.004652581222142365,isotonic,isotonic
assist2015,concept,deep,dkt,1,isotonic,0.0038106940958486327,0.00330974275470827,isotonic,isotonic
assist2015,concept,deep,dkt,1,temperature,0.005603081663755017,0.005576481819529539,isotonic,isotonic
assist2015,concept,deep,dkt,2,none,0.009897714989708024,0.010430105037511598,platt,platt
assist2015,concept,deep,dkt,2,platt,0.00407677770689845,0.004677753355802492,platt,platt
assist2015,concept,deep,dkt,2,isotonic,0.0048401153294741995,0.005204586852532709,platt,platt
assist2015,concept,deep,dkt,2,temperature,0.00948741742078313,0.009736533309752219,platt,platt
assist2015,concept,deep,dkt,3,none,0.009877009624176886,0.010091660656207648,isotonic,isotonic
assist2015,concept,deep,dkt,3,platt,0.004718396742930133,0.004674473358615246,isotonic,isotonic
assist2015,concept,deep,dkt,3,isotonic,0.002230945009480464,0.0033116599435017175,isotonic,isotonic
assist2015,concept,deep,dkt,3,temperature,0.00930260429431786,0.009339607122613022,isotonic,isotonic
assist2015,concept,deep,dkt,4,none,0.0060607287765950466,0.006303022315024213,temperature,temperature
assist2015,concept,deep,dkt,4,platt,0.005214198094708904,0.0055816386083028515,temperature,temperature
assist2015,concept,deep,dkt,4,isotonic,0.004265828009506384,0.005358662376525265,temperature,temperature
assist2015,concept,deep,dkt,4,temperature,0.002510625399840724,0.002812805477517213,temperature,temperature
assist2015,concept,deep,sakt,0,none,0.01793081436119796,0.018453530809468717,platt,isotonic
assist2015,concept,deep,sakt,0,platt,0.004442332326964232,0.00506588729736684,platt,isotonic
assist2015,concept,deep,sakt,0,isotonic,0.004992105592376062,0.004168119112832521,platt,isotonic
assist2015,concept,deep,sakt,0,temperature,0.004661611374067854,0.0053319887850133306,platt,isotonic
assist2015,concept,deep,sakt,1,none,0.016210547701291333,0.016353182975801538,isotonic,platt
assist2015,concept,deep,sakt,1,platt,0.005158238928638502,0.0045891066801680225,isotonic,platt
assist2015,concept,deep,sakt,1,isotonic,0.004901221027233545,0.005024213240582067,isotonic,platt
assist2015,concept,deep,sakt,1,temperature,0.007287651125735587,0.007524889356527586,isotonic,platt
assist2015,concept,deep,sakt,2,none,0.023231919908354035,0.0229944540797748,platt,platt
assist2015,concept,deep,sakt,2,platt,0.00524121342582212,0.006232785219502775,platt,platt
assist2015,concept,deep,sakt,2,isotonic,0.006327464519325971,0.0062432522246102075,platt,platt
assist2015,concept,deep,sakt,2,temperature,0.007145448465653229,0.007966243240974502,platt,platt
assist2015,concept,deep,sakt,3,none,0.024044089229820407,0.02351894319466881,isotonic,isotonic
assist2015,concept,deep,sakt,3,platt,0.005305106768290673,0.00595181291183358,isotonic,isotonic
assist2015,concept,deep,sakt,3,isotonic,0.004115739244370199,0.004032533685550634,isotonic,isotonic
assist2015,concept,deep,sakt,3,temperature,0.008671051039632179,0.00897518591710435,isotonic,isotonic
assist2015,concept,deep,sakt,4,none,0.018366832611838805,0.017291496999613153,isotonic,isotonic
assist2015,concept,deep,sakt,4,platt,0.008180372823382638,0.008006631571165938,isotonic,isotonic
assist2015,concept,deep,sakt,4,isotonic,0.005595101316318244,0.0056442568991110845,isotonic,isotonic
assist2015,concept,deep,sakt,4,temperature,0.007611949293676335,0.007133830701648591,isotonic,isotonic
assist2015,concept,deep,akt,0,none,0.010453263580218078,0.010453431085646663,isotonic,platt
assist2015,concept,deep,akt,0,platt,0.003830892932980222,0.003204162343117517,isotonic,platt
assist2015,concept,deep,akt,0,isotonic,0.0035757968905397153,0.004845534499906578,isotonic,platt
assist2015,concept,deep,akt,0,temperature,0.00398646214557034,0.004636539809505415,isotonic,platt
assist2015,concept,deep,akt,1,none,0.009313152256533374,0.009251824958939447,platt,platt
assist2015,concept,deep,akt,1,platt,0.003769844670262703,0.003209029531424266,platt,platt
assist2015,concept,deep,akt,1,isotonic,0.0049620943189855535,0.005016315968352221,platt,platt
assist2015,concept,deep,akt,1,temperature,0.0038933843131256987,0.003809066145658618,platt,platt
assist2015,concept,deep,akt,2,none,0.00801587417889812,0.008420097939078873,platt,platt
assist2015,concept,deep,akt,2,platt,0.003055995321078736,0.0027361534085235148,platt,platt
assist2015,concept,deep,akt,2,isotonic,0.00408679673242298,0.004803533358024084,platt,platt
assist2015,concept,deep,akt,2,temperature,0.004210235822928384,0.00384935217059512,platt,platt
assist2015,concept,deep,akt,3,none,0.009175667836781682,0.009285933425624768,platt,platt
assist2015,concept,deep,akt,3,platt,0.0026009370300525214,0.003518768926160564,platt,platt
assist2015,concept,deep,akt,3,isotonic,0.0034056637078867186,0.0035532115054386273,platt,platt
assist2015,concept,deep,akt,3,temperature,0.004075128834290807,0.004538965474634096,platt,platt
assist2015,concept,deep,akt,4,none,0.009275667007387687,0.008466227392332142,temperature,temperature
assist2015,concept,deep,akt,4,platt,0.004629992844073122,0.005395272339171171,temperature,temperature
assist2015,concept,deep,akt,4,isotonic,0.004779353907847751,0.005321594999657177,temperature,temperature
assist2015,concept,deep,akt,4,temperature,0.0042781025504053175,0.003949521359342121,temperature,temperature
assist2015,concept,deep,simplekt,0,none,0.027523242638697033,0.027286620220912095,isotonic,isotonic
assist2015,concept,deep,simplekt,0,platt,0.006709682548844568,0.006958839847758754,isotonic,isotonic
assist2015,concept,deep,simplekt,0,isotonic,0.0055416724130503275,0.004047230043168829,isotonic,isotonic
assist2015,concept,deep,simplekt,0,temperature,0.019135239967884243,0.020337643709004025,isotonic,isotonic
assist2015,concept,deep,simplekt,1,none,0.014416878456007339,0.014328322360736927,isotonic,isotonic
assist2015,concept,deep,simplekt,1,platt,0.004810560490994155,0.004733492148516095,isotonic,isotonic
assist2015,concept,deep,simplekt,1,isotonic,0.003962887467270335,0.0032825303945284807,isotonic,isotonic
assist2015,concept,deep,simplekt,1,temperature,0.009888733396311243,0.010320785155731989,isotonic,isotonic
assist2015,concept,deep,simplekt,2,none,0.01449465256038645,0.015541221679768891,isotonic,platt
assist2015,concept,deep,simplekt,2,platt,0.006126996465878982,0.005122318213545356,isotonic,platt
assist2015,concept,deep,simplekt,2,isotonic,0.005517623009457703,0.005379073866236116,isotonic,platt
assist2015,concept,deep,simplekt,2,temperature,0.014214153721646574,0.015523652232140453,isotonic,platt
assist2015,concept,deep,simplekt,3,none,0.012932458691519533,0.013684394021389655,platt,isotonic
assist2015,concept,deep,simplekt,3,platt,0.005801325392221998,0.007297503033380157,platt,isotonic
assist2015,concept,deep,simplekt,3,isotonic,0.006178570437210883,0.004820653232837367,platt,isotonic
assist2015,concept,deep,simplekt,3,temperature,0.013037214351373023,0.013740423488109405,platt,isotonic
assist2015,concept,deep,simplekt,4,none,0.031623344135553066,0.031170920218377356,isotonic,isotonic
assist2015,concept,deep,simplekt,4,platt,0.005454720548996508,0.005781161182865634,isotonic,isotonic
assist2015,concept,deep,simplekt,4,isotonic,0.004736402789417031,0.004565093790985367,isotonic,isotonic
assist2015,concept,deep,simplekt,4,temperature,0.006942236266752302,0.006762130489677758,isotonic,isotonic
assist2015,question,classical,bkt,0,none,0.005716207338815891,0.006304528882374066,none,none
assist2015,question,classical,bkt,0,platt,0.0065755206715834465,0.006913754512418762,none,none
assist2015,question,classical,bkt,0,isotonic,0.005838374627810417,0.006490728173751098,none,none
assist2015,question,classical,bkt,0,temperature,0.006903461845904277,0.007454292163993582,none,none
assist2015,question,classical,bkt,1,none,0.006237520487691989,0.006033136855111249,none,none
assist2015,question,classical,bkt,1,platt,0.008206390304539821,0.007986662472129263,none,none
assist2015,question,classical,bkt,1,isotonic,0.0066635900724904065,0.006251508978129605,none,none
assist2015,question,classical,bkt,1,temperature,0.008636865365242557,0.008136703060094333,none,none
assist2015,question,classical,bkt,2,none,0.0057266547608667605,0.006185593963170157,none,isotonic
assist2015,question,classical,bkt,2,platt,0.006977172390588345,0.006181229462588004,none,isotonic
assist2015,question,classical,bkt,2,isotonic,0.006274616512985455,0.005397472706051503,none,isotonic
assist2015,question,classical,bkt,2,temperature,0.007010544025822692,0.007358760471615034,none,isotonic
assist2015,question,classical,bkt,3,none,0.0064325425407126,0.007010736503004613,platt,platt
assist2015,question,classical,bkt,3,platt,0.002514081464501798,0.003955965996542057,platt,platt
assist2015,question,classical,bkt,3,isotonic,0.004977654129647792,0.004542365646048419,platt,platt
assist2015,question,classical,bkt,3,temperature,0.0031197647923887424,0.004919475054455991,platt,platt
assist2015,question,classical,bkt,4,none,0.007720536813389386,0.00687655811916528,temperature,temperature
assist2015,question,classical,bkt,4,platt,0.005736563921814491,0.006416999728630137,temperature,temperature
assist2015,question,classical,bkt,4,isotonic,0.006254631406537202,0.006254050057784293,temperature,temperature
assist2015,question,classical,bkt,4,temperature,0.004065224490797282,0.004611526019636115,temperature,temperature
assist2015,question,classical,pfa,0,none,0.007309787155021244,0.006659059251442202,isotonic,isotonic
assist2015,question,classical,pfa,0,platt,0.007994147260495821,0.007339095877904654,isotonic,isotonic
assist2015,question,classical,pfa,0,isotonic,0.0051703422371063654,0.005630431091529131,isotonic,isotonic
assist2015,question,classical,pfa,0,temperature,0.0074786984354260734,0.0064026882003248966,isotonic,isotonic
assist2015,question,classical,pfa,1,none,0.006858981539620096,0.005351776129760917,none,none
assist2015,question,classical,pfa,1,platt,0.00748513642167575,0.005867977041468397,none,none
assist2015,question,classical,pfa,1,isotonic,0.007297196968852417,0.006492287260962869,none,none
assist2015,question,classical,pfa,1,temperature,0.007090946036316816,0.005493327459450113,none,none
assist2015,question,classical,pfa,2,none,0.00763645469487482,0.006932289779089245,isotonic,isotonic
assist2015,question,classical,pfa,2,platt,0.008557384773258446,0.0075296712790455115,isotonic,isotonic
assist2015,question,classical,pfa,2,isotonic,0.006248860019008056,0.0066509020527644154,isotonic,isotonic
assist2015,question,classical,pfa,2,temperature,0.007926279908261826,0.006901979789621864,isotonic,isotonic
assist2015,question,classical,pfa,3,none,0.007842276872282646,0.007554265095967343,isotonic,isotonic
assist2015,question,classical,pfa,3,platt,0.010697727510344498,0.009734752042969677,isotonic,isotonic
assist2015,question,classical,pfa,3,isotonic,0.001162140250450545,0.004142035920767815,isotonic,isotonic
assist2015,question,classical,pfa,3,temperature,0.009211040845455114,0.00843811771380007,isotonic,isotonic
assist2015,question,classical,pfa,4,none,0.00672671491883569,0.007170600571385448,isotonic,isotonic
assist2015,question,classical,pfa,4,platt,0.012441786593640498,0.010502702717141536,isotonic,isotonic
assist2015,question,classical,pfa,4,isotonic,0.005069031500565033,0.006698470132630646,isotonic,isotonic
assist2015,question,classical,pfa,4,temperature,0.01299601650226733,0.009895031501590304,isotonic,isotonic
assist2015,question,classical,pfa_recency,0,none,0.004740188721735252,0.005136327036556534,none,none
assist2015,question,classical,pfa_recency,0,platt,0.005316112995192079,0.005770316785791671,none,none
assist2015,question,classical,pfa_recency,0,isotonic,0.005358144709871532,0.005797345180475095,none,none
assist2015,question,classical,pfa_recency,0,temperature,0.0047409377175846095,0.0051381770853174006,none,none
assist2015,question,classical,pfa_recency,1,none,0.004316367463321091,0.005340856871324761,none,none
assist2015,question,classical,pfa_recency,1,platt,0.005488360859231066,0.006597027436329587,none,none
assist2015,question,classical,pfa_recency,1,isotonic,0.005849521459356602,0.006197725565363524,none,none
assist2015,question,classical,pfa_recency,1,temperature,0.0053200485527106125,0.006626232394689898,none,none
assist2015,question,classical,pfa_recency,2,none,0.004660818578852313,0.004727142837050175,none,none
assist2015,question,classical,pfa_recency,2,platt,0.006063331445008635,0.005478948433968303,none,none
assist2015,question,classical,pfa_recency,2,isotonic,0.0052476748569076715,0.005995868400159621,none,none
assist2015,question,classical,pfa_recency,2,temperature,0.005885293449873637,0.005485099391702712,none,none
assist2015,question,classical,pfa_recency,3,none,0.005196437248591495,0.006726229712271824,isotonic,isotonic
assist2015,question,classical,pfa_recency,3,platt,0.007285739036231058,0.00726371921321669,isotonic,isotonic
assist2015,question,classical,pfa_recency,3,isotonic,0.0021606652330144844,0.004671050750120283,isotonic,isotonic
assist2015,question,classical,pfa_recency,3,temperature,0.005897358442534805,0.006974410157228785,isotonic,isotonic
assist2015,question,classical,pfa_recency,4,none,0.005261441786205747,0.005263163708953003,none,none
assist2015,question,classical,pfa_recency,4,platt,0.008925874529853656,0.006933365169712852,none,none
assist2015,question,classical,pfa_recency,4,isotonic,0.005374657496089437,0.005680875566262896,none,none
assist2015,question,classical,pfa_recency,4,temperature,0.0083925553935546,0.007170716140635372,none,none
assist2015,question,classical,elorasch,0,none,0.06305449333564783,0.0646991623191234,isotonic,isotonic
assist2015,question,classical,elorasch,0,platt,0.012418992510292305,0.012707463213682081,isotonic,isotonic
assist2015,question,classical,elorasch,0,isotonic,0.003795904328289995,0.003661127992001982,isotonic,isotonic
assist2015,question,classical,elorasch,0,temperature,0.02214789554765661,0.022067371149721016,isotonic,isotonic
assist2015,question,classical,elorasch,1,none,0.06344576501934347,0.06505851877733687,isotonic,isotonic
assist2015,question,classical,elorasch,1,platt,0.011213232433130656,0.012948831584059795,isotonic,isotonic
assist2015,question,classical,elorasch,1,isotonic,0.004561310806951563,0.004544581832399865,isotonic,isotonic
assist2015,question,classical,elorasch,1,temperature,0.022202100001039712,0.02283051439731158,isotonic,isotonic
assist2015,question,classical,elorasch,2,none,0.062250018148843365,0.06432603891868605,isotonic,isotonic
assist2015,question,classical,elorasch,2,platt,0.011040500320337423,0.013612771838615438,isotonic,isotonic
assist2015,question,classical,elorasch,2,isotonic,0.0036047127470609053,0.004067272770919898,isotonic,isotonic
assist2015,question,classical,elorasch,2,temperature,0.02270434205586217,0.02368409201651065,isotonic,isotonic
assist2015,question,classical,elorasch,3,none,0.06431216411272028,0.06536293291853555,isotonic,isotonic
assist2015,question,classical,elorasch,3,platt,0.010755175049808571,0.011922614911690266,isotonic,isotonic
assist2015,question,classical,elorasch,3,isotonic,0.004097087310301002,0.005713306163450356,isotonic,isotonic
assist2015,question,classical,elorasch,3,temperature,0.020785766352900983,0.020797590946900466,isotonic,isotonic
assist2015,question,classical,elorasch,4,none,0.06298857596976465,0.06473514055803059,isotonic,isotonic
assist2015,question,classical,elorasch,4,platt,0.011484313048923918,0.01314124949487157,isotonic,isotonic
assist2015,question,classical,elorasch,4,isotonic,0.003728792723112959,0.005981897485676792,isotonic,isotonic
assist2015,question,classical,elorasch,4,temperature,0.02194693612549146,0.022326224148840175,isotonic,isotonic
assist2017,concept,deep,dkt,0,none,0.013527226616023756,0.013276085562178479,platt,platt
assist2017,concept,deep,dkt,0,platt,0.004974826383479908,0.004393843170526382,platt,platt
assist2017,concept,deep,dkt,0,isotonic,0.005650577503840568,0.005590192377167638,platt,platt
assist2017,concept,deep,dkt,0,temperature,0.014528465996229863,0.014420071303683783,platt,platt
assist2017,concept,deep,dkt,1,none,0.022192921308553284,0.022218267205768076,platt,platt
assist2017,concept,deep,dkt,1,platt,0.004792011692579958,0.004506463770028902,platt,platt
assist2017,concept,deep,dkt,1,isotonic,0.004962733832831406,0.005686864026757121,platt,platt
assist2017,concept,deep,dkt,1,temperature,0.024975570579510862,0.024716289926250547,platt,platt
assist2017,concept,deep,dkt,2,none,0.011072484730536371,0.010562370076090786,isotonic,platt
assist2017,concept,deep,dkt,2,platt,0.005989075709385911,0.005713831821369851,isotonic,platt
assist2017,concept,deep,dkt,2,isotonic,0.005030126013930807,0.006297270736401529,isotonic,platt
assist2017,concept,deep,dkt,2,temperature,0.011341728758940408,0.010798947541656775,isotonic,platt
assist2017,concept,deep,dkt,3,none,0.01539663047488877,0.015445162662912956,isotonic,isotonic
assist2017,concept,deep,dkt,3,platt,0.004774763545966347,0.005164539837775702,isotonic,isotonic
assist2017,concept,deep,dkt,3,isotonic,0.0034239975599530594,0.003972490751086055,isotonic,isotonic
assist2017,concept,deep,dkt,3,temperature,0.015497283015322338,0.015512932078735997,isotonic,isotonic
assist2017,concept,deep,dkt,4,none,0.02314868153095154,0.0228243648801862,platt,platt
assist2017,concept,deep,dkt,4,platt,0.004520352903821429,0.004628939183662933,platt,platt
assist2017,concept,deep,dkt,4,isotonic,0.005679146317254834,0.005667900602173764,platt,platt
assist2017,concept,deep,dkt,4,temperature,0.025488602901042646,0.025448580552660735,platt,platt
assist2017,concept,deep,sakt,0,none,0.010704804440548076,0.010674523311051686,isotonic,isotonic
assist2017,concept,deep,sakt,0,platt,0.005226836628016374,0.005406514328599996,isotonic,isotonic
assist2017,concept,deep,sakt,0,isotonic,0.00375373684844051,0.004965153353213034,isotonic,isotonic
assist2017,concept,deep,sakt,0,temperature,0.009834816723680901,0.009956120375333069,isotonic,isotonic
assist2017,concept,deep,sakt,1,none,0.011052150103483385,0.011332074340611406,isotonic,isotonic
assist2017,concept,deep,sakt,1,platt,0.005026079804459839,0.005435943412698384,isotonic,isotonic
assist2017,concept,deep,sakt,1,isotonic,0.0031622774199812015,0.004133229197164488,isotonic,isotonic
assist2017,concept,deep,sakt,1,temperature,0.009482348081470358,0.009511458700485618,isotonic,isotonic
assist2017,concept,deep,sakt,2,none,0.012639141051346399,0.01267443373280034,isotonic,isotonic
assist2017,concept,deep,sakt,2,platt,0.004842653399858094,0.004932756448852822,isotonic,isotonic
assist2017,concept,deep,sakt,2,isotonic,0.003839658476414306,0.0048025137061625985,isotonic,isotonic
assist2017,concept,deep,sakt,2,temperature,0.008325725434148327,0.00816714479543202,isotonic,isotonic
assist2017,concept,deep,sakt,3,none,0.008514041947696982,0.009431174150036551,isotonic,isotonic
assist2017,concept,deep,sakt,3,platt,0.0062925631958621235,0.006218221557189115,isotonic,isotonic
assist2017,concept,deep,sakt,3,isotonic,0.003690997996583294,0.004865775896573363,isotonic,isotonic
assist2017,concept,deep,sakt,3,temperature,0.007357691090773178,0.006807822957436942,isotonic,isotonic
assist2017,concept,deep,sakt,4,none,0.010438134159968216,0.010402169783067312,platt,temperature
assist2017,concept,deep,sakt,4,platt,0.004285120774826231,0.005481725503683402,platt,temperature
assist2017,concept,deep,sakt,4,isotonic,0.005563333287727519,0.0057654866245127195,platt,temperature
assist2017,concept,deep,sakt,4,temperature,0.004425288424469458,0.005051880187089892,platt,temperature
assist2017,concept,deep,akt,0,none,0.015605454268369156,0.01571889767268071,isotonic,platt
assist2017,concept,deep,akt,0,platt,0.004288806540138305,0.004210176067071245,isotonic,platt
assist2017,concept,deep,akt,0,isotonic,0.00397693566965738,0.004680254555935538,isotonic,platt
assist2017,concept,deep,akt,0,temperature,0.01449265814231676,0.014470289420639614,isotonic,platt
assist2017,concept,deep,akt,1,none,0.015451008298344417,0.01541858714702467,isotonic,isotonic
assist2017,concept,deep,akt,1,platt,0.005373885579700477,0.005251082579439436,isotonic,isotonic
assist2017,concept,deep,akt,1,isotonic,0.004745765694858772,0.005209013042940224,isotonic,isotonic
assist2017,concept,deep,akt,1,temperature,0.01405393135266015,0.014134345421151797,isotonic,isotonic
assist2017,concept,deep,akt,2,none,0.017773417654023436,0.01790283156240424,isotonic,platt
assist2017,concept,deep,akt,2,platt,0.005164818624429441,0.004978718576309823,isotonic,platt
assist2017,concept,deep,akt,2,isotonic,0.004938786011601032,0.005277244698714809,isotonic,platt
assist2017,concept,deep,akt,2,temperature,0.019724630320023473,0.019724630320023404,isotonic,platt
assist2017,concept,deep,akt,3,none,0.017107542544003942,0.01724466986986033,platt,platt
assist2017,concept,deep,akt,3,platt,0.0037776746736617626,0.003279266170258225,platt,platt
assist2017,concept,deep,akt,3,isotonic,0.0056123312190396075,0.0042091401574864285,platt,platt
assist2017,concept,deep,akt,3,temperature,0.015749044311654803,0.015389844163665498,platt,platt
assist2017,concept,deep,akt,4,none,0.021251231974563713,0.02185494246990506,isotonic,isotonic
assist2017,concept,deep,akt,4,platt,0.006401708593460042,0.006648651387547677,isotonic,isotonic
assist2017,concept,deep,akt,4,isotonic,0.005803040279668204,0.005293136626717927,isotonic,isotonic
assist2017,concept,deep,akt,4,temperature,0.023599371790651077,0.023599371790651018,isotonic,isotonic
assist2017,concept,deep,simplekt,0,none,0.02814247960317303,0.028372666979226024,isotonic,platt
assist2017,concept,deep,simplekt,0,platt,0.003940442956014698,0.0037761015483138145,isotonic,platt
assist2017,concept,deep,simplekt,0,isotonic,0.0035288128544684557,0.004079774402697509,isotonic,platt
assist2017,concept,deep,simplekt,0,temperature,0.02412427554603639,0.02412427554603637,isotonic,platt
assist2017,concept,deep,simplekt,1,none,0.02095656718060297,0.02119580039798148,isotonic,isotonic
assist2017,concept,deep,simplekt,1,platt,0.007943256568292131,0.00847270126384474,isotonic,isotonic
assist2017,concept,deep,simplekt,1,isotonic,0.003924811663262659,0.00492162957969824,isotonic,isotonic
assist2017,concept,deep,simplekt,1,temperature,0.0092391006121019,0.009377257091130211,isotonic,isotonic
assist2017,concept,deep,simplekt,2,none,0.019639859795918316,0.019169719764596863,isotonic,isotonic
assist2017,concept,deep,simplekt,2,platt,0.008131570562152022,0.008598162684545677,isotonic,isotonic
assist2017,concept,deep,simplekt,2,isotonic,0.006651053189363146,0.006035456799548511,isotonic,isotonic
assist2017,concept,deep,simplekt,2,temperature,0.007038338766544237,0.0077465339382142215,isotonic,isotonic
assist2017,concept,deep,simplekt,3,none,0.016694348248345526,0.016836264996449767,isotonic,isotonic
assist2017,concept,deep,simplekt,3,platt,0.006173935060838625,0.005532918751347559,isotonic,isotonic
assist2017,concept,deep,simplekt,3,isotonic,0.0039011636246740226,0.0035466342448294986,isotonic,isotonic
assist2017,concept,deep,simplekt,3,temperature,0.016481050333778446,0.016527316571197517,isotonic,isotonic
assist2017,concept,deep,simplekt,4,none,0.03020499858410498,0.03003186951917995,isotonic,isotonic
assist2017,concept,deep,simplekt,4,platt,0.010601137308035228,0.011349582402981092,isotonic,isotonic
assist2017,concept,deep,simplekt,4,isotonic,0.0024434476080915407,0.003871554462892317,isotonic,isotonic
assist2017,concept,deep,simplekt,4,temperature,0.030271847150624275,0.030682910352419237,isotonic,isotonic
assist2017,question,deep,dkt,0,none,0.013515952904644959,0.013231029381156202,platt,platt
assist2017,question,deep,dkt,0,platt,0.004968037676631675,0.004405030478490861,platt,platt
assist2017,question,deep,dkt,0,isotonic,0.005629051044179325,0.00518725480216155,platt,platt
assist2017,question,deep,dkt,0,temperature,0.014520677505085391,0.014431391634085326,platt,platt
assist2017,question,deep,dkt,1,none,0.022204078934785508,0.02224065602727166,platt,platt
assist2017,question,deep,dkt,1,platt,0.004814435452441862,0.0045063762783039895,platt,platt
assist2017,question,deep,dkt,1,isotonic,0.004971664966661542,0.00515419710833114,platt,platt
assist2017,question,deep,dkt,1,temperature,0.024969902432035423,0.024716214611075163,platt,platt
assist2017,question,deep,dkt,2,none,0.011071386702818787,0.01058108310316314,isotonic,platt
assist2017,question,deep,dkt,2,platt,0.005984498149787362,0.005725018948273971,isotonic,platt
assist2017,question,deep,dkt,2,isotonic,0.005026558496131272,0.006417057932989166,isotonic,platt
assist2017,question,deep,dkt,2,temperature,0.011333827814266909,0.010798898598533918,isotonic,platt
assist2017,question,deep,dkt,3,none,0.015396673173311216,0.01544517936399893,isotonic,isotonic
assist2017,question,deep,dkt,3,platt,0.0048073646275697286,0.005175753587044428,isotonic,isotonic
assist2017,question,deep,dkt,3,isotonic,0.0034324974075649085,0.004249682452769794,isotonic,isotonic
assist2017,question,deep,dkt,3,temperature,0.015499574495293865,0.015512948109449079,isotonic,isotonic
assist2017,question,deep,dkt,4,none,0.023157775065113156,0.022824411729961126,platt,platt
assist2017,question,deep,dkt,4,platt,0.00455413412476863,0.004651497248542334,platt,platt
assist2017,question,deep,dkt,4,isotonic,0.005666529836813027,0.005829224986571046,platt,platt
assist2017,question,deep,dkt,4,temperature,0.025487519324953828,0.025448656793196564,platt,platt
assist2017,question,deep,sakt,0,none,0.010698039568648874,0.010697028132330507,isotonic,isotonic
assist2017,question,deep,sakt,0,platt,0.005229208261202431,0.005406615342738625,isotonic,isotonic
assist2017,question,deep,sakt,0,isotonic,0.0037562350960000167,0.004820410696110659,isotonic,isotonic
assist2017,question,deep,sakt,0,temperature,0.009846054018599063,0.009944847187897761,isotonic,isotonic
assist2017,question,deep,sakt,1,none,0.011083586379924355,0.011377035670287486,isotonic,isotonic
assist2017,question,deep,sakt,1,platt,0.005045166497623029,0.005402138576638364,isotonic,isotonic
assist2017,question,deep,sakt,1,isotonic,0.003147690235627464,0.004586690001115858,isotonic,isotonic
assist2017,question,deep,sakt,1,temperature,0.009482296909038124,0.009511376711377214,isotonic,isotonic
assist2017,question,deep,sakt,2,none,0.01260878678269879,0.012696977504261207,isotonic,isotonic
assist2017,question,deep,sakt,2,platt,0.004780763745384363,0.004921574637999994,isotonic,isotonic
assist2017,question,deep,sakt,2,isotonic,0.0038339590599225292,0.004899050146874564,isotonic,isotonic
assist2017,question,deep,sakt,2,temperature,0.008311135426357382,0.008133572575839115,isotonic,isotonic
assist2017,question,deep,sakt,3,none,0.008527695241524132,0.009442448823459924,isotonic,isotonic
assist2017,question,deep,sakt,3,platt,0.006253238149425182,0.006195845578668247,isotonic,isotonic
assist2017,question,deep,sakt,3,isotonic,0.00409758894048689,0.005184448080908483,isotonic,isotonic
assist2017,question,deep,sakt,3,temperature,0.00739271554131741,0.006774253200269454,isotonic,isotonic
assist2017,question,deep,sakt,4,none,0.010413364122700018,0.010402142692400732,platt,temperature
assist2017,question,deep,sakt,4,platt,0.0043268601453398435,0.005414253567973692,platt,temperature
assist2017,question,deep,sakt,4,isotonic,0.005568873451690964,0.00521040171089501,platt,temperature
assist2017,question,deep,sakt,4,temperature,0.004437670508641116,0.005006795605744474,platt,temperature
assist2017,question,deep,akt,0,none,0.015587335669725077,0.0157188426423352,isotonic,platt
assist2017,question,deep,akt,0,platt,0.004303928530983641,0.004209596919266983,isotonic,platt
assist2017,question,deep,akt,0,isotonic,0.003976273864726049,0.004530349572991334,isotonic,platt
assist2017,question,deep,akt,0,temperature,0.01449138298035566,0.014470125894435486,isotonic,platt
assist2017,question,deep,akt,1,none,0.015453217976339913,0.015418550124601308,isotonic,isotonic
assist2017,question,deep,akt,1,platt,0.005368998444568992,0.005261886503914632,isotonic,isotonic
assist2017,question,deep,akt,1,isotonic,0.004720777329910962,0.005058373723529479,isotonic,isotonic
assist2017,question,deep,akt,1,temperature,0.01405833018242581,0.014145664282065193,isotonic,isotonic
assist2017,question,deep,akt,2,none,0.01778694583359106,0.01789159180275304,isotonic,platt
assist2017,question,deep,akt,2,platt,0.00517093667571859,0.004967066797039337,isotonic,platt
assist2017,question,deep,akt,2,isotonic,0.0048001951187914005,0.005515915013442647,isotonic,platt
assist2017,question,deep,akt,2,temperature,0.019724404650720503,0.01972440465072051,isotonic,platt
assist2017,question,deep,akt,3,none,0.01711432155574445,0.017244707960420085,platt,platt
assist2017,question,deep,akt,3,platt,0.003784090830760982,0.0032790693801081137,platt,platt
assist2017,question,deep,akt,3,isotonic,0.005584862326857794,0.004507329123891295,platt,platt
assist2017,question,deep,akt,3,temperature,0.015742387131283914,0.015389864376028847,platt,platt
assist2017,question,deep,akt,4,none,0.02123777022732007,0.021854959019390555,isotonic,isotonic
assist2017,question,deep,akt,4,platt,0.006388025759548976,0.0066484197119314175,isotonic,isotonic
assist2017,question,deep,akt,4,isotonic,0.005735826094392344,0.005117323742702133,isotonic,isotonic
assist2017,question,deep,akt,4,temperature,0.02359929112130393,0.023599291121304104,isotonic,isotonic
assist2017,question,deep,simplekt,0,none,0.0281311852031029,0.028361385408990407,isotonic,platt
assist2017,question,deep,simplekt,0,platt,0.003975399396970698,0.0037649046675767004,isotonic,platt
assist2017,question,deep,simplekt,0,isotonic,0.003402405035960566,0.004066534090639624,isotonic,platt
assist2017,question,deep,simplekt,0,temperature,0.0241244110807826,0.02412441108078265,isotonic,platt
assist2017,question,deep,simplekt,1,none,0.020954364983377053,0.0211733291330787,isotonic,isotonic
assist2017,question,deep,simplekt,1,platt,0.00795108590254166,0.008495205467986641,isotonic,isotonic
assist2017,question,deep,simplekt,1,isotonic,0.003908353268306056,0.004748754565600349,isotonic,isotonic
assist2017,question,deep,simplekt,1,temperature,0.009207583717475588,0.009399734489098262,isotonic,isotonic
assist2017,question,deep,simplekt,2,none,0.0196387653501493,0.019169745790838556,isotonic,isotonic
assist2017,question,deep,simplekt,2,platt,0.008122605769755526,0.008575659574385115,isotonic,isotonic
assist2017,question,deep,simplekt,2,isotonic,0.0066844901615070295,0.0060409782048227055,isotonic,isotonic
assist2017,question,deep,simplekt,2,temperature,0.007058632985544956,0.007735332550009607,isotonic,isotonic
assist2017,question,deep,simplekt,3,none,0.016697776865222523,0.016847533569222622,isotonic,isotonic
assist2017,question,deep,simplekt,3,platt,0.006212116715655572,0.0054879316984876286,isotonic,isotonic
assist2017,question,deep,simplekt,3,isotonic,0.003809332745492994,0.00350832255056778,isotonic,isotonic
assist2017,question,deep,simplekt,3,temperature,0.01647198841758815,0.016527318038105282,isotonic,isotonic
assist2017,question,deep,simplekt,4,none,0.03020727862876697,0.030031909747028393,isotonic,isotonic
assist2017,question,deep,simplekt,4,platt,0.010578549419983516,0.011372017717712778,isotonic,isotonic
assist2017,question,deep,simplekt,4,isotonic,0.002449257625436484,0.0033158270360594427,isotonic,isotonic
assist2017,question,deep,simplekt,4,temperature,0.030270668472818583,0.030671609965220177,isotonic,isotonic
assist2017,question,classical,bkt,0,none,0.01500083303172622,0.017652977932739917,isotonic,isotonic
assist2017,question,classical,bkt,0,platt,0.014132724342949342,0.014722173094209121,isotonic,isotonic
assist2017,question,classical,bkt,0,isotonic,0.0034398844013365766,0.00331355284469702,isotonic,isotonic
assist2017,question,classical,bkt,0,temperature,0.017005808753964652,0.018574812821906615,isotonic,isotonic
assist2017,question,classical,bkt,1,none,0.01495384343228952,0.01517429415994041,isotonic,isotonic
assist2017,question,classical,bkt,1,platt,0.014236044461026769,0.013657783329253319,isotonic,isotonic
assist2017,question,classical,bkt,1,isotonic,0.004975978978773716,0.004514024037543547,isotonic,isotonic
assist2017,question,classical,bkt,1,temperature,0.01629042791368052,0.01584400461725153,isotonic,isotonic
assist2017,question,classical,bkt,2,none,0.01463339654846075,0.016613822088103164,isotonic,isotonic
assist2017,question,classical,bkt,2,platt,0.015226610701733355,0.01536155205457083,isotonic,isotonic
assist2017,question,classical,bkt,2,isotonic,0.005223947162521392,0.006878336009489263,isotonic,isotonic
assist2017,question,classical,bkt,2,temperature,0.016365596193239035,0.017918213010474568,isotonic,isotonic
assist2017,question,classical,bkt,3,none,0.015258076917813865,0.0160922748297869,isotonic,isotonic
assist2017,question,classical,bkt,3,platt,0.009640246211299794,0.014961629559102602,isotonic,isotonic
assist2017,question,classical,bkt,3,isotonic,0.007536569498398326,0.009690457839135514,isotonic,isotonic
assist2017,question,classical,bkt,3,temperature,0.014685238161764574,0.015630173370520927,isotonic,isotonic
assist2017,question,classical,bkt,4,none,0.014283908636518343,0.015742997223684288,isotonic,isotonic
assist2017,question,classical,bkt,4,platt,0.01387112460617942,0.013443039738980145,isotonic,isotonic
assist2017,question,classical,bkt,4,isotonic,0.006010124224710737,0.005606595203865632,isotonic,isotonic
assist2017,question,classical,bkt,4,temperature,0.015507665988877624,0.01655268473837075,isotonic,isotonic
assist2017,question,classical,pfa,0,none,0.012730619851819322,0.013445488772629681,isotonic,isotonic
assist2017,question,classical,pfa,0,platt,0.012454365509207475,0.013292458829530155,isotonic,isotonic
assist2017,question,classical,pfa,0,isotonic,0.0037517308772860177,0.004019635164059079,isotonic,isotonic
assist2017,question,classical,pfa,0,temperature,0.012602823557533015,0.0133592145913171,isotonic,isotonic
assist2017,question,classical,pfa,1,none,0.011725637822542214,0.012766819071957224,isotonic,isotonic
assist2017,question,classical,pfa,1,platt,0.012542070724453435,0.014232357519243151,isotonic,isotonic
assist2017,question,classical,pfa,1,isotonic,0.004133943781645774,0.004285285089995795,isotonic,isotonic
assist2017,question,classical,pfa,1,temperature,0.014474384421431995,0.014856637786162452,isotonic,isotonic
assist2017,question,classical,pfa,2,none,0.01195059116049192,0.012897782059662705,isotonic,isotonic
assist2017,question,classical,pfa,2,platt,0.011457503863545786,0.013167389201720645,isotonic,isotonic
assist2017,question,classical,pfa,2,isotonic,0.004786065817175556,0.004844997545219021,isotonic,isotonic
assist2017,question,classical,pfa,2,temperature,0.01279000582246734,0.014293598533687866,isotonic,isotonic
assist2017,question,classical,pfa,3,none,0.01021127074134102,0.013561312923540042,temperature,isotonic
assist2017,question,classical,pfa,3,platt,0.015073976582006819,0.016322327752524998,temperature,isotonic
assist2017,question,classical,pfa,3,isotonic,0.010931558539849642,0.012468763524127666,temperature,isotonic
assist2017,question,classical,pfa,3,temperature,0.009446831506306522,0.013036223583972852,temperature,isotonic
assist2017,question,classical,pfa,4,none,0.011076841872391354,0.012985208192543406,isotonic,isotonic
assist2017,question,classical,pfa,4,platt,0.00984085565250829,0.012202331393434762,isotonic,isotonic
assist2017,question,classical,pfa,4,isotonic,0.0032506734512691474,0.0047464965366508455,isotonic,isotonic
assist2017,question,classical,pfa,4,temperature,0.010495487756238656,0.012533760033333584,isotonic,isotonic
assist2017,question,classical,pfa_recency,0,none,0.010183382171952745,0.011407378661620716,isotonic,isotonic
assist2017,question,classical,pfa_recency,0,platt,0.010722050068743817,0.011459156870781036,isotonic,isotonic
assist2017,question,classical,pfa_recency,0,isotonic,0.003381844216231654,0.007044351725841773,isotonic,isotonic
assist2017,question,classical,pfa_recency,0,temperature,0.010164526644491818,0.011468176192066927,isotonic,isotonic
assist2017,question,classical,pfa_recency,1,none,0.010317640417731309,0.010892185368565434,isotonic,isotonic
assist2017,question,classical,pfa_recency,1,platt,0.012468060204446609,0.01299151834761404,isotonic,isotonic
assist2017,question,classical,pfa_recency,1,isotonic,0.00402151750080814,0.004953517912173635,isotonic,isotonic
assist2017,question,classical,pfa_recency,1,temperature,0.01181735603059671,0.012856089578949991,isotonic,isotonic
assist2017,question,classical,pfa_recency,2,none,0.00928353805590644,0.010906875112955093,isotonic,isotonic
assist2017,question,classical,pfa_recency,2,platt,0.01160282364038161,0.012537335230621038,isotonic,isotonic
assist2017,question,classical,pfa_recency,2,isotonic,0.0046563078431081616,0.0059435934030442296,isotonic,isotonic
assist2017,question,classical,pfa_recency,2,temperature,0.010632008579431864,0.012450094880181577,isotonic,isotonic
assist2017,question,classical,pfa_recency,3,none,0.010664966390238501,0.012223191848207759,isotonic,isotonic
assist2017,question,classical,pfa_recency,3,platt,0.014231085667220054,0.014259971572755048,isotonic,isotonic
assist2017,question,classical,pfa_recency,3,isotonic,0.010225974661311187,0.011796217648751418,isotonic,isotonic
assist2017,question,classical,pfa_recency,3,temperature,0.010923811296358634,0.012385702157681597,isotonic,isotonic
assist2017,question,classical,pfa_recency,4,none,0.009588073236839623,0.011141301670421051,isotonic,isotonic
assist2017,question,classical,pfa_recency,4,platt,0.009250787513145176,0.0109399602241134,isotonic,isotonic
assist2017,question,classical,pfa_recency,4,isotonic,0.0026131227919506503,0.00393843087486833,isotonic,isotonic
assist2017,question,classical,pfa_recency,4,temperature,0.009484407725040203,0.010926271458301965,isotonic,isotonic
assist2017,question,classical,elorasch,0,none,0.027590754861414487,0.028824328729953073,isotonic,isotonic
assist2017,question,classical,elorasch,0,platt,0.007329230860861563,0.008607664133240937,isotonic,isotonic
assist2017,question,classical,elorasch,0,isotonic,0.005358053813014925,0.006936466894039496,isotonic,isotonic
assist2017,question,classical,elorasch,0,temperature,0.007581478631254572,0.008513277974595744,isotonic,isotonic
assist2017,question,classical,elorasch,1,none,0.026142078611739325,0.02739100853660024,isotonic,isotonic
assist2017,question,classical,elorasch,1,platt,0.0074907865202982656,0.009059108448878382,isotonic,isotonic
assist2017,question,classical,elorasch,1,isotonic,0.004412738823360688,0.005769272271351207,isotonic,isotonic
assist2017,question,classical,elorasch,1,temperature,0.006913528143596266,0.00876995271472618,isotonic,isotonic
assist2017,question,classical,elorasch,2,none,0.026107858569359182,0.02742832904076748,isotonic,isotonic
assist2017,question,classical,elorasch,2,platt,0.008016778944983859,0.009359390364598572,isotonic,isotonic
assist2017,question,classical,elorasch,2,isotonic,0.004848702680614524,0.00458660732023523,isotonic,isotonic
assist2017,question,classical,elorasch,2,temperature,0.007291572662385848,0.00914692329670097,isotonic,isotonic
assist2017,question,classical,elorasch,3,none,0.027326840422844632,0.028214573993785783,isotonic,isotonic
assist2017,question,classical,elorasch,3,platt,0.007532013573675611,0.009822999406115276,isotonic,isotonic
assist2017,question,classical,elorasch,3,isotonic,0.006149792937502245,0.007729282995720497,isotonic,isotonic
assist2017,question,classical,elorasch,3,temperature,0.007158040068548968,0.009565481227047264,isotonic,isotonic
assist2017,question,classical,elorasch,4,none,0.027361807377404346,0.028382447104796503,isotonic,isotonic
assist2017,question,classical,elorasch,4,platt,0.007445263284061291,0.009376581312781445,isotonic,isotonic
assist2017,question,classical,elorasch,4,isotonic,0.005097730103437645,0.006710238734646055,isotonic,isotonic
assist2017,question,classical,elorasch,4,temperature,0.0067417231779998,0.009262807559655702,isotonic,isotonic
bridge2algebra2006,concept,deep,dkt,0,none,0.006761580731020383,0.006149820316108645,platt,isotonic
bridge2algebra2006,concept,deep,dkt,0,platt,0.002860268612430167,0.0037280224827930066,platt,isotonic
bridge2algebra2006,concept,deep,dkt,0,isotonic,0.0031651615479449165,0.0033572353022404103,platt,isotonic
bridge2algebra2006,concept,deep,dkt,0,temperature,0.004094210088054179,0.005040516647748037,platt,isotonic
bridge2algebra2006,concept,deep,dkt,1,none,0.006635081625735952,0.006294370475589718,platt,platt
bridge2algebra2006,concept,deep,dkt,1,platt,0.001980628872831911,0.002661946040635707,platt,platt
bridge2algebra2006,concept,deep,dkt,1,isotonic,0.0030541403520872768,0.0031230033667498484,platt,platt
bridge2algebra2006,concept,deep,dkt,1,temperature,0.00469031426239876,0.005246087689951092,platt,platt
bridge2algebra2006,concept,deep,dkt,2,none,0.004558214192591886,0.004523764006423953,isotonic,isotonic
bridge2algebra2006,concept,deep,dkt,2,platt,0.003427622096419148,0.003910334474882384,isotonic,isotonic
bridge2algebra2006,concept,deep,dkt,2,isotonic,0.0033896325313692278,0.003504614427882561,isotonic,isotonic
bridge2algebra2006,concept,deep,dkt,2,temperature,0.005443699910446735,0.006144695862338982,isotonic,isotonic
bridge2algebra2006,concept,deep,dkt,3,none,0.006199228763091935,0.0066403117679181434,isotonic,isotonic
bridge2algebra2006,concept,deep,dkt,3,platt,0.004887789254337446,0.005568526652407146,isotonic,isotonic
bridge2algebra2006,concept,deep,dkt,3,isotonic,0.004780393710307197,0.004832000193473261,isotonic,isotonic
bridge2algebra2006,concept,deep,dkt,3,temperature,0.008373774195539743,0.009278030074442731,isotonic,isotonic
bridge2algebra2006,concept,deep,dkt,4,none,0.004964129909091338,0.005621768098187437,platt,isotonic
bridge2algebra2006,concept,deep,dkt,4,platt,0.002348876277049416,0.002652512779868359,platt,isotonic
bridge2algebra2006,concept,deep,dkt,4,isotonic,0.00236119813503418,0.002637158416398301,platt,isotonic
bridge2algebra2006,concept,deep,dkt,4,temperature,0.0060512613388799645,0.006629184266268776,platt,isotonic
bridge2algebra2006,concept,deep,sakt,0,none,0.014437186731399458,0.01450553575550394,isotonic,platt
bridge2algebra2006,concept,deep,sakt,0,platt,0.0023817289142325977,0.002666441271511726,isotonic,platt
bridge2algebra2006,concept,deep,sakt,0,isotonic,0.001953266337780984,0.0028854934181440847,isotonic,platt
bridge2algebra2006,concept,deep,sakt,0,temperature,0.010525763056133388,0.01091457091187479,isotonic,platt
bridge2algebra2006,concept,deep,sakt,1,none,0.012355029991690901,0.012322266886768761,isotonic,isotonic
bridge2algebra2006,concept,deep,sakt,1,platt,0.0026029911387067508,0.003142022382788475,isotonic,isotonic
bridge2algebra2006,concept,deep,sakt,1,isotonic,0.002335086040975407,0.002902114433945096,isotonic,isotonic
bridge2algebra2006,concept,deep,sakt,1,temperature,0.00884072566963171,0.009117351684948342,isotonic,isotonic
bridge2algebra2006,concept,deep,sakt,2,none,0.01393281647838285,0.014329665416523137,platt,platt
bridge2algebra2006,concept,deep,sakt,2,platt,0.00281540830498693,0.002355107375073527,platt,platt
bridge2algebra2006,concept,deep,sakt,2,isotonic,0.003399578863930093,0.0029533840371588193,platt,platt
bridge2algebra2006,concept,deep,sakt,2,temperature,0.012891157676232279,0.013037041757288502,platt,platt
bridge2algebra2006,concept,deep,sakt,3,none,0.01188629075368337,0.01203990894251929,platt,platt
bridge2algebra2006,concept,deep,sakt,3,platt,0.004167771023618963,0.004023300735890602,platt,platt
bridge2algebra2006,concept,deep,sakt,3,isotonic,0.004335474250869015,0.0041336754914534455,platt,platt
bridge2algebra2006,concept,deep,sakt,3,temperature,0.0081680192622814,0.00868779291075251,platt,platt
bridge2algebra2006,concept,deep,sakt,4,none,0.018230350742104457,0.017784550307356317,isotonic,isotonic
bridge2algebra2006,concept,deep,sakt,4,platt,0.0031170999206507877,0.00452880747083607,isotonic,isotonic
bridge2algebra2006,concept,deep,sakt,4,isotonic,0.0031149473794545987,0.002755261705026331,isotonic,isotonic
bridge2algebra2006,concept,deep,sakt,4,temperature,0.012810853606631886,0.013827426411342976,isotonic,isotonic
bridge2algebra2006,concept,deep,akt,0,none,0.006051513949150985,0.005785620837501881,isotonic,isotonic
bridge2algebra2006,concept,deep,akt,0,platt,0.0023099760999643255,0.0036560438588633414,isotonic,isotonic
bridge2algebra2006,concept,deep,akt,0,isotonic,0.00219062982454538,0.0021774968254015137,isotonic,isotonic
bridge2algebra2006,concept,deep,akt,0,temperature,0.0032459649552001673,0.004807032587435684,isotonic,isotonic
bridge2algebra2006,concept,deep,akt,1,none,0.006429393982417059,0.006646476721333188,isotonic,isotonic
bridge2algebra2006,concept,deep,akt,1,platt,0.002526436837701845,0.0040789963812494995,isotonic,isotonic
bridge2algebra2006,concept,deep,akt,1,isotonic,0.0022825143252820797,0.003722385197466103,isotonic,isotonic
bridge2algebra2006,concept,deep,akt,1,temperature,0.0026112188539746664,0.004143498515761323,isotonic,isotonic
bridge2algebra2006,concept,deep,akt,2,none,0.007232700376614015,0.007181180923045162,isotonic,isotonic
bridge2algebra2006,concept,deep,akt,2,platt,0.0032670338834623115,0.00428483102085697,isotonic,isotonic
bridge2algebra2006,concept,deep,akt,2,isotonic,0.0026921142614853484,0.002902740527611435,isotonic,isotonic
bridge2algebra2006,concept,deep,akt,2,temperature,0.004265674144401423,0.005766919540065387,isotonic,isotonic
bridge2algebra2006,concept,deep,akt,3,none,0.006270554731012391,0.006531643233418719,isotonic,isotonic
bridge2algebra2006,concept,deep,akt,3,platt,0.0043504503502253735,0.005386364926556302,isotonic,isotonic
bridge2algebra2006,concept,deep,akt,3,isotonic,0.003962007178189468,0.004088826130542584,isotonic,isotonic
bridge2algebra2006,concept,deep,akt,3,temperature,0.006554521685157987,0.008220525176597118,isotonic,isotonic
bridge2algebra2006,concept,deep,akt,4,none,0.008949604482249152,0.008944286303091718,isotonic,isotonic
bridge2algebra2006,concept,deep,akt,4,platt,0.0025599433524939406,0.002772615790125166,isotonic,isotonic
bridge2algebra2006,concept,deep,akt,4,isotonic,0.002321151876079313,0.0019305146337064527,isotonic,isotonic
bridge2algebra2006,concept,deep,akt,4,temperature,0.00825096884315198,0.009602308572039985,isotonic,isotonic
bridge2algebra2006,concept,deep,simplekt,0,none,0.006857957417849884,0.008473605990475926,isotonic,isotonic
bridge2algebra2006,concept,deep,simplekt,0,platt,0.0043318167894764595,0.005047006238590248,isotonic,isotonic
bridge2algebra2006,concept,deep,simplekt,0,isotonic,0.00196616116063288,0.0017154736355514519,isotonic,isotonic
bridge2algebra2006,concept,deep,simplekt,0,temperature,0.006799063795772581,0.007914667809658221,isotonic,isotonic
bridge2algebra2006,concept,deep,simplekt,1,none,0.012604301835641672,0.01232667652028284,isotonic,isotonic
bridge2algebra2006,concept,deep,simplekt,1,platt,0.008468632280319941,0.010551062722948276,isotonic,isotonic
bridge2algebra2006,concept,deep,simplekt,1,isotonic,0.0028861538375881024,0.0038846297456303094,isotonic,isotonic
bridge2algebra2006,concept,deep,simplekt,1,temperature,0.008711536043997877,0.010631600592823674,isotonic,isotonic
bridge2algebra2006,concept,deep,simplekt,2,none,0.018963254434421147,0.018985597807516304,isotonic,isotonic
bridge2algebra2006,concept,deep,simplekt,2,platt,0.008402642458461462,0.010416077371449404,isotonic,isotonic
bridge2algebra2006,concept,deep,simplekt,2,isotonic,0.002538118405439769,0.002356302403544241,isotonic,isotonic
bridge2algebra2006,concept,deep,simplekt,2,temperature,0.01930040981276146,0.02128683946356683,isotonic,isotonic
bridge2algebra2006,concept,deep,simplekt,3,none,0.029777768356392155,0.02977776835639215,isotonic,isotonic
bridge2algebra2006,concept,deep,simplekt,3,platt,0.00653234897607881,0.009378480530372721,isotonic,isotonic
bridge2algebra2006,concept,deep,simplekt,3,isotonic,0.004675632873492768,0.004717857261048533,isotonic,isotonic
bridge2algebra2006,concept,deep,simplekt,3,temperature,0.01613354514826723,0.01707144802822218,isotonic,isotonic
bridge2algebra2006,concept,deep,simplekt,4,none,0.027680635515835095,0.027283980179903675,isotonic,isotonic
bridge2algebra2006,concept,deep,simplekt,4,platt,0.0033846780432913734,0.004052464787053611,isotonic,isotonic
bridge2algebra2006,concept,deep,simplekt,4,isotonic,0.003121219175271127,0.003768179859295432,isotonic,isotonic
bridge2algebra2006,concept,deep,simplekt,4,temperature,0.011229286465407407,0.01219046534792652,isotonic,isotonic
bridge2algebra2006,question,deep,dkt,0,none,0.0068486919998865066,0.006203308454181673,platt,isotonic
bridge2algebra2006,question,deep,dkt,0,platt,0.0028935584566675654,0.003800553437481347,platt,isotonic
bridge2algebra2006,question,deep,dkt,0,isotonic,0.0031414479997261347,0.0035171771641804017,platt,isotonic
bridge2algebra2006,question,deep,dkt,0,temperature,0.0041437851273697975,0.005136812984194272,platt,isotonic
bridge2algebra2006,question,deep,dkt,1,none,0.006721636064364122,0.0063411320486988065,platt,platt
bridge2algebra2006,question,deep,dkt,1,platt,0.0019216631988144281,0.002698394663898846,platt,platt
bridge2algebra2006,question,deep,dkt,1,isotonic,0.0030526075047625587,0.00289801360920548,platt,platt
bridge2algebra2006,question,deep,dkt,1,temperature,0.004752623228042655,0.005303803198580127,platt,platt
bridge2algebra2006,question,deep,dkt,2,none,0.004583208842977748,0.0046021809461645365,isotonic,isotonic
bridge2algebra2006,question,deep,dkt,2,platt,0.0034680807554587083,0.003974946099306136,isotonic,isotonic
bridge2algebra2006,question,deep,dkt,2,isotonic,0.0034293442827725384,0.003512898430676976,isotonic,isotonic
bridge2algebra2006,question,deep,dkt,2,temperature,0.005555278492326843,0.006287893112753384,isotonic,isotonic
bridge2algebra2006,question,deep,dkt,3,none,0.006233317819337629,0.0066383636518432656,isotonic,isotonic
bridge2algebra2006,question,deep,dkt,3,platt,0.004933642558843122,0.005655602251993957,isotonic,isotonic
bridge2algebra2006,question,deep,dkt,3,isotonic,0.004827343666280911,0.004851058754153918,isotonic,isotonic
bridge2algebra2006,question,deep,dkt,3,temperature,0.008454306625531639,0.00939813513247224,isotonic,isotonic
bridge2algebra2006,question,deep,dkt,4,none,0.005061681471180798,0.005720313023242585,isotonic,isotonic
bridge2algebra2006,question,deep,dkt,4,platt,0.002444147020073188,0.0027550890270196526,isotonic,isotonic
bridge2algebra2006,question,deep,dkt,4,isotonic,0.002313137945425538,0.0025852313358358417,isotonic,isotonic
bridge2algebra2006,question,deep,dkt,4,temperature,0.006157958935507884,0.006759370538575732,isotonic,isotonic
bridge2algebra2006,question,deep,sakt,0,none,0.014443467661832842,0.014534838096319239,isotonic,platt
bridge2algebra2006,question,deep,sakt,0,platt,0.002502418878349715,0.002677273307460349,isotonic,platt
bridge2algebra2006,question,deep,sakt,0,isotonic,0.0019694806679368994,0.002830034261643738,isotonic,platt
bridge2algebra2006,question,deep,sakt,0,temperature,0.010406554993252748,0.010794529018710853,isotonic,platt
bridge2algebra2006,question,deep,sakt,1,none,0.012313359536850657,0.012308996509350958,isotonic,isotonic
bridge2algebra2006,question,deep,sakt,1,platt,0.002561767127059373,0.003044105382973267,isotonic,isotonic
bridge2algebra2006,question,deep,sakt,1,isotonic,0.002237033489576136,0.002867119431271115,isotonic,isotonic
bridge2algebra2006,question,deep,sakt,1,temperature,0.008770426011191192,0.009028908646936583,isotonic,isotonic
bridge2algebra2006,question,deep,sakt,2,none,0.013858546130487507,0.01423310412350655,platt,platt
bridge2algebra2006,question,deep,sakt,2,platt,0.0026702482178321495,0.0022657156842575965,platt,platt
bridge2algebra2006,question,deep,sakt,2,isotonic,0.003489645084562862,0.002980169246405596,platt,platt
bridge2algebra2006,question,deep,sakt,2,temperature,0.012801818763901669,0.012952272648215708,platt,platt
bridge2algebra2006,question,deep,sakt,3,none,0.011774542952010664,0.011974028152226335,platt,platt
bridge2algebra2006,question,deep,sakt,3,platt,0.004205637174324579,0.004044235611202496,platt,platt
bridge2algebra2006,question,deep,sakt,3,isotonic,0.004360306239617235,0.004179904824579649,platt,platt
bridge2algebra2006,question,deep,sakt,3,temperature,0.008183427484908065,0.008696812090599476,platt,platt
bridge2algebra2006,question,deep,sakt,4,none,0.018236910066123643,0.017858858018560065,platt,isotonic
bridge2algebra2006,question,deep,sakt,4,platt,0.0029859291762483454,0.004421484180785024,platt,isotonic
bridge2algebra2006,question,deep,sakt,4,isotonic,0.0030711449554691153,0.0027711656411694707,platt,isotonic
bridge2algebra2006,question,deep,sakt,4,temperature,0.01270294050844097,0.01377417535498389,platt,isotonic
bridge2algebra2006,question,deep,akt,0,none,0.0061803028067087306,0.005904440502880443,isotonic,isotonic
bridge2algebra2006,question,deep,akt,0,platt,0.002258231148291609,0.0036762525653723233,isotonic,isotonic
bridge2algebra2006,question,deep,akt,0,isotonic,0.002171133832207535,0.0025368807730588973,isotonic,isotonic
bridge2algebra2006,question,deep,akt,0,temperature,0.0032554692286229656,0.004970253535644437,isotonic,isotonic
bridge2algebra2006,question,deep,akt,1,none,0.006584363878877588,0.006748800124868731,isotonic,isotonic
bridge2algebra2006,question,deep,akt,1,platt,0.0024936957246202676,0.004111772191704722,isotonic,isotonic
bridge2algebra2006,question,deep,akt,1,isotonic,0.002281204412564942,0.003425029625959175,isotonic,isotonic
bridge2algebra2006,question,deep,akt,1,temperature,0.0026516313481078618,0.004295274059423432,isotonic,isotonic
bridge2algebra2006,question,deep,akt,2,none,0.007337601384907931,0.00723588841274792,isotonic,isotonic
bridge2algebra2006,question,deep,akt,2,platt,0.0032144942761010765,0.004317866549545968,isotonic,isotonic
bridge2algebra2006,question,deep,akt,2,isotonic,0.0026591293209423483,0.0029731721082005727,isotonic,isotonic
bridge2algebra2006,question,deep,akt,2,temperature,0.00426771438804041,0.005875525446796327,isotonic,isotonic
bridge2algebra2006,question,deep,akt,3,none,0.0063474577858501375,0.006549231489627356,isotonic,isotonic
bridge2algebra2006,question,deep,akt,3,platt,0.004376923112840907,0.005455866184843944,isotonic,isotonic
bridge2algebra2006,question,deep,akt,3,isotonic,0.004053345809605732,0.004105224651440798,isotonic,isotonic
bridge2algebra2006,question,deep,akt,3,temperature,0.006653661377858687,0.008360064850456723,isotonic,isotonic
bridge2algebra2006,question,deep,akt,4,none,0.009065171836422197,0.00900008173227006,isotonic,isotonic
bridge2algebra2006,question,deep,akt,4,platt,0.0026156313090078746,0.002831564621980453,isotonic,isotonic
bridge2algebra2006,question,deep,akt,4,isotonic,0.0023065783381634257,0.001914990732787875,isotonic,isotonic
bridge2algebra2006,question,deep,akt,4,temperature,0.00834115872961734,0.009740851597317466,isotonic,isotonic
bridge2algebra2006,question,deep,simplekt,0,none,0.006865889547918525,0.008499584243834636,isotonic,isotonic
bridge2algebra2006,question,deep,simplekt,0,platt,0.004251902655351881,0.005004551679597652,isotonic,isotonic
bridge2algebra2006,question,deep,simplekt,0,isotonic,0.0019530895241924359,0.002245340400670204,isotonic,isotonic
bridge2algebra2006,question,deep,simplekt,0,temperature,0.006827311197176997,0.00798553740063509,isotonic,isotonic
bridge2algebra2006,question,deep,simplekt,1,none,0.012628964440786815,0.01230635298124132,isotonic,isotonic
bridge2algebra2006,question,deep,simplekt,1,platt,0.00843763561713265,0.010574129275921506,isotonic,isotonic
bridge2algebra2006,question,deep,simplekt,1,isotonic,0.0029135003185185274,0.0038361892263900966,isotonic,isotonic
bridge2algebra2006,question,deep,simplekt,1,temperature,0.008759043882890673,0.010673764800636915,isotonic,isotonic
bridge2algebra2006,question,deep,simplekt,2,none,0.019059451996480768,0.019067918097454395,isotonic,isotonic
bridge2algebra2006,question,deep,simplekt,2,platt,0.0083861186308019,0.010402714897298762,isotonic,isotonic
bridge2algebra2006,question,deep,simplekt,2,isotonic,0.0025949944205906892,0.0023449636976472787,isotonic,isotonic
bridge2algebra2006,question,deep,simplekt,2,temperature,0.019399786719301346,0.021392834564363323,isotonic,isotonic
bridge2algebra2006,question,deep,simplekt,3,none,0.029788476317507195,0.029788476317507147,isotonic,isotonic
bridge2algebra2006,question,deep,simplekt,3,platt,0.00650051553368279,0.009348489784586118,isotonic,isotonic
bridge2algebra2006,question,deep,simplekt,3,isotonic,0.004788397183326106,0.00473771273054725,isotonic,isotonic
bridge2algebra2006,question,deep,simplekt,3,temperature,0.016129904425778902,0.016992317406964996,isotonic,isotonic
bridge2algebra2006,question,deep,simplekt,4,none,0.027689047308227095,0.02730703294832137,isotonic,platt
bridge2algebra2006,question,deep,simplekt,4,platt,0.003354505157197659,0.00397692403226252,isotonic,platt
bridge2algebra2006,question,deep,simplekt,4,isotonic,0.0031425868718448578,0.004106486803782806,isotonic,platt
bridge2algebra2006,question,deep,simplekt,4,temperature,0.011284889972022687,0.0122199470527025,isotonic,platt
bridge2algebra2006,question,classical,bkt,0,none,0.0059929483443283945,0.008961586817050811,isotonic,isotonic
bridge2algebra2006,question,classical,bkt,0,platt,0.005252503285483486,0.006988321671809598,isotonic,isotonic
bridge2algebra2006,question,classical,bkt,0,isotonic,0.0035022324855299575,0.0029997114265690097,isotonic,isotonic
bridge2algebra2006,question,classical,bkt,0,temperature,0.0070668612238016645,0.009154128419886541,isotonic,isotonic
bridge2algebra2006,question,classical,bkt,1,none,0.006364771253486061,0.00829518173565259,isotonic,isotonic
bridge2algebra2006,question,classical,bkt,1,platt,0.005580154953165261,0.00746708959624511,isotonic,isotonic
bridge2algebra2006,question,classical,bkt,1,isotonic,0.003150286514654936,0.00437922465085678,isotonic,isotonic
bridge2algebra2006,question,classical,bkt,1,temperature,0.005799177988639283,0.008487347691042549,isotonic,isotonic
bridge2algebra2006,question,classical,bkt,2,none,0.0056140158430794665,0.008465353515259821,none,isotonic
bridge2algebra2006,question,classical,bkt,2,platt,0.008348436001135575,0.006874931537916695,none,isotonic
bridge2algebra2006,question,classical,bkt,2,isotonic,0.006451110806815837,0.006491598029661101,none,isotonic
bridge2algebra2006,question,classical,bkt,2,temperature,0.009822937075500186,0.00971624297697171,none,isotonic
bridge2algebra2006,question,classical,bkt,3,none,0.005700392504317693,0.007408578417284736,none,platt
bridge2algebra2006,question,classical,bkt,3,platt,0.008866361331196523,0.0072093554240988044,none,platt
bridge2algebra2006,question,classical,bkt,3,isotonic,0.007452873763923818,0.00745287376392265,none,platt
bridge2algebra2006,question,classical,bkt,3,temperature,0.011130126057405735,0.01025116242167843,none,platt
bridge2algebra2006,question,classical,bkt,4,none,0.00633655787871662,0.007693746813877048,isotonic,isotonic
bridge2algebra2006,question,classical,bkt,4,platt,0.006028081577340315,0.006159566009801273,isotonic,isotonic
bridge2algebra2006,question,classical,bkt,4,isotonic,0.004216964296267779,0.00482879364707848,isotonic,isotonic
bridge2algebra2006,question,classical,bkt,4,temperature,0.00849906088625774,0.008877149670365535,isotonic,isotonic
bridge2algebra2006,question,classical,pfa,0,none,0.010534718279675672,0.013287167778515135,isotonic,isotonic
bridge2algebra2006,question,classical,pfa,0,platt,0.009924443189682232,0.012625607261664382,isotonic,isotonic
bridge2algebra2006,question,classical,pfa,0,isotonic,0.0035193626003070257,0.0042091962821566254,isotonic,isotonic
bridge2algebra2006,question,classical,pfa,0,temperature,0.009885102556447974,0.012606310533408955,isotonic,isotonic
bridge2algebra2006,question,classical,pfa,1,none,0.01322025142579408,0.017643258920053025,isotonic,isotonic
bridge2algebra2006,question,classical,pfa,1,platt,0.010793914949826715,0.015149350965232703,isotonic,isotonic
bridge2algebra2006,question,classical,pfa,1,isotonic,0.004233007500389262,0.0036911902964817086,isotonic,isotonic
bridge2algebra2006,question,classical,pfa,1,temperature,0.012457766273497428,0.016453318333658103,isotonic,isotonic
bridge2algebra2006,question,classical,pfa,2,none,0.009077172165842957,0.011746887668652988,isotonic,isotonic
bridge2algebra2006,question,classical,pfa,2,platt,0.010039314224404426,0.012681974931906662,isotonic,isotonic
bridge2algebra2006,question,classical,pfa,2,isotonic,0.0030989595516914374,0.0027189850649831414,isotonic,isotonic
bridge2algebra2006,question,classical,pfa,2,temperature,0.009624034896693657,0.012043665900186285,isotonic,isotonic
bridge2algebra2006,question,classical,pfa,3,none,0.008024741247739867,0.010824225291988397,isotonic,isotonic
bridge2algebra2006,question,classical,pfa,3,platt,0.01255808450461797,0.015375890760137978,isotonic,isotonic
bridge2algebra2006,question,classical,pfa,3,isotonic,0.006615833128507638,0.00634803345968705,isotonic,isotonic
bridge2algebra2006,question,classical,pfa,3,temperature,0.012066369753471036,0.01364163788383876,isotonic,isotonic
bridge2algebra2006,question,classical,pfa,4,none,0.010592005238658025,0.01305024079516423,isotonic,isotonic
bridge2algebra2006,question,classical,pfa,4,platt,0.010958338849969771,0.014207967841209227,isotonic,isotonic
bridge2algebra2006,question,classical,pfa,4,isotonic,0.0041695368411438696,0.004243921083807471,isotonic,isotonic
bridge2algebra2006,question,classical,pfa,4,temperature,0.009881986459546776,0.012607422314538944,isotonic,isotonic
bridge2algebra2006,question,classical,pfa_recency,0,none,0.008324246681558546,0.011499268120268434,isotonic,isotonic
bridge2algebra2006,question,classical,pfa_recency,0,platt,0.0077979893657574816,0.010748192217568139,isotonic,isotonic
bridge2algebra2006,question,classical,pfa_recency,0,isotonic,0.0035570026824537837,0.0036836126845384313,isotonic,isotonic
bridge2algebra2006,question,classical,pfa_recency,0,temperature,0.007698021388875554,0.010636441466469046,isotonic,isotonic
bridge2algebra2006,question,classical,pfa_recency,1,none,0.00843175064897604,0.011502462072611576,isotonic,isotonic
bridge2algebra2006,question,classical,pfa_recency,1,platt,0.008101011765422396,0.01104313012047776,isotonic,isotonic
bridge2algebra2006,question,classical,pfa_recency,1,isotonic,0.0037996493327598123,0.003395413423399949,isotonic,isotonic
bridge2algebra2006,question,classical,pfa_recency,1,temperature,0.008274209989321801,0.011173756593324728,isotonic,isotonic
bridge2algebra2006,question,classical,pfa_recency,2,none,0.008479525815189879,0.010818495596807448,isotonic,isotonic
bridge2algebra2006,question,classical,pfa_recency,2,platt,0.009250828852382865,0.011723290619244398,isotonic,isotonic
bridge2algebra2006,question,classical,pfa_recency,2,isotonic,0.002894335264672131,0.0026851323235914013,isotonic,isotonic
bridge2algebra2006,question,classical,pfa_recency,2,temperature,0.008945697342594702,0.011415499909949086,isotonic,isotonic
bridge2algebra2006,question,classical,pfa_recency,3,none,0.007700421909482846,0.01029808053723847,isotonic,isotonic
bridge2algebra2006,question,classical,pfa_recency,3,platt,0.010762101723228747,0.013616917347976312,isotonic,isotonic
bridge2algebra2006,question,classical,pfa_recency,3,isotonic,0.005375102662646493,0.005125210826635164,isotonic,isotonic
bridge2algebra2006,question,classical,pfa_recency,3,temperature,0.010373748062386884,0.012264712192345921,isotonic,isotonic
bridge2algebra2006,question,classical,pfa_recency,4,none,0.007373160952773198,0.009953411466232078,isotonic,isotonic
bridge2algebra2006,question,classical,pfa_recency,4,platt,0.009725135339439903,0.012184687687173462,isotonic,isotonic
bridge2algebra2006,question,classical,pfa_recency,4,isotonic,0.003731526485116972,0.003122124559580202,isotonic,isotonic
bridge2algebra2006,question,classical,pfa_recency,4,temperature,0.007812028624142236,0.01040511503651226,isotonic,isotonic
bridge2algebra2006,question,classical,elorasch,0,none,0.0735873905778288,0.07224885392656168,isotonic,isotonic
bridge2algebra2006,question,classical,elorasch,0,platt,0.0040518228143764205,0.006315728786522786,isotonic,isotonic
bridge2algebra2006,question,classical,elorasch,0,isotonic,0.001884665163098247,0.0037450217747523173,isotonic,isotonic
bridge2algebra2006,question,classical,elorasch,0,temperature,0.008608485973686068,0.012519317148401921,isotonic,isotonic
bridge2algebra2006,question,classical,elorasch,1,none,0.07331643965156452,0.07186857922053601,isotonic,isotonic
bridge2algebra2006,question,classical,elorasch,1,platt,0.005186919393615741,0.0060212015789074995,isotonic,isotonic
bridge2algebra2006,question,classical,elorasch,1,isotonic,0.005148670343631919,0.004683795153010687,isotonic,isotonic
bridge2algebra2006,question,classical,elorasch,1,temperature,0.009160860492829092,0.012158098868156376,isotonic,isotonic
bridge2algebra2006,question,classical,elorasch,2,none,0.07305776107913842,0.07151663984375414,platt,isotonic
bridge2algebra2006,question,classical,elorasch,2,platt,0.007587652764269255,0.007587652764269539,platt,isotonic
bridge2algebra2006,question,classical,elorasch,2,isotonic,0.007990415296061131,0.007560520023562707,platt,isotonic
bridge2algebra2006,question,classical,elorasch,2,temperature,0.01198403212267915,0.012358012817319075,platt,isotonic
bridge2algebra2006,question,classical,elorasch,3,none,0.0738584059748705,0.07273092748723523,isotonic,isotonic
bridge2algebra2006,question,classical,elorasch,3,platt,0.00526904516377588,0.005892298861262974,isotonic,isotonic
bridge2algebra2006,question,classical,elorasch,3,isotonic,0.004762161901945351,0.0037966245449075325,isotonic,isotonic
bridge2algebra2006,question,classical,elorasch,3,temperature,0.008579067941866836,0.012014569373574147,isotonic,isotonic
bridge2algebra2006,question,classical,elorasch,4,none,0.07419303676281004,0.07348912974978353,isotonic,isotonic
bridge2algebra2006,question,classical,elorasch,4,platt,0.007125777589256281,0.00792813232850891,isotonic,isotonic
bridge2algebra2006,question,classical,elorasch,4,isotonic,0.004989461256496413,0.004951603468156132,isotonic,isotonic
bridge2algebra2006,question,classical,elorasch,4,temperature,0.009569879303333693,0.012205700829178523,isotonic,isotonic
ednet,concept,deep,dkt,0,none,0.009849706467740596,0.008623883354253162,isotonic,isotonic
ednet,concept,deep,dkt,0,platt,0.011022037781593124,0.010205497477025406,isotonic,isotonic
ednet,concept,deep,dkt,0,isotonic,0.0018369696838786995,0.0019878869765979517,isotonic,isotonic
ednet,concept,deep,dkt,0,temperature,0.011192234053652841,0.010398721756107778,isotonic,isotonic
ednet,concept,deep,dkt,1,none,0.00951852281463831,0.00739242676217802,none,none
ednet,concept,deep,dkt,1,platt,0.014772864167621672,0.013398350844546355,none,none
ednet,concept,deep,dkt,1,isotonic,0.011274832545742285,0.01125379666313145,none,none
ednet,concept,deep,dkt,1,temperature,0.009768715482488574,0.00774124528849638,none,none
ednet,concept,deep,dkt,2,none,0.010165024317318487,0.008674342928397893,isotonic,isotonic
ednet,concept,deep,dkt,2,platt,0.010933761603243585,0.009840934828260199,isotonic,isotonic
ednet,concept,deep,dkt,2,isotonic,0.003914295618943914,0.003368709932074578,isotonic,isotonic
ednet,concept,deep,dkt,2,temperature,0.011211798432877517,0.010536525503554653,isotonic,isotonic
ednet,concept,deep,dkt,3,none,0.009153744619078944,0.007699850572023815,isotonic,none
ednet,concept,deep,dkt,3,platt,0.013034052574481585,0.011977157187057151,isotonic,none
ednet,concept,deep,dkt,3,isotonic,0.00875782966951253,0.008786757583220464,isotonic,none
ednet,concept,deep,dkt,3,temperature,0.009702053074919602,0.00828717794088684,isotonic,none
ednet,concept,deep,dkt,4,none,0.00899190504171857,0.0067930999837542095,isotonic,isotonic
ednet,concept,deep,dkt,4,platt,0.011845496804625799,0.011049608318547784,isotonic,isotonic
ednet,concept,deep,dkt,4,isotonic,0.002883746800238771,0.002489862755272363,isotonic,isotonic
ednet,concept,deep,dkt,4,temperature,0.011506271996564005,0.0100366176987958,isotonic,isotonic
ednet,concept,deep,sakt,0,none,0.022107731149056148,0.021043781716041158,isotonic,isotonic
ednet,concept,deep,sakt,0,platt,0.0061879868087852926,0.0063521575834201765,isotonic,isotonic
ednet,concept,deep,sakt,0,isotonic,0.002295097173616935,0.002009855622620161,isotonic,isotonic
ednet,concept,deep,sakt,0,temperature,0.0067795136345750314,0.006881727447360028,isotonic,isotonic
ednet,concept,deep,sakt,1,none,0.030000731789846677,0.0300092005234371,isotonic,isotonic
ednet,concept,deep,sakt,1,platt,0.014125673579849387,0.014994148793690487,isotonic,isotonic
ednet,concept,deep,sakt,1,isotonic,0.010802616328616685,0.010719636994317005,isotonic,isotonic
ednet,concept,deep,sakt,1,temperature,0.02486328684112386,0.02406641568329561,isotonic,isotonic
ednet,concept,deep,sakt,2,none,0.017771093862790237,0.018152236412019743,isotonic,isotonic
ednet,concept,deep,sakt,2,platt,0.007097864731312738,0.005992333077326584,isotonic,isotonic
ednet,concept,deep,sakt,2,isotonic,0.002514430315596704,0.002452314012010958,isotonic,isotonic
ednet,concept,deep,sakt,2,temperature,0.009888944613404402,0.00916306927600203,isotonic,isotonic
ednet,concept,deep,sakt,3,none,0.01620315238169681,0.01634619266334229,isotonic,isotonic
ednet,concept,deep,sakt,3,platt,0.010824723624456188,0.011100145451410472,isotonic,isotonic
ednet,concept,deep,sakt,3,isotonic,0.007522029544838902,0.00752202954484068,isotonic,isotonic
ednet,concept,deep,sakt,3,temperature,0.010622791875884404,0.010923192792787162,isotonic,isotonic
ednet,concept,deep,sakt,4,none,0.013136369845166395,0.013475350359287092,isotonic,isotonic
ednet,concept,deep,sakt,4,platt,0.004763764455652966,0.004706061840003235,isotonic,isotonic
ednet,concept,deep,sakt,4,isotonic,0.0010084767979243175,0.0018609085779510855,isotonic,isotonic
ednet,concept,deep,sakt,4,temperature,0.010395834632307574,0.010728789281919757,isotonic,isotonic
ednet,concept,deep,akt,0,none,0.0038764627404491298,0.0029251967978916786,isotonic,platt
ednet,concept,deep,akt,0,platt,0.003866009425736269,0.002648594008132964,isotonic,platt
ednet,concept,deep,akt,0,isotonic,0.0025421243494953213,0.0026901027458864015,isotonic,platt
ednet,concept,deep,akt,0,temperature,0.0037384298183259857,0.002908350295775022,isotonic,platt
ednet,concept,deep,akt,1,none,0.0027033965110097495,0.002668415015662333,none,none
ednet,concept,deep,akt,1,platt,0.009201958593701575,0.009208515031023566,none,none
ednet,concept,deep,akt,1,isotonic,0.009257901972535433,0.009284901354387767,none,none
ednet,concept,deep,akt,1,temperature,0.005782718542819348,0.005457516854575544,none,none
ednet,concept,deep,akt,2,none,0.0023721344792033364,0.002271631611901587,none,none
ednet,concept,deep,akt,2,platt,0.0034857267694845817,0.0026065430167010605,none,none
ednet,concept,deep,akt,2,isotonic,0.005096803283437383,0.0038689655756057955,none,none
ednet,concept,deep,akt,2,temperature,0.0032988272904099403,0.002855471482372157,none,none
ednet,concept,deep,akt,3,none,0.0030752033198877798,0.0031934522213621828,none,none
ednet,concept,deep,akt,3,platt,0.007263479848390964,0.007270502200483684,none,none
ednet,concept,deep,akt,3,isotonic,0.007208067424070238,0.0072147037406454706,none,none
ednet,concept,deep,akt,3,temperature,0.004571680609082496,0.004375883323356826,none,none
ednet,concept,deep,akt,4,none,0.0047757860648557715,0.004785817617628319,isotonic,isotonic
ednet,concept,deep,akt,4,platt,0.002784908197660289,0.0025524396870643218,isotonic,isotonic
ednet,concept,deep,akt,4,isotonic,0.002113143756953946,0.0015799087232576676,isotonic,isotonic
ednet,concept,deep,akt,4,temperature,0.003538719358014399,0.003844131945251769,isotonic,isotonic
ednet,concept,deep,simplekt,0,none,0.02157612218570566,0.021603538786756728,isotonic,isotonic
ednet,concept,deep,simplekt,0,platt,0.009526894587766307,0.009497879465155398,isotonic,isotonic
ednet,concept,deep,simplekt,0,isotonic,0.002300789528374,0.0011616911485081217,isotonic,isotonic
ednet,concept,deep,simplekt,0,temperature,0.012468880443456351,0.012373306617354215,isotonic,isotonic
ednet,concept,deep,simplekt,1,none,0.013841951968152195,0.012992945890601822,isotonic,isotonic
ednet,concept,deep,simplekt,1,platt,0.012811940548284885,0.0112821275601687,isotonic,isotonic
ednet,concept,deep,simplekt,1,isotonic,0.00961870473873502,0.009618704738736548,isotonic,isotonic
ednet,concept,deep,simplekt,1,temperature,0.011507315070298736,0.009961489171226329,isotonic,isotonic
ednet,concept,deep,simplekt,2,none,0.020684868006620435,0.020629070316115803,isotonic,isotonic
ednet,concept,deep,simplekt,2,platt,0.01071652288127002,0.010607016829795859,isotonic,isotonic
ednet,concept,deep,simplekt,2,isotonic,0.003844086454645843,0.0037004983410841635,isotonic,isotonic
ednet,concept,deep,simplekt,2,temperature,0.013352829566066123,0.013518989147819871,isotonic,isotonic
ednet,concept,deep,simplekt,3,none,0.019687309464630702,0.01968793099314591,isotonic,isotonic
ednet,concept,deep,simplekt,3,platt,0.01714931893647541,0.015621158830407957,isotonic,isotonic
ednet,concept,deep,simplekt,3,isotonic,0.008249321060364008,0.008235163332121924,isotonic,isotonic
ednet,concept,deep,simplekt,3,temperature,0.016428355692682344,0.0151518283307756,isotonic,isotonic
ednet,concept,deep,simplekt,4,none,0.021461773818945675,0.021475025097914748,isotonic,isotonic
ednet,concept,deep,simplekt,4,platt,0.0035956554547645118,0.003310641261527682,isotonic,isotonic
ednet,concept,deep,simplekt,4,isotonic,0.0026910486803624995,0.0025585224944622074,isotonic,isotonic
ednet,concept,deep,simplekt,4,temperature,0.021961639407542803,0.020836185691622534,isotonic,isotonic
ednet,question,deep,dkt,0,none,0.08866279300198934,0.09016663010838895,platt,isotonic
ednet,question,deep,dkt,0,platt,0.007943554471394441,0.014762880253311631,platt,isotonic
ednet,question,deep,dkt,0,isotonic,0.008534013936866527,0.008440413019825036,platt,isotonic
ednet,question,deep,dkt,0,temperature,0.06390534341169744,0.06415726569119012,platt,isotonic
ednet,question,deep,dkt,1,none,0.09157548351473789,0.09120808341338335,isotonic,isotonic
ednet,question,deep,dkt,1,platt,0.02918090036643234,0.03269093346222102,isotonic,isotonic
ednet,question,deep,dkt,1,isotonic,0.028358665459831102,0.02833683522323734,isotonic,isotonic
ednet,question,deep,dkt,1,temperature,0.07079716752729474,0.07065666697372636,isotonic,isotonic
ednet,question,deep,dkt,2,none,0.08744860637324227,0.08840070796995662,isotonic,isotonic
ednet,question,deep,dkt,2,platt,0.013513773791285018,0.01583236934429073,isotonic,isotonic
ednet,question,deep,dkt,2,isotonic,0.008694424054303103,0.011431474539935715,isotonic,isotonic
ednet,question,deep,dkt,2,temperature,0.05718580252819717,0.05795950081252052,isotonic,isotonic
ednet,question,deep,dkt,3,none,0.08883325946039969,0.08965573901928006,isotonic,isotonic
ednet,question,deep,dkt,3,platt,0.021729149874584675,0.02261074149658649,isotonic,isotonic
ednet,question,deep,dkt,3,isotonic,0.02058396272164193,0.020509345119382464,isotonic,isotonic
ednet,question,deep,dkt,3,temperature,0.061244854739457705,0.06124206632533189,isotonic,isotonic
ednet,question,deep,dkt,4,none,0.09047652731659724,0.09134228380821277,isotonic,isotonic
ednet,question,deep,dkt,4,platt,0.013847629479192616,0.020450593789227065,isotonic,isotonic
ednet,question,deep,dkt,4,isotonic,0.005968567019630726,0.006069294812075306,isotonic,isotonic
ednet,question,deep,dkt,4,temperature,0.062359265536144105,0.06234555215464893,isotonic,isotonic
ednet,question,deep,sakt,0,none,0.11849892972490551,0.11849952575089442,isotonic,isotonic
ednet,question,deep,sakt,0,platt,0.009805684134317424,0.014959529530091616,isotonic,isotonic
ednet,question,deep,sakt,0,isotonic,0.007619164136671492,0.010433196969004143,isotonic,isotonic
ednet,question,deep,sakt,0,temperature,0.06073077205802028,0.05968851673957696,isotonic,isotonic
ednet,question,deep,sakt,1,none,0.13966386025157113,0.14034916760583624,isotonic,isotonic
ednet,question,deep,sakt,1,platt,0.028634812223590024,0.027750128660453496,isotonic,isotonic
ednet,question,deep,sakt,1,isotonic,0.02729690488085261,0.027292923943174015,isotonic,isotonic
ednet,question,deep,sakt,1,temperature,0.08937918928969661,0.0882901057225452,isotonic,isotonic
ednet,question,deep,sakt,2,none,0.11680650863405677,0.11630684522233735,platt,platt
ednet,question,deep,sakt,2,platt,0.002736845153832918,0.013156592958746082,platt,platt
ednet,question,deep,sakt,2,isotonic,0.006225584189027512,0.013209279947113321,platt,platt
ednet,question,deep,sakt,2,temperature,0.059439880113349344,0.05901820251996635,platt,platt
ednet,question,deep,sakt,3,none,0.11243669644275353,0.11216198140822484,isotonic,isotonic
ednet,question,deep,sakt,3,platt,0.022025120778789813,0.021871362015223206,isotonic,isotonic
ednet,question,deep,sakt,3,isotonic,0.020085590440894245,0.020085590440893482,isotonic,isotonic
ednet,question,deep,sakt,3,temperature,0.06690244446883256,0.066094304276778,isotonic,isotonic
ednet,question,deep,sakt,4,none,0.11460382424797098,0.1163116459545114,isotonic,isotonic
ednet,question,deep,sakt,4,platt,0.006221766640971396,0.015938532438077118,isotonic,isotonic
ednet,question,deep,sakt,4,isotonic,0.004803508406855366,0.005711524750560111,isotonic,isotonic
ednet,question,deep,sakt,4,temperature,0.07117000518894835,0.07076494941703577,isotonic,isotonic
ednet,question,deep,akt,0,none,0.09424892027017794,0.09409576125679797,platt,isotonic
ednet,question,deep,akt,0,platt,0.006936032201123269,0.022032637766624813,platt,isotonic
ednet,question,deep,akt,0,isotonic,0.007367950524143872,0.011152467681482526,platt,isotonic
ednet,question,deep,akt,0,temperature,0.06500477918134093,0.06494079892806115,platt,isotonic
ednet,question,deep,akt,1,none,0.09110415100333563,0.09156439349817334,isotonic,isotonic
ednet,question,deep,akt,1,platt,0.026993753621418752,0.03176907509439303,isotonic,isotonic
ednet,question,deep,akt,1,isotonic,0.025427929863352954,0.025382547173820918,isotonic,isotonic
ednet,question,deep,akt,1,temperature,0.0733350471994056,0.07305623341903916,isotonic,isotonic
ednet,question,deep,akt,2,none,0.0921099259505783,0.0926791564870773,platt,isotonic
ednet,question,deep,akt,2,platt,0.0068630664228155145,0.021424171452109172,platt,isotonic
ednet,question,deep,akt,2,isotonic,0.009196888528624964,0.01229818833395601,platt,isotonic
ednet,question,deep,akt,2,temperature,0.061223360014868715,0.0611042943734433,platt,isotonic
ednet,question,deep,akt,3,none,0.09325185577381238,0.09272828778676186,isotonic,isotonic
ednet,question,deep,akt,3,platt,0.021272036013736634,0.026970973762343992,isotonic,isotonic
ednet,question,deep,akt,3,isotonic,0.01950422581327468,0.019504225813273702,isotonic,isotonic
ednet,question,deep,akt,3,temperature,0.06856236106897705,0.06853208603873547,isotonic,isotonic
ednet,question,deep,akt,4,none,0.09430700406175041,0.09582413375791358,isotonic,isotonic
ednet,question,deep,akt,4,platt,0.0068743248111293636,0.025861145926111728,isotonic,isotonic
ednet,question,deep,akt,4,isotonic,0.004329825294768161,0.005813191719843131,isotonic,isotonic
ednet,question,deep,akt,4,temperature,0.06823293392201522,0.06816949338260524,isotonic,isotonic
ednet,question,deep,simplekt,0,none,0.14756729042652106,0.14840847219175698,isotonic,isotonic
ednet,question,deep,simplekt,0,platt,0.01672825727901734,0.021750867968391187,isotonic,isotonic
ednet,question,deep,simplekt,0,isotonic,0.007508835601810948,0.010222849042485167,isotonic,isotonic
ednet,question,deep,simplekt,0,temperature,0.05471719157560744,0.05352255811692164,isotonic,isotonic
ednet,question,deep,simplekt,1,none,0.13150474778570304,0.13246790460558658,isotonic,isotonic
ednet,question,deep,simplekt,1,platt,0.027211973342866683,0.030859206217895452,isotonic,isotonic
ednet,question,deep,simplekt,1,isotonic,0.02428916848986519,0.0242891684898667,isotonic,isotonic
ednet,question,deep,simplekt,1,temperature,0.06440541380397304,0.06423102051663448,isotonic,isotonic
ednet,question,deep,simplekt,2,none,0.14660199078731448,0.14656133999954615,isotonic,isotonic
ednet,question,deep,simplekt,2,platt,0.015226778856597623,0.021271344980204422,isotonic,isotonic
ednet,question,deep,simplekt,2,isotonic,0.005363536964829677,0.006384684130525183,isotonic,isotonic
ednet,question,deep,simplekt,2,temperature,0.053175923566959674,0.05267001826368302,isotonic,isotonic
ednet,question,deep,simplekt,3,none,0.14416060026170724,0.14508689726115467,isotonic,isotonic
ednet,question,deep,simplekt,3,platt,0.02234279225524617,0.02573073341880814,isotonic,isotonic
ednet,question,deep,simplekt,3,isotonic,0.01922625549493296,0.019220444907753126,isotonic,isotonic
ednet,question,deep,simplekt,3,temperature,0.06139430287321896,0.060151757296657116,isotonic,isotonic
ednet,question,deep,simplekt,4,none,0.14370339840706747,0.14358690860682705,isotonic,isotonic
ednet,question,deep,simplekt,4,platt,0.028100794395654254,0.029857989897742503,isotonic,isotonic
ednet,question,deep,simplekt,4,isotonic,0.0041985368952779205,0.00812193616854657,isotonic,isotonic
ednet,question,deep,simplekt,4,temperature,0.07878025216432015,0.07878025216431982,isotonic,isotonic
ednet,question,classical,bkt,0,none,0.015592798018349808,0.018435460430656893,isotonic,isotonic
ednet,question,classical,bkt,0,platt,0.016162121388047856,0.021321729916959055,isotonic,isotonic
ednet,question,classical,bkt,0,isotonic,0.011891919186647745,0.01368245409342039,isotonic,isotonic
ednet,question,classical,bkt,0,temperature,0.015198738087737584,0.020786617756826206,isotonic,isotonic
ednet,question,classical,bkt,1,none,0.013171835364384524,0.018497172771963055,none,none
ednet,question,classical,bkt,1,platt,0.02288668328587629,0.025933977062798347,none,none
ednet,question,classical,bkt,1,isotonic,0.02143013777470374,0.022355918916720875,none,none
ednet,question,classical,bkt,1,temperature,0.019002975283074014,0.020697862607507955,none,none
ednet,question,classical,bkt,2,none,0.014235387609630341,0.01716143306476712,none,isotonic
ednet,question,classical,bkt,2,platt,0.017303053620845592,0.020230805392344207,none,isotonic
ednet,question,classical,bkt,2,isotonic,0.01501540725375399,0.014202741229120235,none,isotonic
ednet,question,classical,bkt,2,temperature,0.01611959316904716,0.019629810423281036,none,isotonic
ednet,question,classical,bkt,3,none,0.011121558427722172,0.017596486840572054,none,isotonic
ednet,question,classical,bkt,3,platt,0.018510517557930015,0.02489417303577917,none,isotonic
ednet,question,classical,bkt,3,isotonic,0.014388776678213491,0.016527135825481813,none,isotonic
ednet,question,classical,bkt,3,temperature,0.014336587669621221,0.017743315933357963,none,isotonic
ednet,question,classical,bkt,4,none,0.013890263964126102,0.01750479076767049,isotonic,isotonic
ednet,question,classical,bkt,4,platt,0.01146870504399104,0.019804352889270942,isotonic,isotonic
ednet,question,classical,bkt,4,isotonic,0.007370253174189995,0.008867050375020799,isotonic,isotonic
ednet,question,classical,bkt,4,temperature,0.008353790483800472,0.018300148585104356,isotonic,isotonic
ednet,question,classical,pfa,0,none,0.04324307961690738,0.04478122256881488,isotonic,isotonic
ednet,question,classical,pfa,0,platt,0.022571169923467634,0.024368956873657276,isotonic,isotonic
ednet,question,classical,pfa,0,isotonic,0.010482801993168894,0.012727187160086658,isotonic,isotonic
ednet,question,classical,pfa,0,temperature,0.02328611453791386,0.02411418957349685,isotonic,isotonic
ednet,question,classical,pfa,1,none,0.04405327838075116,0.045412269538568,isotonic,isotonic
ednet,question,classical,pfa,1,platt,0.038782319531998025,0.04052705763766542,isotonic,isotonic
ednet,question,classical,pfa,1,isotonic,0.013671406084033976,0.013440299483046975,isotonic,isotonic
ednet,question,classical,pfa,1,temperature,0.05578241810772294,0.051473378378265384,isotonic,isotonic
ednet,question,classical,pfa,2,none,0.040604891857249595,0.043379190077893225,isotonic,isotonic
ednet,question,classical,pfa,2,platt,0.021083557863778482,0.025199822624689575,isotonic,isotonic
ednet,question,classical,pfa,2,isotonic,0.011280011524883338,0.008428243202140489,isotonic,isotonic
ednet,question,classical,pfa,2,temperature,0.021741450925113794,0.02555578829299266,isotonic,isotonic
ednet,question,classical,pfa,3,none,0.049337499923380476,0.05144149273619887,isotonic,isotonic
ednet,question,classical,pfa,3,platt,0.044653381791656205,0.04489407247840173,isotonic,isotonic
ednet,question,classical,pfa,3,isotonic,0.019793711929754102,0.021414544697945147,isotonic,isotonic
ednet,question,classical,pfa,3,temperature,0.05884182801253212,0.055770957863805926,isotonic,isotonic
ednet,question,classical,pfa,4,none,0.043058116281789724,0.04384152645467721,isotonic,isotonic
ednet,question,classical,pfa,4,platt,0.02853080828046852,0.03573464827283636,isotonic,isotonic
ednet,question,classical,pfa,4,isotonic,0.009114424112539104,0.010951128059718877,isotonic,isotonic
ednet,question,classical,pfa,4,temperature,0.04470077514983153,0.04230179667060068,isotonic,isotonic
ednet,question,classical,pfa_recency,0,none,0.06165570492547082,0.06261007195985702,isotonic,isotonic
ednet,question,classical,pfa_recency,0,platt,0.025823560823570516,0.028885384875740987,isotonic,isotonic
ednet,question,classical,pfa_recency,0,isotonic,0.010246648259485864,0.011160812228997964,isotonic,isotonic
ednet,question,classical,pfa_recency,0,temperature,0.0356435925708362,0.03648247014723417,isotonic,isotonic
ednet,question,classical,pfa_recency,1,none,0.07267489713806129,0.07078891520578026,isotonic,isotonic
ednet,question,classical,pfa_recency,1,platt,0.03181807949428908,0.034765345471616506,isotonic,isotonic
ednet,question,classical,pfa_recency,1,isotonic,0.01466763721968025,0.01406154947131269,isotonic,isotonic
ednet,question,classical,pfa_recency,1,temperature,0.04774416980638409,0.046830836233418674,isotonic,isotonic
ednet,question,classical,pfa_recency,2,none,0.06193939802969664,0.06394692020608952,isotonic,isotonic
ednet,question,classical,pfa_recency,2,platt,0.02789701791232181,0.028434691226299897,isotonic,isotonic
ednet,question,classical,pfa_recency,2,isotonic,0.009778617667488112,0.009680748443957452,isotonic,isotonic
ednet,question,classical,pfa_recency,2,temperature,0.03624403092411431,0.03665370554751912,isotonic,isotonic
ednet,question,classical,pfa_recency,3,none,0.06758192948264433,0.06766686313848198,isotonic,isotonic
ednet,question,classical,pfa_recency,3,platt,0.040396257902166464,0.04091246319975891,isotonic,isotonic
ednet,question,classical,pfa_recency,3,isotonic,0.018210569277086322,0.01800731798553311,isotonic,isotonic
ednet,question,classical,pfa_recency,3,temperature,0.055566958096801525,0.05135083523910875,isotonic,isotonic
ednet,question,classical,pfa_recency,4,none,0.06432827873916623,0.06430624749757859,isotonic,isotonic
ednet,question,classical,pfa_recency,4,platt,0.032210850066360076,0.030438963774946065,isotonic,isotonic
ednet,question,classical,pfa_recency,4,isotonic,0.009677519579453415,0.011209763750612604,isotonic,isotonic
ednet,question,classical,pfa_recency,4,temperature,0.04300250321112913,0.04266806734780272,isotonic,isotonic
ednet,question,classical,elorasch,0,none,0.047382566387615274,0.04741241770665345,isotonic,platt
ednet,question,classical,elorasch,0,platt,0.006902652124898034,0.0071601388601867915,isotonic,platt
ednet,question,classical,elorasch,0,isotonic,0.005777466784958086,0.007594773419115148,isotonic,platt
ednet,question,classical,elorasch,0,temperature,0.00739181089165818,0.007317066671664803,isotonic,platt
ednet,question,classical,elorasch,1,none,0.04644423480247089,0.046670582199369745,isotonic,temperature
ednet,question,classical,elorasch,1,platt,0.011539646616663662,0.01165157737578714,isotonic,temperature
ednet,question,classical,elorasch,1,isotonic,0.010547276058205228,0.011892357341803604,isotonic,temperature
ednet,question,classical,elorasch,1,temperature,0.01109190663381611,0.011281366531434987,isotonic,temperature
ednet,question,classical,elorasch,2,none,0.04782757495728394,0.04727750031176002,isotonic,platt
ednet,question,classical,elorasch,2,platt,0.005847586853788485,0.0066729818235577954,isotonic,platt
ednet,question,classical,elorasch,2,isotonic,0.004776343418713842,0.00721256967933468,isotonic,platt
ednet,question,classical,elorasch,2,temperature,0.006864959290591329,0.006982664779764709,isotonic,platt
ednet,question,classical,elorasch,3,none,0.04753336943380643,0.04787999279246111,temperature,isotonic
ednet,question,classical,elorasch,3,platt,0.02541206042348799,0.024635214387794455,temperature,isotonic
ednet,question,classical,elorasch,3,isotonic,0.02486731864102851,0.02289503119974433,temperature,isotonic
ednet,question,classical,elorasch,3,temperature,0.02293120557953959,0.023293619011813194,temperature,isotonic
ednet,question,classical,elorasch,4,none,0.04589070600287516,0.04616044982837905,temperature,temperature
ednet,question,classical,elorasch,4,platt,0.00943026508821083,0.009668897522842407,temperature,temperature
ednet,question,classical,elorasch,4,isotonic,0.008859041109937503,0.008324281892811935,temperature,temperature
ednet,question,classical,elorasch,4,temperature,0.006208905394492388,0.0073636285588728635,temperature,temperature
