dataset,granularity,family,model,fold,method,ece,auc,n_test,n_students
algebra2005,concept,deep,dkt,0,none,0.009364981241350946,0.9196685270899495,134674,114
algebra2005,concept,deep,dkt,0,platt,0.007281589272573994,0.9196685270899495,134674,114
algebra2005,concept,deep,dkt,0,isotonic,0.006374502552125651,0.9196226712028028,134674,114
algebra2005,concept,deep,dkt,0,temperature,0.010540737832652861,0.9196685270899495,134674,114
algebra2005,concept,deep,dkt,1,none,0.005859255565591514,0.9190939691464745,134674,114
algebra2005,concept,deep,dkt,1,platt,0.007556093527871942,0.9190939691464745,134674,114
algebra2005,concept,deep,dkt,1,isotonic,0.005797773175308806,0.9190895608811991,134674,114
algebra2005,concept,deep,dkt,1,temperature,0.003976440647926451,0.9190939691464745,134674,114
algebra2005,concept,deep,dkt,2,none,0.003852718495234163,0.9192089936862047,134674,114
algebra2005,concept,deep,dkt,2,platt,0.005832750048022763,0.9192089936862047,134674,114
algebra2005,concept,deep,dkt,2,isotonic,0.003559223044171273,0.9191511471775983,134674,114
algebra2005,concept,deep,dkt,2,temperature,0.0031933132737462316,0.9192089936862047,134674,114
algebra2005,concept,deep,dkt,3,none,0.0031618876401500835,0.9195900566586206,134674,114
algebra2005,concept,deep,dkt,3,platt,0.0033586108682814512,0.9195900566586206,134674,114
algebra2005,concept,deep,dkt,3,isotonic,0.002485079011042532,0.9194654747339427,134674,114
algebra2005,concept,deep,dkt,3,temperature,0.0034164606279064144,0.9195900566586206,134674,114
algebra2005,concept,deep,dkt,4,none,0.00584591754192883,0.9204850491287214,134674,114
algebra2005,concept,deep,dkt,4,platt,0.002798598142315,0.9204850491287214,134674,114
algebra2005,concept,deep,dkt,4,isotonic,0.001642277179815256,0.9203774247921241,134674,114
algebra2005,concept,deep,dkt,4,temperature,0.003475327366757441,0.9204850491287214,134674,114
algebra2005,concept,deep,sakt,0,none,0.029569697363122493,0.9051531816043996,134674,114
algebra2005,concept,deep,sakt,0,platt,0.007138400783586672,0.9051531816043996,134674,114
algebra2005,concept,deep,sakt,0,isotonic,0.00689179406330663,0.9051010353831541,134674,114
algebra2005,concept,deep,sakt,0,temperature,0.004736690243393066,0.9051531816043996,134674,114
algebra2005,concept,deep,sakt,1,none,0.028000225702417055,0.905827270584943,134674,114
algebra2005,concept,deep,sakt,1,platt,0.007523952088350293,0.905827270584943,134674,114
algebra2005,concept,deep,sakt,1,isotonic,0.006739174146852229,0.9057525311969838,134674,114
algebra2005,concept,deep,sakt,1,temperature,0.0036054238488256543,0.905827270584943,134674,114
algebra2005,concept,deep,sakt,2,none,0.02560134505072354,0.9060010137885467,134674,114
algebra2005,concept,deep,sakt,2,platt,0.004364980919943424,0.9060010137885467,134674,114
algebra2005,concept,deep,sakt,2,isotonic,0.004430170320740622,0.9059522505826478,134674,114
algebra2005,concept,deep,sakt,2,temperature,0.004286386486990907,0.9060010137885467,134674,114
algebra2005,concept,deep,sakt,3,none,0.02173147501190255,0.9060254806832495,134674,114
algebra2005,concept,deep,sakt,3,platt,0.0027674651858301726,0.9060254806832495,134674,114
algebra2005,concept,deep,sakt,3,isotonic,0.004150203573837841,0.905904904242285,134674,114
algebra2005,concept,deep,sakt,3,temperature,0.012098575916348364,0.9060254806832495,134674,114
algebra2005,concept,deep,sakt,4,none,0.022701903371821045,0.9072010842337234,134674,114
algebra2005,concept,deep,sakt,4,platt,0.0036143692452355295,0.9072010842337234,134674,114
algebra2005,concept,deep,sakt,4,isotonic,0.0024134632663364492,0.9071386412529592,134674,114
algebra2005,concept,deep,sakt,4,temperature,0.007915058056643994,0.9072010842337234,134674,114
algebra2005,concept,deep,akt,0,none,0.0039346539124985565,0.9158220471161531,134674,114
algebra2005,concept,deep,akt,0,platt,0.007301854562544825,0.9158220471161531,134674,114
algebra2005,concept,deep,akt,0,isotonic,0.007145737599466832,0.9157718137710049,134674,114
algebra2005,concept,deep,akt,0,temperature,0.004798381793134602,0.9158220471161531,134674,114
algebra2005,concept,deep,akt,1,none,0.0041560290620888595,0.9161926266019933,134674,114
algebra2005,concept,deep,akt,1,platt,0.008061624501045249,0.9161926266019933,134674,114
algebra2005,concept,deep,akt,1,isotonic,0.007085577667196234,0.9161620859658153,134674,114
algebra2005,concept,deep,akt,1,temperature,0.004709911125188599,0.9161926266019933,134674,114
algebra2005,concept,deep,akt,2,none,0.007056007288520676,0.9152939488285795,134674,114
algebra2005,concept,deep,akt,2,platt,0.005327462094509477,0.9152939488285795,134674,114
algebra2005,concept,deep,akt,2,isotonic,0.004412116345873562,0.9152589553978352,134674,114
algebra2005,concept,deep,akt,2,temperature,0.005903669888714045,0.9152939488285795,134674,114
algebra2005,concept,deep,akt,3,none,0.013500967556552739,0.9169659701613181,134674,114
algebra2005,concept,deep,akt,3,platt,0.003730592820119516,0.9169659701613181,134674,114
algebra2005,concept,deep,akt,3,isotonic,0.0022850928275744576,0.916900327125436,134674,114
algebra2005,concept,deep,akt,3,temperature,0.005345027636141705,0.9169659701613181,134674,114
algebra2005,concept,deep,akt,4,none,0.0051571082464536774,0.9180183922400413,134674,114
algebra2005,concept,deep,akt,4,platt,0.004165768262242428,0.9180183922400413,134674,114
algebra2005,concept,deep,akt,4,isotonic,0.0028353143054432304,0.9179376299627884,134674,114
algebra2005,concept,deep,akt,4,temperature,0.0036934377340272725,0.9180183922400413,134674,114
algebra2005,concept,deep,simplekt,0,none,0.02371641297142935,0.9216699290318502,134674,114
algebra2005,concept,deep,simplekt,0,platt,0.011123575694071805,0.9216699290318502,134674,114
algebra2005,concept,deep,simplekt,0,isotonic,0.006008015465649171,0.9216396941814072,134674,114
algebra2005,concept,deep,simplekt,0,temperature,0.02040277805634798,0.9216699290318502,134674,114
algebra2005,concept,deep,simplekt,1,none,0.013873042681580124,0.9199216393824764,134674,114
algebra2005,concept,deep,simplekt,1,platt,0.007911709078147665,0.9199216393824764,134674,114
algebra2005,concept,deep,simplekt,1,isotonic,0.0077866608415152186,0.9198564774243719,134674,114
algebra2005,concept,deep,simplekt,1,temperature,0.00396058816085492,0.9199216393824764,134674,114
algebra2005,concept,deep,simplekt,2,none,0.029991370775586768,0.9226591527462177,134674,114
algebra2005,concept,deep,simplekt,2,platt,0.008789068201323063,0.9226591527462176,134674,114
algebra2005,concept,deep,simplekt,2,isotonic,0.004149508176719987,0.9225804746012172,134674,114
algebra2005,concept,deep,simplekt,2,temperature,0.0073318608970205125,0.9226591527462176,134674,114
algebra2005,concept,deep,simplekt,3,none,0.0292607678053685,0.9233369511108687,134674,114
algebra2005,concept,deep,simplekt,3,platt,0.005300579882481237,0.9233369511108687,134674,114
algebra2005,concept,deep,simplekt,3,isotonic,0.003212284394119809,0.9232706463239828,134674,114
algebra2005,concept,deep,simplekt,3,temperature,0.005242578929070043,0.9233369511108687,134674,114
algebra2005,concept,deep,simplekt,4,none,0.01777508933794809,0.9206125393138582,134674,114
algebra2005,concept,deep,simplekt,4,platt,0.005658848616611316,0.9206125393138582,134674,114
algebra2005,concept,deep,simplekt,4,isotonic,0.004129153977666996,0.9205396650439955,134674,114
algebra2005,concept,deep,simplekt,4,temperature,0.01683211136208298,0.9206125393138582,134674,114
algebra2005,question,deep,dkt,0,none,0.018426915918016085,0.8097696245775141,92945,114
algebra2005,question,deep,dkt,0,platt,0.008312324445455863,0.8097696245775141,92945,114
algebra2005,question,deep,dkt,0,isotonic,0.008396330527263539,0.809637267370432,92945,114
algebra2005,question,deep,dkt,0,temperature,0.02273924571089163,0.8097696245775141,92945,114
algebra2005,question,deep,dkt,1,none,0.009144125020173149,0.8080357389963512,92945,114
algebra2005,question,deep,dkt,1,platt,0.008111475930678711,0.8080357389963512,92945,114
algebra2005,question,deep,dkt,1,isotonic,0.008684374649873636,0.8079462882668265,92945,114
algebra2005,question,deep,dkt,1,temperature,0.006895630243694675,0.8080357389963512,92945,114
algebra2005,question,deep,dkt,2,none,0.009055900801549027,0.8086644417095498,92945,114
algebra2005,question,deep,dkt,2,platt,0.004320255758246756,0.8086644417095498,92945,114
algebra2005,question,deep,dkt,2,isotonic,0.005416607061297115,0.808489978656288,92945,114
algebra2005,question,deep,dkt,2,temperature,0.010364830873464292,0.8086644417095498,92945,114
algebra2005,question,deep,dkt,3,none,0.009450445962666166,0.8091499201553364,92945,114
algebra2005,question,deep,dkt,3,platt,0.005058809324899445,0.8091499201553364,92945,114
algebra2005,question,deep,dkt,3,isotonic,0.004145374683256566,0.808932934575099,92945,114
algebra2005,question,deep,dkt,3,temperature,0.009977411878956946,0.8091499201553364,92945,114
algebra2005,question,deep,dkt,4,none,0.011837706170316056,0.8114028527928571,92945,114
algebra2005,question,deep,dkt,4,platt,0.004280790819193314,0.8114028527928571,92945,114
algebra2005,question,deep,dkt,4,isotonic,0.003709444454636354,0.8112279966623188,92945,114
algebra2005,question,deep,dkt,4,temperature,0.009965629811024418,0.8114028527928571,92945,114
algebra2005,question,deep,sakt,0,none,0.05898694281564368,0.7840793202349562,92945,114
algebra2005,question,deep,sakt,0,platt,0.01407683863171134,0.7840793202349562,92945,114
algebra2005,question,deep,sakt,0,isotonic,0.009451996387790278,0.7840022179226387,92945,114
algebra2005,question,deep,sakt,0,temperature,0.0179734262747916,0.7840793202349562,92945,114
algebra2005,question,deep,sakt,1,none,0.057574791543385795,0.7836372571586054,92945,114
algebra2005,question,deep,sakt,1,platt,0.012470708716653602,0.7836372571586054,92945,114
algebra2005,question,deep,sakt,1,isotonic,0.010279013023199246,0.7835228700976231,92945,114
algebra2005,question,deep,sakt,1,temperature,0.02318110634889518,0.7836372571586054,92945,114
algebra2005,question,deep,sakt,2,none,0.05358530528807384,0.7847419805447255,92945,114
algebra2005,question,deep,sakt,2,platt,0.011679627669532825,0.7847419805447255,92945,114
algebra2005,question,deep,sakt,2,isotonic,0.006375238680334716,0.7846492083279516,92945,114
algebra2005,question,deep,sakt,2,temperature,0.023086909372561786,0.7847419805447255,92945,114
algebra2005,question,deep,sakt,3,none,0.0507204863091078,0.7860259427628653,92945,114
algebra2005,question,deep,sakt,3,platt,0.013258050853704567,0.7860259427628653,92945,114
algebra2005,question,deep,sakt,3,isotonic,0.006511678369181776,0.7858409821230306,92945,114
algebra2005,question,deep,sakt,3,temperature,0.03525089203851001,0.7860259427628653,92945,114
algebra2005,question,deep,sakt,4,none,0.05168080047339848,0.7852366001615037,92945,114
algebra2005,question,deep,sakt,4,platt,0.010565116140825033,0.7852366001615037,92945,114
algebra2005,question,deep,sakt,4,isotonic,0.004657631681734592,0.7850803133917443,92945,114
algebra2005,question,deep,sakt,4,temperature,0.026376528546296008,0.7852366001615037,92945,114
algebra2005,question,deep,akt,0,none,0.02222141696702365,0.8078821272921234,92945,114
algebra2005,question,deep,akt,0,platt,0.018262230134676233,0.8078821272921234,92945,114
algebra2005,question,deep,akt,0,isotonic,0.009306129569640983,0.8077883332003165,92945,114
algebra2005,question,deep,akt,0,temperature,0.019987245281255214,0.8078821272921234,92945,114
algebra2005,question,deep,akt,1,none,0.024972267470009153,0.8079369925714613,92945,114
algebra2005,question,deep,akt,1,platt,0.015268883295469552,0.8079369925714613,92945,114
algebra2005,question,deep,akt,1,isotonic,0.010154991167907343,0.8077904002391885,92945,114
algebra2005,question,deep,akt,1,temperature,0.01824112328297811,0.8079369925714613,92945,114
algebra2005,question,deep,akt,2,none,0.026762617677121008,0.806222830405819,92945,114
algebra2005,question,deep,akt,2,platt,0.016819176366650736,0.806222830405819,92945,114
algebra2005,question,deep,akt,2,isotonic,0.006110668513372631,0.8060620674646416,92945,114
algebra2005,question,deep,akt,2,temperature,0.01796923818398705,0.806222830405819,92945,114
algebra2005,question,deep,akt,3,none,0.03547684221851649,0.8110029377343073,92945,114
algebra2005,question,deep,akt,3,platt,0.01812057257919315,0.8110029377343073,92945,114
algebra2005,question,deep,akt,3,isotonic,0.003602366896473805,0.8107371746944547,92945,114
algebra2005,question,deep,akt,3,temperature,0.016938577330694544,0.8110029377343073,92945,114
algebra2005,question,deep,akt,4,none,0.02655652267470019,0.8133985898386386,92945,114
algebra2005,question,deep,akt,4,platt,0.017204357100465792,0.8133985898386386,92945,114
algebra2005,question,deep,akt,4,isotonic,0.0038247446275455413,0.8131578481029134,92945,114
algebra2005,question,deep,akt,4,temperature,0.016118439941207315,0.8133985898386386,92945,114
algebra2005,question,deep,simplekt,0,none,0.05390192909785373,0.8133940954138321,92945,114
algebra2005,question,deep,simplekt,0,platt,0.008114205955853708,0.8133940954138321,92945,114
algebra2005,question,deep,simplekt,0,isotonic,0.008114021450333847,0.813321911760243,92945,114
algebra2005,question,deep,simplekt,0,temperature,0.044530931305843215,0.8133940954138321,92945,114
algebra2005,question,deep,simplekt,1,none,0.04926466189682044,0.8140781603391303,92945,114
algebra2005,question,deep,simplekt,1,platt,0.017339394079326297,0.8140781603391303,92945,114
algebra2005,question,deep,simplekt,1,isotonic,0.011320260666461628,0.8139046612536004,92945,114
algebra2005,question,deep,simplekt,1,temperature,0.019294094374059136,0.8140781603391303,92945,114
algebra2005,question,deep,simplekt,2,none,0.0654253666146645,0.8152466188924636,92945,114
algebra2005,question,deep,simplekt,2,platt,0.009945991289896249,0.8152466188924636,92945,114
algebra2005,question,deep,simplekt,2,isotonic,0.004745092357259205,0.8151376675646416,92945,114
algebra2005,question,deep,simplekt,2,temperature,0.011276192323906085,0.8152466188924636,92945,114
algebra2005,question,deep,simplekt,3,none,0.0668053633869497,0.8166938538926767,92945,114
algebra2005,question,deep,simplekt,3,platt,0.01067053552628573,0.8166938538926767,92945,114
algebra2005,question,deep,simplekt,3,isotonic,0.0029702847470003415,0.8164649378348823,92945,114
algebra2005,question,deep,simplekt,3,temperature,0.01347721352621928,0.8166938538926767,92945,114
algebra2005,question,deep,simplekt,4,none,0.042425616224649035,0.8128162478993828,92945,114
algebra2005,question,deep,simplekt,4,platt,0.022666623861301905,0.8128162478993828,92945,114
algebra2005,question,deep,simplekt,4,isotonic,0.005607125769904195,0.8126461027166022,92945,114
algebra2005,question,deep,simplekt,4,temperature,0.034192428007279736,0.8128162478993828,92945,114
algebra2005,question,classical,bkt,0,none,0.011568025069136246,0.7508093079215428,93595,114
algebra2005,question,classical,bkt,0,platt,0.01633353528496067,0.7508139468356658,93595,114
algebra2005,question,classical,bkt,0,isotonic,0.015110266657257995,0.7516204241019789,93595,114
algebra2005,question,classical,bkt,0,temperature,0.012506752179265392,0.750808454167901,93595,114
algebra2005,question,classical,bkt,1,none,0.014804421071967219,0.7500792905869462,93595,114
algebra2005,question,classical,bkt,1,platt,0.018466844219196945,0.7500794220290464,93595,114
algebra2005,question,classical,bkt,1,isotonic,0.015133122592670823,0.7508646906164763,93595,114
algebra2005,question,classical,bkt,1,temperature,0.012128590041425767,0.7500781947194359,93595,114
algebra2005,question,classical,bkt,2,none,0.010821430607099707,0.7502309896508729,93595,114
algebra2005,question,classical,bkt,2,platt,0.010087541381952331,0.7502311818539439,93595,114
algebra2005,question,classical,bkt,2,isotonic,0.006888366980513815,0.7509542897981385,93595,114
algebra2005,question,classical,bkt,2,temperature,0.009066518113827825,0.7502352708192794,93595,114
algebra2005,question,classical,bkt,3,none,0.010838485938406675,0.7506087018561548,93595,114
algebra2005,question,classical,bkt,3,platt,0.011308048739718848,0.7506035644540667,93595,114
algebra2005,question,classical,bkt,3,isotonic,0.008437443657098913,0.7510654399041528,93595,114
algebra2005,question,classical,bkt,3,temperature,0.010039585624444607,0.7506075703380748,93595,114
algebra2005,question,classical,bkt,4,none,0.01311300644278719,0.7508022236883471,93595,114
algebra2005,question,classical,bkt,4,platt,0.011607924737039421,0.7508026536652177,93595,114
algebra2005,question,classical,bkt,4,isotonic,0.006502154496033667,0.751787107875339,93595,114
algebra2005,question,classical,bkt,4,temperature,0.010123306250107402,0.7508052282563558,93595,114
algebra2005,question,classical,pfa,0,none,0.03289777408588202,0.7381122502813534,93595,114
algebra2005,question,classical,pfa,0,platt,0.018107503373279963,0.7381122502813533,93595,114
algebra2005,question,classical,pfa,0,isotonic,0.01320170721342882,0.7383166074066778,93595,114
algebra2005,question,classical,pfa,0,temperature,0.05418289775949529,0.7381122484213235,93595,114
algebra2005,question,classical,pfa,1,none,0.03531520490245504,0.7380676988494875,93595,114
algebra2005,question,classical,pfa,1,platt,0.021192292923012626,0.7380676988494874,93595,114
algebra2005,question,classical,pfa,1,isotonic,0.017406892487471258,0.7380656822672654,93595,114
algebra2005,question,classical,pfa,1,temperature,0.05406897471911334,0.7380677007095171,93595,114
algebra2005,question,classical,pfa,2,none,0.03593191749589054,0.7369923505670134,93595,114
algebra2005,question,classical,pfa,2,platt,0.01322099985578923,0.7369923505670133,93595,114
algebra2005,question,classical,pfa,2,isotonic,0.003996781999085031,0.7371134555520917,93595,114
algebra2005,question,classical,pfa,2,temperature,0.04997690776826436,0.7369923505670133,93595,114
algebra2005,question,classical,pfa,3,none,0.03302954771471978,0.7372404134306909,93595,114
algebra2005,question,classical,pfa,3,platt,0.011701781261693826,0.7372404134306908,93595,114
algebra2005,question,classical,pfa,3,isotonic,0.00524731946135073,0.7377630603918157,93595,114
algebra2005,question,classical,pfa,3,temperature,0.04376134618414196,0.7372404134306908,93595,114
algebra2005,question,classical,pfa,4,none,0.03752134876530182,0.7368568796423884,93595,114
algebra2005,question,classical,pfa,4,platt,0.008729436195264152,0.7368568796423884,93595,114
algebra2005,question,classical,pfa,4,isotonic,0.006212237989740156,0.7371181391069281,93595,114
algebra2005,question,classical,pfa,4,temperature,0.04509301524102619,0.7368568796423884,93595,114
algebra2005,question,classical,pfa_recency,0,none,0.03593917063661292,0.7413864770286509,93595,114
algebra2005,question,classical,pfa_recency,0,platt,0.017868699923528266,0.7413864770286509,93595,114
algebra2005,question,classical,pfa_recency,0,isotonic,0.012892235475268115,0.7412379924060863,93595,114
algebra2005,question,classical,pfa_recency,0,temperature,0.06634123617953233,0.7413864770286509,93595,114
algebra2005,question,classical,pfa_recency,1,none,0.036694265480430775,0.7413928383302951,93595,114
algebra2005,question,classical,pfa_recency,1,platt,0.022698295766369187,0.741392838330295,93595,114
algebra2005,question,classical,pfa_recency,1,isotonic,0.01742381203563955,0.7412295484911652,93595,114
algebra2005,question,classical,pfa_recency,1,temperature,0.06604391266878284,0.741392838330295,93595,114
algebra2005,question,classical,pfa_recency,2,none,0.03676533641493106,0.7402407886222458,93595,114
algebra2005,question,classical,pfa_recency,2,platt,0.019417566989879415,0.7402407886222458,93595,114
algebra2005,question,classical,pfa_recency,2,isotonic,0.00521198563245547,0.7399013564486221,93595,114
algebra2005,question,classical,pfa_recency,2,temperature,0.058178086402038934,0.7402407886222458,93595,114
algebra2005,question,classical,pfa_recency,3,none,0.03702595758526504,0.7399167218441383,93595,114
algebra2005,question,classical,pfa_recency,3,platt,0.017817428256431088,0.7399167218441383,93595,114
algebra2005,question,classical,pfa_recency,3,isotonic,0.005395114252848775,0.7398404823259437,93595,114
algebra2005,question,classical,pfa_recency,3,temperature,0.055203661834752595,0.7399167218441383,93595,114
algebra2005,question,classical,pfa_recency,4,none,0.039285808882673585,0.7406623469981248,93595,114
algebra2005,question,classical,pfa_recency,4,platt,0.01856001788100607,0.7406623469981247,93595,114
algebra2005,question,classical,pfa_recency,4,isotonic,0.005632288918054403,0.7404796951796191,93595,114
algebra2005,question,classical,pfa_recency,4,temperature,0.05402058515009965,0.7406623469981247,93595,114
algebra2005,question,classical,elorasch,0,none,0.06304581549755381,0.7347568245566163,93595,114
algebra2005,question,classical,elorasch,0,platt,0.017468164271805198,0.7347568245566163,93595,114
algebra2005,question,classical,elorasch,0,isotonic,0.011887754420092355,0.7345900608019784,93595,114
algebra2005,question,classical,elorasch,0,temperature,0.0112363835379638,0.7347568245566163,93595,114
algebra2005,question,classical,elorasch,1,none,0.0639552729945456,0.7358159353996401,93595,114
algebra2005,question,classical,elorasch,1,platt,0.023675306599975104,0.7358159353996401,93595,114
algebra2005,question,classical,elorasch,1,isotonic,0.024033860947918394,0.7351204963275529,93595,114
algebra2005,question,classical,elorasch,1,temperature,0.015767758023648715,0.7358159353996401,93595,114
algebra2005,question,classical,elorasch,2,none,0.06046449357305395,0.7332601814024737,93595,114
algebra2005,question,classical,elorasch,2,platt,0.016295525170571402,0.7332601814024737,93595,114
algebra2005,question,classical,elorasch,2,isotonic,0.008473611934882372,0.7327189260840148,93595,114
algebra2005,question,classical,elorasch,2,temperature,0.011764524114058086,0.7332601814024737,93595,114
algebra2005,question,classical,elorasch,3,none,0.06188932369459448,0.7349201376461177,93595,114
algebra2005,question,classical,elorasch,3,platt,0.014896757570099657,0.7349201376461177,93595,114
algebra2005,question,classical,elorasch,3,isotonic,0.0075071695535258364,0.7345337201917388,93595,114
algebra2005,question,classical,elorasch,3,temperature,0.011760465409523389,0.7349201376461177,93595,114
algebra2005,question,classical,elorasch,4,none,0.060837661119567635,0.7342519914101298,93595,114
algebra2005,question,classical,elorasch,4,platt,0.012040520510080345,0.7342519914101298,93595,114
algebra2005,question,classical,elorasch,4,isotonic,0.008311232145012833,0.7337786088861777,93595,114
algebra2005,question,classical,elorasch,4,temperature,0.01126574826330858,0.7342519914101298,93595,114
assist2009,concept,deep,dkt,0,none,0.007414167955992682,0.8237927498629496,61904,770
assist2009,concept,deep,dkt,0,platt,0.010000022346996658,0.8237927498629496,61904,770
assist2009,concept,deep,dkt,0,isotonic,0.009417894153786532,0.8234894575238176,61904,770
assist2009,concept,deep,dkt,0,temperature,0.008120449276408958,0.8237927498629496,61904,770
assist2009,concept,deep,dkt,1,none,0.008644893486503342,0.8225361904583309,61904,770
assist2009,concept,deep,dkt,1,platt,0.012108076848617123,0.8225361904583309,61904,770
assist2009,concept,deep,dkt,1,isotonic,0.012392594600446994,0.8223715854476505,61904,770
assist2009,concept,deep,dkt,1,temperature,0.0064233160343548906,0.8225361904583309,61904,770
assist2009,concept,deep,dkt,2,none,0.010021374641505458,0.8246160787983464,61904,770
assist2009,concept,deep,dkt,2,platt,0.010717851716632774,0.8246160787983464,61904,770
assist2009,concept,deep,dkt,2,isotonic,0.011096229315564081,0.82439868886271,61904,770
assist2009,concept,deep,dkt,2,temperature,0.011998412641861958,0.8246160787983464,61904,770
assist2009,concept,deep,dkt,3,none,0.0070721255327803705,0.8246942109901673,61904,770
assist2009,concept,deep,dkt,3,platt,0.01074252809428395,0.8246942109901673,61904,770
assist2009,concept,deep,dkt,3,isotonic,0.011735547916745786,0.8246525418082689,61904,770
assist2009,concept,deep,dkt,3,temperature,0.0068087943636340985,0.8246942109901673,61904,770
assist2009,concept,deep,dkt,4,none,0.01264908009171397,0.8249524507015041,61904,770
assist2009,concept,deep,dkt,4,platt,0.008538833539253669,0.8249524507015041,61904,770
assist2009,concept,deep,dkt,4,isotonic,0.006738685897324672,0.8247610157967221,61904,770
assist2009,concept,deep,dkt,4,temperature,0.008339507645449174,0.8249524507015041,61904,770
assist2009,concept,deep,sakt,0,none,0.04015854801080865,0.7541104784755783,61904,770
assist2009,concept,deep,sakt,0,platt,0.012814247759951013,0.7541104784755783,61904,770
assist2009,concept,deep,sakt,0,isotonic,0.010047348576907584,0.7540179133037299,61904,770
assist2009,concept,deep,sakt,0,temperature,0.011277537832232424,0.7541104784755783,61904,770
assist2009,concept,deep,sakt,1,none,0.04249956474733232,0.7546422917723866,61904,770
assist2009,concept,deep,sakt,1,platt,0.01142508903273787,0.7546422917723866,61904,770
assist2009,concept,deep,sakt,1,isotonic,0.009272738106951261,0.7543903136146276,61904,770
assist2009,concept,deep,sakt,1,temperature,0.01264064646680113,0.7546422917723866,61904,770
assist2009,concept,deep,sakt,2,none,0.03825182835630443,0.7551955069631231,61904,770
assist2009,concept,deep,sakt,2,platt,0.01208777048152743,0.7551955069631231,61904,770
assist2009,concept,deep,sakt,2,isotonic,0.012917450556114088,0.75497748889152,61904,770
assist2009,concept,deep,sakt,2,temperature,0.012530093084826732,0.7551955069631231,61904,770
assist2009,concept,deep,sakt,3,none,0.04516834967189442,0.7537488934210729,61904,770
assist2009,concept,deep,sakt,3,platt,0.011542348444524387,0.7537488934210729,61904,770
assist2009,concept,deep,sakt,3,isotonic,0.009497674172773833,0.7537126726113251,61904,770
assist2009,concept,deep,sakt,3,temperature,0.01675310679883543,0.7537488934210729,61904,770
assist2009,concept,deep,sakt,4,none,0.033467823304739054,0.7528616802284221,61904,770
assist2009,concept,deep,sakt,4,platt,0.009484380869694616,0.7528616802284221,61904,770
assist2009,concept,deep,sakt,4,isotonic,0.009194434244967936,0.7524385174772035,61904,770
assist2009,concept,deep,sakt,4,temperature,0.006763850695865125,0.7528616802284221,61904,770
assist2009,concept,deep,akt,0,none,0.010144944341557658,0.831487264362757,61904,770
assist2009,concept,deep,akt,0,platt,0.008486001683560366,0.831487264362757,61904,770
assist2009,concept,deep,akt,0,isotonic,0.007887645057344302,0.8313519723638556,61904,770
assist2009,concept,deep,akt,0,temperature,0.0049820333429126925,0.831487264362757,61904,770
assist2009,concept,deep,akt,1,none,0.006168805380620897,0.8292691006609424,61904,770
assist2009,concept,deep,akt,1,platt,0.010829316918694232,0.8292691006609424,61904,770
assist2009,concept,deep,akt,1,isotonic,0.010009683579694553,0.8289494818796711,61904,770
assist2009,concept,deep,akt,1,temperature,0.003514278877891785,0.8292691006609424,61904,770
assist2009,concept,deep,akt,2,none,0.0074279251457233944,0.8312255461362963,61904,770
assist2009,concept,deep,akt,2,platt,0.011182141564392295,0.8312255461362963,61904,770
assist2009,concept,deep,akt,2,isotonic,0.01103709670912499,0.831034213657289,61904,770
assist2009,concept,deep,akt,2,temperature,0.006410879677479532,0.8312255461362963,61904,770
assist2009,concept,deep,akt,3,none,0.007119898870692492,0.8293843709673778,61904,770
assist2009,concept,deep,akt,3,platt,0.011303491149705141,0.8293843709673778,61904,770
assist2009,concept,deep,akt,3,isotonic,0.011482638242464968,0.8291788375225289,61904,770
assist2009,concept,deep,akt,3,temperature,0.005098444517861489,0.8293843709673778,61904,770
assist2009,concept,deep,akt,4,none,0.019155259687143166,0.8298668540870471,61904,770
assist2009,concept,deep,akt,4,platt,0.00595140028157385,0.8298668540870471,61904,770
assist2009,concept,deep,akt,4,isotonic,0.006170731862992517,0.8294296686247882,61904,770
assist2009,concept,deep,akt,4,temperature,0.011930835037558481,0.8298668540870471,61904,770
assist2009,concept,deep,simplekt,0,none,0.055354763466805575,0.8278166352684132,61904,770
assist2009,concept,deep,simplekt,0,platt,0.00920960731855195,0.8278166352684132,61904,770
assist2009,concept,deep,simplekt,0,isotonic,0.0089113230670583,0.8276411448311964,61904,770
assist2009,concept,deep,simplekt,0,temperature,0.00942013523729188,0.8278166352684132,61904,770
assist2009,concept,deep,simplekt,1,none,0.09806807461820578,0.8268721768195548,61904,770
assist2009,concept,deep,simplekt,1,platt,0.012709493604137527,0.8268721768195548,61904,770
assist2009,concept,deep,simplekt,1,isotonic,0.014142313464093729,0.8266452194111356,61904,770
assist2009,concept,deep,simplekt,1,temperature,0.03770854641896975,0.8268721768195548,61904,770
assist2009,concept,deep,simplekt,2,none,0.011859834272036011,0.8290409939334707,61904,770
assist2009,concept,deep,simplekt,2,platt,0.012785487474010454,0.8290409939334707,61904,770
assist2009,concept,deep,simplekt,2,isotonic,0.01310922076198847,0.8287416905406717,61904,770
assist2009,concept,deep,simplekt,2,temperature,0.011758301856333085,0.8290409939334707,61904,770
assist2009,concept,deep,simplekt,3,none,0.03321059344688673,0.8320636628636588,61904,770
assist2009,concept,deep,simplekt,3,platt,0.011650454138134356,0.8320636628636588,61904,770
assist2009,concept,deep,simplekt,3,isotonic,0.01293019119429182,0.8319104056102216,61904,770
assist2009,concept,deep,simplekt,3,temperature,0.013156532927669199,0.8320636628636588,61904,770
assist2009,concept,deep,simplekt,4,none,0.08653906019980608,0.8319096524129499,61904,770
assist2009,concept,deep,simplekt,4,platt,0.008719092166905402,0.8319096524129498,61904,770
assist2009,concept,deep,simplekt,4,isotonic,0.007397662706468434,0.831714981759107,61904,770
assist2009,concept,deep,simplekt,4,temperature,0.012471222868183808,0.8319096524129498,61904,770
assist2009,question,deep,dkt,0,none,0.009353178704023097,0.7499495411890569,52254,770
assist2009,question,deep,dkt,0,platt,0.011849112771167111,0.7499495411890569,52254,770
assist2009,question,deep,dkt,0,isotonic,0.011967688904565404,0.7495469861732935,52254,770
assist2009,question,deep,dkt,0,temperature,0.005372816486357153,0.7499495411890569,52254,770
assist2009,question,deep,dkt,1,none,0.008750863091820481,0.748007439669236,52254,770
assist2009,question,deep,dkt,1,platt,0.015137436368822659,0.748007439669236,52254,770
assist2009,question,deep,dkt,1,isotonic,0.015119137649297726,0.7478243227411095,52254,770
assist2009,question,deep,dkt,1,temperature,0.00886008575060767,0.748007439669236,52254,770
assist2009,question,deep,dkt,2,none,0.011353559536112005,0.7513523232255738,52254,770
assist2009,question,deep,dkt,2,platt,0.013860738111534598,0.7513523232255738,52254,770
assist2009,question,deep,dkt,2,isotonic,0.013669099759398588,0.7509751865066038,52254,770
assist2009,question,deep,dkt,2,temperature,0.008059082870173392,0.7513523232255738,52254,770
assist2009,question,deep,dkt,3,none,0.013117269491331013,0.7517081158210368,52254,770
assist2009,question,deep,dkt,3,platt,0.013098877995793392,0.7517081158210368,52254,770
assist2009,question,deep,dkt,3,isotonic,0.014107965306521099,0.751547995567204,52254,770
assist2009,question,deep,dkt,3,temperature,0.0041669095931617765,0.7517081158210368,52254,770
assist2009,question,deep,dkt,4,none,0.01750907490335706,0.7524662576579104,52254,770
assist2009,question,deep,dkt,4,platt,0.008555661616429915,0.7524662576579104,52254,770
assist2009,question,deep,dkt,4,isotonic,0.006879966818793548,0.752133819259748,52254,770
assist2009,question,deep,dkt,4,temperature,0.006456197985949169,0.7524662576579104,52254,770
assist2009,question,deep,sakt,0,none,0.04485981551651553,0.72862278456082,52254,770
assist2009,question,deep,sakt,0,platt,0.013042891159063204,0.72862278456082,52254,770
assist2009,question,deep,sakt,0,isotonic,0.013431905710181184,0.728351171949055,52254,770
assist2009,question,deep,sakt,0,temperature,0.013458807548733577,0.72862278456082,52254,770
assist2009,question,deep,sakt,1,none,0.04601402954797733,0.7315115521824953,52254,770
assist2009,question,deep,sakt,1,platt,0.01153048187675425,0.7315115521824953,52254,770
assist2009,question,deep,sakt,1,isotonic,0.011223355233209316,0.7313093816615921,52254,770
assist2009,question,deep,sakt,1,temperature,0.007715698232563059,0.7315115521824953,52254,770
assist2009,question,deep,sakt,2,none,0.04174694951582612,0.7297053944162906,52254,770
assist2009,question,deep,sakt,2,platt,0.014381905581567116,0.7297053944162906,52254,770
assist2009,question,deep,sakt,2,isotonic,0.015240506607162824,0.7293963149824025,52254,770
assist2009,question,deep,sakt,2,temperature,0.006322848983381692,0.7297053944162906,52254,770
assist2009,question,deep,sakt,3,none,0.04857096872966642,0.7291433563321421,52254,770
assist2009,question,deep,sakt,3,platt,0.011410609519939472,0.7291433563321421,52254,770
assist2009,question,deep,sakt,3,isotonic,0.0144541839922199,0.7290613365819008,52254,770
assist2009,question,deep,sakt,3,temperature,0.010138285781413322,0.7291433563321421,52254,770
assist2009,question,deep,sakt,4,none,0.037117009224173984,0.7285756066193361,52254,770
assist2009,question,deep,sakt,4,platt,0.010167532948825782,0.7285756066193361,52254,770
assist2009,question,deep,sakt,4,isotonic,0.01102664777935845,0.7281562853635442,52254,770
assist2009,question,deep,sakt,4,temperature,0.0075853255952431625,0.7285756066193361,52254,770
assist2009,question,deep,akt,0,none,0.022128878172005702,0.7615317357545422,52254,770
assist2009,question,deep,akt,0,platt,0.012379491386301178,0.7615317357545422,52254,770
assist2009,question,deep,akt,0,isotonic,0.010828724115282276,0.7613066948841408,52254,770
assist2009,question,deep,akt,0,temperature,0.007884017843735165,0.7615317357545422,52254,770
assist2009,question,deep,akt,1,none,0.0168642611091979,0.7586001773959243,52254,770
assist2009,question,deep,akt,1,platt,0.014141267101871713,0.7586001773959243,52254,770
assist2009,question,deep,akt,1,isotonic,0.01298766452296114,0.7581088136652679,52254,770
assist2009,question,deep,akt,1,temperature,0.005211433924377969,0.7586001773959243,52254,770
assist2009,question,deep,akt,2,none,0.01870813143491422,0.7605576484325606,52254,770
assist2009,question,deep,akt,2,platt,0.014653087733599399,0.7605576484325606,52254,770
assist2009,question,deep,akt,2,isotonic,0.013573417923260046,0.7601862543275757,52254,770
assist2009,question,deep,akt,2,temperature,0.006607801273302733,0.7605576484325606,52254,770
assist2009,question,deep,akt,3,none,0.0189458491215981,0.7583367623894581,52254,770
assist2009,question,deep,akt,3,platt,0.01428296633068283,0.7583367623894581,52254,770
assist2009,question,deep,akt,3,isotonic,0.013989774837396511,0.7580742634363848,52254,770
assist2009,question,deep,akt,3,temperature,0.00702242208868947,0.7583367623894581,52254,770
assist2009,question,deep,akt,4,none,0.02866362192368073,0.7590837336186076,52254,770
assist2009,question,deep,akt,4,platt,0.010999248337076042,0.7590837336186076,52254,770
assist2009,question,deep,akt,4,isotonic,0.007859862834236378,0.7587192095168226,52254,770
assist2009,question,deep,akt,4,temperature,0.010795859924292394,0.7590837336186076,52254,770
assist2009,question,deep,simplekt,0,none,0.0797480231178476,0.7635746643237543,52254,770
assist2009,question,deep,simplekt,0,platt,0.014284561245991447,0.7635746643237543,52254,770
assist2009,question,deep,simplekt,0,isotonic,0.010529476326666915,0.7633223293525171,52254,770
assist2009,question,deep,simplekt,0,temperature,0.010038345102244977,0.7635746643237543,52254,770
assist2009,question,deep,simplekt,1,none,0.12644144945841507,0.7606758677844898,52254,770
assist2009,question,deep,simplekt,1,platt,0.01700033057556475,0.7606758677844898,52254,770
assist2009,question,deep,simplekt,1,isotonic,0.015658279292490248,0.7605213177391035,52254,770
assist2009,question,deep,simplekt,1,temperature,0.04744100496974309,0.7606758677844898,52254,770
assist2009,question,deep,simplekt,2,none,0.02520281126803681,0.7591040528428283,52254,770
assist2009,question,deep,simplekt,2,platt,0.018652505247033588,0.7591040528428283,52254,770
assist2009,question,deep,simplekt,2,isotonic,0.017391643073966262,0.7588625738590692,52254,770
assist2009,question,deep,simplekt,2,temperature,0.013967617726896852,0.7591040528428283,52254,770
assist2009,question,deep,simplekt,3,none,0.05708103877215112,0.7674237109343925,52254,770
assist2009,question,deep,simplekt,3,platt,0.01600245887617726,0.7674237109343925,52254,770
assist2009,question,deep,simplekt,3,isotonic,0.015927181770673034,0.7670852780671493,52254,770
assist2009,question,deep,simplekt,3,temperature,0.02080434853241807,0.7674237109343925,52254,770
assist2009,question,deep,simplekt,4,none,0.11281384391625562,0.7661351328691908,52254,770
assist2009,question,deep,simplekt,4,platt,0.01175669602779302,0.7661351328691908,52254,770
assist2009,question,deep,simplekt,4,isotonic,0.008853975863846675,0.7658034627482456,52254,770
assist2009,question,deep,simplekt,4,temperature,0.009984010196616062,0.7661351328691908,52254,770
assist2009,question,classical,bkt,0,none,0.02015164326334691,0.7252393093831357,53148,770
assist2009,question,classical,bkt,0,platt,0.015003496848048994,0.7252392963467778,53148,770
assist2009,question,classical,bkt,0,isotonic,0.012387144260026744,0.7256187923978309,53148,770
assist2009,question,classical,bkt,0,temperature,0.02024248923577706,0.725239290212021,53148,770
assist2009,question,classical,bkt,1,none,0.019434666712362852,0.7252759760572407,53148,770
assist2009,question,classical,bkt,1,platt,0.019705775649154655,0.7252759829588421,53148,770
assist2009,question,classical,bkt,1,isotonic,0.016625732633153697,0.7257232128589041,53148,770
assist2009,question,classical,bkt,1,temperature,0.01919255117072736,0.7252759883267542,53148,770
assist2009,question,classical,bkt,2,none,0.018572046994744115,0.7258104414310979,53148,770
assist2009,question,classical,bkt,2,platt,0.01714260030921733,0.7258103586118821,53148,770
assist2009,question,classical,bkt,2,isotonic,0.01747055422405169,0.7258999782055098,53148,770
assist2009,question,classical,bkt,2,temperature,0.019137294678862438,0.7258104475658548,53148,770
assist2009,question,classical,bkt,3,none,0.02067086820016402,0.7266318861235169,53148,770
assist2009,question,classical,bkt,3,platt,0.018412837351718354,0.7266321683223264,53148,770
assist2009,question,classical,bkt,3,isotonic,0.01847258800317541,0.7266764144883661,53148,770
assist2009,question,classical,bkt,3,temperature,0.019866565697998464,0.7266321798249951,53148,770
assist2009,question,classical,bkt,4,none,0.020264398007528793,0.7259941083790202,53148,770
assist2009,question,classical,bkt,4,platt,0.01328488361373362,0.7259941635918308,53148,770
assist2009,question,classical,bkt,4,isotonic,0.008813978312509543,0.7260785471705931,53148,770
assist2009,question,classical,bkt,4,temperature,0.020227061580778864,0.7259941030111081,53148,770
assist2009,question,classical,pfa,0,none,0.02798754298572232,0.7083857155287694,53148,770
assist2009,question,classical,pfa,0,platt,0.03811320908207314,0.7083857155287694,53148,770
assist2009,question,classical,pfa,0,isotonic,0.015262536408612252,0.7084628646956629,53148,770
assist2009,question,classical,pfa,0,temperature,0.033795320909558293,0.7083857155287694,53148,770
assist2009,question,classical,pfa,1,none,0.026091539713845133,0.7086361961121914,53148,770
assist2009,question,classical,pfa,1,platt,0.03268391593007362,0.7086361961121914,53148,770
assist2009,question,classical,pfa,1,isotonic,0.014316639902458418,0.7089013602358367,53148,770
assist2009,question,classical,pfa,1,temperature,0.03204696701277589,0.7086361961121914,53148,770
assist2009,question,classical,pfa,2,none,0.025470043423602914,0.7100830094699403,53148,770
assist2009,question,classical,pfa,2,platt,0.04413148323945859,0.7100830094699403,53148,770
assist2009,question,classical,pfa,2,isotonic,0.020853404139425345,0.7102489262661212,53148,770
assist2009,question,classical,pfa,2,temperature,0.040534400873084124,0.7100830094699403,53148,770
assist2009,question,classical,pfa,3,none,0.026009163760780874,0.7086862219859115,53148,770
assist2009,question,classical,pfa,3,platt,0.038149730576707834,0.7086862219859115,53148,770
assist2009,question,classical,pfa,3,isotonic,0.020403680984440675,0.7089903027056907,53148,770
assist2009,question,classical,pfa,3,temperature,0.0355969562757848,0.7086862219859115,53148,770
assist2009,question,classical,pfa,4,none,0.026110675794539327,0.7090013475683308,53148,770
assist2009,question,classical,pfa,4,platt,0.037187812300051235,0.7090013475683308,53148,770
assist2009,question,classical,pfa,4,isotonic,0.01138255360476118,0.7093539082031352,53148,770
assist2009,question,classical,pfa,4,temperature,0.037477960421992175,0.7090013475683308,53148,770
assist2009,question,classical,pfa_recency,0,none,0.022275299452902724,0.7188404383440118,53148,770
assist2009,question,classical,pfa_recency,0,platt,0.03420058595739078,0.7188404383440118,53148,770
assist2009,question,classical,pfa_recency,0,isotonic,0.011194740907493232,0.718744693962638,53148,770
assist2009,question,classical,pfa_recency,0,temperature,0.029838830733064457,0.7188404383440118,53148,770
assist2009,question,classical,pfa_recency,1,none,0.02129856307032397,0.7182416891549595,53148,770
assist2009,question,classical,pfa_recency,1,platt,0.03096064846154325,0.7182416891549595,53148,770
assist2009,question,classical,pfa_recency,1,isotonic,0.011447581519598167,0.718054901149553,53148,770
assist2009,question,classical,pfa_recency,1,temperature,0.026452932179180967,0.7182416891549595,53148,770
assist2009,question,classical,pfa_recency,2,none,0.022785973036810247,0.7190953083458711,53148,770
assist2009,question,classical,pfa_recency,2,platt,0.03685738089006109,0.7190953083458711,53148,770
assist2009,question,classical,pfa_recency,2,isotonic,0.017666543130706768,0.7188756012358745,53148,770
assist2009,question,classical,pfa_recency,2,temperature,0.03300366184960174,0.7190953083458711,53148,770
assist2009,question,classical,pfa_recency,3,none,0.01964588596911202,0.7185381374705273,53148,770
assist2009,question,classical,pfa_recency,3,platt,0.03324713535054156,0.7185381374705273,53148,770
assist2009,question,classical,pfa_recency,3,isotonic,0.015726125194359078,0.7182835619369908,53148,770
assist2009,question,classical,pfa_recency,3,temperature,0.02872859377636306,0.7185381374705273,53148,770
assist2009,question,classical,pfa_recency,4,none,0.020478428936349848,0.7183525258047231,53148,770
assist2009,question,classical,pfa_recency,4,platt,0.03230163229547986,0.7183525258047231,53148,770
assist2009,question,classical,pfa_recency,4,isotonic,0.009563379112358312,0.7180312946056724,53148,770
assist2009,question,classical,pfa_recency,4,temperature,0.028680243134744834,0.7183525258047231,53148,770
assist2009,question,classical,elorasch,0,none,0.06463177057865391,0.7107321104416634,53148,770
assist2009,question,classical,elorasch,0,platt,0.009612672571154062,0.7107321104416634,53148,770
assist2009,question,classical,elorasch,0,isotonic,0.007594704742551078,0.710361366387924,53148,770
assist2009,question,classical,elorasch,0,temperature,0.02572584178497345,0.7107321104416634,53148,770
assist2009,question,classical,elorasch,1,none,0.061891128855077936,0.7101210871380922,53148,770
assist2009,question,classical,elorasch,1,platt,0.007201805217282465,0.7101210871380922,53148,770
assist2009,question,classical,elorasch,1,isotonic,0.0057941857425661755,0.709900987403665,53148,770
assist2009,question,classical,elorasch,1,temperature,0.02562157983831,0.7101210871380922,53148,770
assist2009,question,classical,elorasch,2,none,0.062393522142799134,0.7110591727269819,53148,770
assist2009,question,classical,elorasch,2,platt,0.006294274959158302,0.7110591727269819,53148,770
assist2009,question,classical,elorasch,2,isotonic,0.008985303105518582,0.7107059242325797,53148,770
assist2009,question,classical,elorasch,2,temperature,0.026116958328879874,0.7110591727269819,53148,770
assist2009,question,classical,elorasch,3,none,0.06341872480208628,0.7108119665699623,53148,770
assist2009,question,classical,elorasch,3,platt,0.010567237710625281,0.7108119665699623,53148,770
assist2009,question,classical,elorasch,3,isotonic,0.008998661779268575,0.7105546050900277,53148,770
assist2009,question,classical,elorasch,3,temperature,0.026668071376665707,0.7108119665699623,53148,770
assist2009,question,classical,elorasch,4,none,0.06250959716589143,0.710534213925516,53148,770
assist2009,question,classical,elorasch,4,platt,0.007226356411974962,0.710534213925516,53148,770
assist2009,question,classical,elorasch,4,isotonic,0.01280538834804331,0.7101519587676253,53148,770
assist2009,question,classical,elorasch,4,temperature,0.026611393333166315,0.710534213925516,53148,770
assist2012,concept,deep,dkt,0,none,0.00733443958922635,0.729250779733342,536087,5497
assist2012,concept,deep,dkt,0,platt,0.0014745746934751354,0.729250779733342,536087,5497
assist2012,concept,deep,dkt,0,isotonic,0.0018169537277223755,0.7292020078977924,536087,5497
assist2012,concept,deep,dkt,0,temperature,0.003900915422952877,0.729250779733342,536087,5497
assist2012,concept,deep,dkt,1,none,0.004062615311561589,0.7293054060276506,536087,5497
assist2012,concept,deep,dkt,1,platt,0.0023714329165505314,0.7293054060276506,536087,5497
assist2012,concept,deep,dkt,1,isotonic,0.0023389932651084896,0.7292410958390737,536087,5497
assist2012,concept,deep,dkt,1,temperature,0.003366175249995555,0.7293054060276506,536087,5497
assist2012,concept,deep,dkt,2,none,0.003411174189277672,0.7289268868490864,536087,5497
assist2012,concept,deep,dkt,2,platt,0.0026035753058658733,0.7289268868490864,536087,5497
assist2012,concept,deep,dkt,2,isotonic,0.00205412019124708,0.7288742836622455,536087,5497
assist2012,concept,deep,dkt,2,temperature,0.0028100908667433996,0.7289268868490864,536087,5497
assist2012,concept,deep,dkt,3,none,0.0027990982008084305,0.7301084325883058,536087,5497
assist2012,concept,deep,dkt,3,platt,0.002824361602418297,0.7301084325883058,536087,5497
assist2012,concept,deep,dkt,3,isotonic,0.0019205243690118088,0.7300465408244006,536087,5497
assist2012,concept,deep,dkt,3,temperature,0.0024720370061368222,0.7301084325883058,536087,5497
assist2012,concept,deep,dkt,4,none,0.010044976934628259,0.730273224312832,536087,5497
assist2012,concept,deep,dkt,4,platt,0.0012198512727260625,0.730273224312832,536087,5497
assist2012,concept,deep,dkt,4,isotonic,0.002033991872261407,0.7302433030045347,536087,5497
assist2012,concept,deep,dkt,4,temperature,0.003555836577730091,0.730273224312832,536087,5497
assist2012,concept,deep,sakt,0,none,0.007014077722941315,0.7073372892923611,536087,5497
assist2012,concept,deep,sakt,0,platt,0.0033214177078866977,0.7073372892923611,536087,5497
assist2012,concept,deep,sakt,0,isotonic,0.0014683367936787607,0.7072857863731413,536087,5497
assist2012,concept,deep,sakt,0,temperature,0.007857236515999733,0.7073372892923611,536087,5497
assist2012,concept,deep,sakt,1,none,0.012012684953517152,0.7068584803041013,536087,5497
assist2012,concept,deep,sakt,1,platt,0.004432183880056274,0.7068584803041013,536087,5497
assist2012,concept,deep,sakt,1,isotonic,0.0031506238818682386,0.7067370052695787,536087,5497
assist2012,concept,deep,sakt,1,temperature,0.005228355597519534,0.7068584803041013,536087,5497
assist2012,concept,deep,sakt,2,none,0.00930167440183071,0.7066781261024874,536087,5497
assist2012,concept,deep,sakt,2,platt,0.005456971719979631,0.7066781261024874,536087,5497
assist2012,concept,deep,sakt,2,isotonic,0.003691685417274694,0.7065939976451443,536087,5497
assist2012,concept,deep,sakt,2,temperature,0.006613776415687303,0.7066781261024874,536087,5497
assist2012,concept,deep,sakt,3,none,0.007886583676008288,0.7064940605696581,536087,5497
assist2012,concept,deep,sakt,3,platt,0.00571450675407381,0.7064940605696581,536087,5497
assist2012,concept,deep,sakt,3,isotonic,0.0036388544452540398,0.7064445230953187,536087,5497
assist2012,concept,deep,sakt,3,temperature,0.007238225754028336,0.7064940605696581,536087,5497
assist2012,concept,deep,sakt,4,none,0.025628893930610058,0.7078600415301806,536087,5497
assist2012,concept,deep,sakt,4,platt,0.004084308677190616,0.7078600415301806,536087,5497
assist2012,concept,deep,sakt,4,isotonic,0.0014704403236961716,0.7077918640920009,536087,5497
assist2012,concept,deep,sakt,4,temperature,0.005563026280813438,0.7078600415301806,536087,5497
assist2012,concept,deep,akt,0,none,0.014982328060999452,0.7729085339364316,536087,5497
assist2012,concept,deep,akt,0,platt,0.001525833427794468,0.7729085339364316,536087,5497
assist2012,concept,deep,akt,0,isotonic,0.001851211951803164,0.7728454666138297,536087,5497
assist2012,concept,deep,akt,0,temperature,0.0048090854176744595,0.7729085339364316,536087,5497
assist2012,concept,deep,akt,1,none,0.014893701045132421,0.7727723830785789,536087,5497
assist2012,concept,deep,akt,1,platt,0.0019974084116476105,0.7727723830785789,536087,5497
assist2012,concept,deep,akt,1,isotonic,0.002768246083518108,0.772733618904546,536087,5497
assist2012,concept,deep,akt,1,temperature,0.004180233917740877,0.7727723830785789,536087,5497
assist2012,concept,deep,akt,2,none,0.014594792535657547,0.7717344022345106,536087,5497
assist2012,concept,deep,akt,2,platt,0.002428562311073722,0.7717344022345106,536087,5497
assist2012,concept,deep,akt,2,isotonic,0.002125104448225432,0.7716713579095213,536087,5497
assist2012,concept,deep,akt,2,temperature,0.0026110229342572104,0.7717344022345106,536087,5497
assist2012,concept,deep,akt,3,none,0.01399390726731168,0.7715088903005438,536087,5497
assist2012,concept,deep,akt,3,platt,0.0020187438307270617,0.7715088903005438,536087,5497
assist2012,concept,deep,akt,3,isotonic,0.00219695868553471,0.7714242392785698,536087,5497
assist2012,concept,deep,akt,3,temperature,0.002191131267664149,0.7715088903005438,536087,5497
assist2012,concept,deep,akt,4,none,0.012408899082193591,0.7724924363298898,536087,5497
assist2012,concept,deep,akt,4,platt,0.0005990677770281811,0.7724924363298898,536087,5497
assist2012,concept,deep,akt,4,isotonic,0.0018666050303576297,0.7724448912611643,536087,5497
assist2012,concept,deep,akt,4,temperature,0.004283971151737808,0.7724924363298898,536087,5497
assist2012,concept,deep,simplekt,0,none,0.017429344812549437,0.7691880159104891,536087,5497
assist2012,concept,deep,simplekt,0,platt,0.00296305909383362,0.7691880159104891,536087,5497
assist2012,concept,deep,simplekt,0,isotonic,0.0017542852221148894,0.7691254935581292,536087,5497
assist2012,concept,deep,simplekt,0,temperature,0.017176576498775655,0.7691880159104891,536087,5497
assist2012,concept,deep,simplekt,1,none,0.01906458293118119,0.7702729523295967,536087,5497
assist2012,concept,deep,simplekt,1,platt,0.0015780055334167395,0.7702729523295967,536087,5497
assist2012,concept,deep,simplekt,1,isotonic,0.0015184862394203315,0.7702079450675111,536087,5497
assist2012,concept,deep,simplekt,1,temperature,0.018955002352448267,0.7702729523295967,536087,5497
assist2012,concept,deep,simplekt,2,none,0.00825049529158506,0.7709999248560694,536087,5497
assist2012,concept,deep,simplekt,2,platt,0.0053377362974783476,0.7709999248560694,536087,5497
assist2012,concept,deep,simplekt,2,isotonic,0.001990736129650325,0.7709533545259866,536087,5497
assist2012,concept,deep,simplekt,2,temperature,0.005918801409969062,0.7709999248560694,536087,5497
assist2012,concept,deep,simplekt,3,none,0.015161573310168748,0.7702070093351875,536087,5497
assist2012,concept,deep,simplekt,3,platt,0.0031544134723212546,0.7702070093351875,536087,5497
assist2012,concept,deep,simplekt,3,isotonic,0.0026113698856726447,0.7701576368648134,536087,5497
assist2012,concept,deep,simplekt,3,temperature,0.014954729997339296,0.7702070093351875,536087,5497
assist2012,concept,deep,simplekt,4,none,0.01586400027242074,0.7706973372907168,536087,5497
assist2012,concept,deep,simplekt,4,platt,0.005426315539568498,0.7706973372907168,536087,5497
assist2012,concept,deep,simplekt,4,isotonic,0.001384523705459907,0.7706299184859765,536087,5497
assist2012,concept,deep,simplekt,4,temperature,0.011036451060208046,0.7706973372907168,536087,5497
assist2012,question,deep,dkt,0,none,0.007334638034498787,0.7292508551806404,536087,5497
assist2012,question,deep,dkt,0,platt,0.001480894172796246,0.7292508551806404,536087,5497
assist2012,question,deep,dkt,0,isotonic,0.001882218936421094,0.7291956037574461,536087,5497
assist2012,question,deep,dkt,0,temperature,0.003890551738021839,0.7292508551806404,536087,5497
assist2012,question,deep,dkt,1,none,0.004071635014464362,0.7293053046556213,536087,5497
assist2012,question,deep,dkt,1,platt,0.002386991240121594,0.7293053046556213,536087,5497
assist2012,question,deep,dkt,1,isotonic,0.0023431039466191416,0.7292379290423214,536087,5497
assist2012,question,deep,dkt,1,temperature,0.0033612260386068145,0.7293053046556213,536087,5497
assist2012,question,deep,dkt,2,none,0.0034123983607158266,0.7289270221954223,536087,5497
assist2012,question,deep,dkt,2,platt,0.0026029264147804333,0.7289270221954223,536087,5497
assist2012,question,deep,dkt,2,isotonic,0.002028849484316957,0.7288771023950225,536087,5497
assist2012,question,deep,dkt,2,temperature,0.002800887393813081,0.7289270221954223,536087,5497
assist2012,question,deep,dkt,3,none,0.002799101078743443,0.7301083797028411,536087,5497
assist2012,question,deep,dkt,3,platt,0.00281459321092685,0.7301083797028411,536087,5497
assist2012,question,deep,dkt,3,isotonic,0.0019038974930571252,0.7300485282473357,536087,5497
assist2012,question,deep,dkt,3,temperature,0.002471988232466199,0.7301083797028411,536087,5497
assist2012,question,deep,dkt,4,none,0.010044972737632428,0.7302730727440112,536087,5497
assist2012,question,deep,dkt,4,platt,0.0012045871482757441,0.7302730727440112,536087,5497
assist2012,question,deep,dkt,4,isotonic,0.002043531612645796,0.7302420206964618,536087,5497
assist2012,question,deep,dkt,4,temperature,0.003549446665979618,0.7302730727440112,536087,5497
assist2012,question,deep,sakt,0,none,0.0070240975811770206,0.7073374782148303,536087,5497
assist2012,question,deep,sakt,0,platt,0.0033198687172426304,0.7073374782148303,536087,5497
assist2012,question,deep,sakt,0,isotonic,0.001471787841390351,0.7072906757790599,536087,5497
assist2012,question,deep,sakt,0,temperature,0.007857277967548345,0.7073374782148303,536087,5497
assist2012,question,deep,sakt,1,none,0.012004608766860162,0.7068585781570108,536087,5497
assist2012,question,deep,sakt,1,platt,0.0044284085881253045,0.7068585781570108,536087,5497
assist2012,question,deep,sakt,1,isotonic,0.0031809003730559307,0.7067360261567028,536087,5497
assist2012,question,deep,sakt,1,temperature,0.005231743363758817,0.7068585781570108,536087,5497
assist2012,question,deep,sakt,2,none,0.009292452157952068,0.7066779231939835,536087,5497
assist2012,question,deep,sakt,2,platt,0.0054487190041070015,0.7066779231939835,536087,5497
assist2012,question,deep,sakt,2,isotonic,0.003684489707029367,0.706580689764544,536087,5497
assist2012,question,deep,sakt,2,temperature,0.006616021288404559,0.7066779231939835,536087,5497
assist2012,question,deep,sakt,3,none,0.007879482621289723,0.7064940496751866,536087,5497
assist2012,question,deep,sakt,3,platt,0.005703230962405455,0.7064940496751866,536087,5497
assist2012,question,deep,sakt,3,isotonic,0.0035961631956297445,0.7064436476567004,536087,5497
assist2012,question,deep,sakt,3,temperature,0.007231067377073109,0.7064940496751866,536087,5497
assist2012,question,deep,sakt,4,none,0.025632309308004777,0.7078597504381243,536087,5497
assist2012,question,deep,sakt,4,platt,0.0040820768612005835,0.7078597504381243,536087,5497
assist2012,question,deep,sakt,4,isotonic,0.0013729054773294672,0.707791364812761,536087,5497
assist2012,question,deep,sakt,4,temperature,0.0055532770898595015,0.7078597504381243,536087,5497
assist2012,question,deep,akt,0,none,0.014994977494324442,0.7729085308037571,536087,5497
assist2012,question,deep,akt,0,platt,0.001521877509248502,0.7729085308037571,536087,5497
assist2012,question,deep,akt,0,isotonic,0.001847153612434447,0.7728514193366107,536087,5497
assist2012,question,deep,akt,0,temperature,0.004804895151115772,0.7729085308037571,536087,5497
assist2012,question,deep,akt,1,none,0.014901956212330947,0.7727722884734549,536087,5497
assist2012,question,deep,akt,1,platt,0.002010390491820786,0.7727722884734549,536087,5497
assist2012,question,deep,akt,1,isotonic,0.0027338404316571913,0.772734211341795,536087,5497
assist2012,question,deep,akt,1,temperature,0.004195209874156271,0.7727722884734549,536087,5497
assist2012,question,deep,akt,2,none,0.014592956740231451,0.7717345451946434,536087,5497
assist2012,question,deep,akt,2,platt,0.002406040254656773,0.7717345451946434,536087,5497
assist2012,question,deep,akt,2,isotonic,0.002122681980783147,0.7716835925819012,536087,5497
assist2012,question,deep,akt,2,temperature,0.002619030509063254,0.7717345451946434,536087,5497
assist2012,question,deep,akt,3,none,0.014001369367284787,0.7715087229614617,536087,5497
assist2012,question,deep,akt,3,platt,0.0020207078387291673,0.7715087229614617,536087,5497
assist2012,question,deep,akt,3,isotonic,0.002215162813011216,0.7714319427223648,536087,5497
assist2012,question,deep,akt,3,temperature,0.0021856281064016633,0.7715087229614617,536087,5497
assist2012,question,deep,akt,4,none,0.012414885083951504,0.7724924247200833,536087,5497
assist2012,question,deep,akt,4,platt,0.0005830923339792169,0.7724924247200833,536087,5497
assist2012,question,deep,akt,4,isotonic,0.0018426502845407154,0.7724395840419861,536087,5497
assist2012,question,deep,akt,4,temperature,0.004293165360929831,0.7724924247200833,536087,5497
assist2012,question,deep,simplekt,0,none,0.01743641162721648,0.7691879900433138,536087,5497
assist2012,question,deep,simplekt,0,platt,0.0029623073003907847,0.7691879900433138,536087,5497
assist2012,question,deep,simplekt,0,isotonic,0.001782743790492161,0.7691261729702609,536087,5497
assist2012,question,deep,simplekt,0,temperature,0.01716950424317908,0.7691879900433138,536087,5497
assist2012,question,deep,simplekt,1,none,0.019074716417297872,0.7702729383928955,536087,5497
assist2012,question,deep,simplekt,1,platt,0.0015951305336626938,0.7702729383928955,536087,5497
assist2012,question,deep,simplekt,1,isotonic,0.0014993504645697084,0.7702157496695574,536087,5497
assist2012,question,deep,simplekt,1,temperature,0.01895473480904086,0.7702729383928955,536087,5497
assist2012,question,deep,simplekt,2,none,0.00825488418857309,0.7709999003537864,536087,5497
assist2012,question,deep,simplekt,2,platt,0.005328788126794586,0.7709999003537864,536087,5497
assist2012,question,deep,simplekt,2,isotonic,0.0019473050027715994,0.7709510595665102,536087,5497
assist2012,question,deep,simplekt,2,temperature,0.005922478362593447,0.7709999003537864,536087,5497
assist2012,question,deep,simplekt,3,none,0.015157823450299536,0.7702069133898382,536087,5497
assist2012,question,deep,simplekt,3,platt,0.003155915175022478,0.7702069133898382,536087,5497
assist2012,question,deep,simplekt,3,isotonic,0.002641907546108689,0.7701582224529343,536087,5497
assist2012,question,deep,simplekt,3,temperature,0.014940158211925368,0.7702069133898382,536087,5497
assist2012,question,deep,simplekt,4,none,0.01586541214392443,0.7706972329997912,536087,5497
assist2012,question,deep,simplekt,4,platt,0.005434112621425569,0.7706972329997912,536087,5497
assist2012,question,deep,simplekt,4,isotonic,0.001476671828047621,0.7706230586031649,536087,5497
assist2012,question,deep,simplekt,4,temperature,0.011029707376120447,0.7706972329997912,536087,5497
assist2012,question,classical,bkt,0,none,0.007340657323178424,0.6808363859594394,542817,5497
assist2012,question,classical,bkt,0,platt,0.005249609897270944,0.6808363488323582,542817,5497
assist2012,question,classical,bkt,0,isotonic,0.002893735586822162,0.681125631250327,542817,5497
assist2012,question,classical,bkt,0,temperature,0.005311990277403342,0.6808363571388919,542817,5497
assist2012,question,classical,bkt,1,none,0.006948951645808222,0.6807241956577799,542817,5497
assist2012,question,classical,bkt,1,platt,0.005475004240634651,0.6807241973399131,542817,5497
assist2012,question,classical,bkt,1,isotonic,0.0025472864324056657,0.6809450422035248,542817,5497
assist2012,question,classical,bkt,1,temperature,0.005697026897049316,0.6807241544615386,542817,5497
assist2012,question,classical,bkt,2,none,0.0066292832858996145,0.6809079331611717,542817,5497
assist2012,question,classical,bkt,2,platt,0.0063923169712202,0.6809079063191331,542817,5497
assist2012,question,classical,bkt,2,isotonic,0.0033557343887967214,0.681130554870019,542817,5497
assist2012,question,classical,bkt,2,temperature,0.006674548712622846,0.6809079317914347,542817,5497
assist2012,question,classical,bkt,3,none,0.006461021247174903,0.6809415981480832,542817,5497
assist2012,question,classical,bkt,3,platt,0.0060193142915585625,0.6809415769932565,542817,5497
assist2012,question,classical,bkt,3,isotonic,0.0031673869530053893,0.6811528872058806,542817,5497
assist2012,question,classical,bkt,3,temperature,0.005648115844874902,0.6809415646896542,542817,5497
assist2012,question,classical,bkt,4,none,0.006844411418062448,0.680865875835851,542817,5497
assist2012,question,classical,bkt,4,platt,0.005275567556958901,0.6808658589504384,542817,5497
assist2012,question,classical,bkt,4,isotonic,0.0028222701917250594,0.681115063240927,542817,5497
assist2012,question,classical,bkt,4,temperature,0.004923656970910359,0.6808658594871189,542817,5497
assist2012,question,classical,pfa,0,none,0.013489822220156576,0.6667720702019589,542817,5497
assist2012,question,classical,pfa,0,platt,0.0158315306120221,0.6667720702019589,542817,5497
assist2012,question,classical,pfa,0,isotonic,0.0014185109745155512,0.6671899832016733,542817,5497
assist2012,question,classical,pfa,0,temperature,0.01423744227480683,0.6667720702019589,542817,5497
assist2012,question,classical,pfa,1,none,0.014454605040885337,0.6667345790109995,542817,5497
assist2012,question,classical,pfa,1,platt,0.015355859181243292,0.6667345790109995,542817,5497
assist2012,question,classical,pfa,1,isotonic,0.002247665675317099,0.6672352736990124,542817,5497
assist2012,question,classical,pfa,1,temperature,0.014523770076234328,0.6667345790109995,542817,5497
assist2012,question,classical,pfa,2,none,0.014019052337500316,0.666602459020299,542817,5497
assist2012,question,classical,pfa,2,platt,0.014333263980666675,0.666602459020299,542817,5497
assist2012,question,classical,pfa,2,isotonic,0.0027083669032475443,0.6670651996103354,542817,5497
assist2012,question,classical,pfa,2,temperature,0.014063743111618152,0.666602459020299,542817,5497
assist2012,question,classical,pfa,3,none,0.014422756525930737,0.6668799213210571,542817,5497
assist2012,question,classical,pfa,3,platt,0.017182199495380527,0.6668799213210571,542817,5497
assist2012,question,classical,pfa,3,isotonic,0.0022758797086809483,0.6673334026893804,542817,5497
assist2012,question,classical,pfa,3,temperature,0.015018773869454933,0.6668799213210571,542817,5497
assist2012,question,classical,pfa,4,none,0.013770379890415256,0.6668057460666647,542817,5497
assist2012,question,classical,pfa,4,platt,0.01576992469151665,0.6668057460666647,542817,5497
assist2012,question,classical,pfa,4,isotonic,0.003376443988336228,0.6673404471665534,542817,5497
assist2012,question,classical,pfa,4,temperature,0.015193506783092114,0.6668057460666647,542817,5497
assist2012,question,classical,pfa_recency,0,none,0.008978607196700876,0.6731542694856116,542817,5497
assist2012,question,classical,pfa_recency,0,platt,0.01198196427210351,0.6731542694856116,542817,5497
assist2012,question,classical,pfa_recency,0,isotonic,0.0030073593832620218,0.6732758925891029,542817,5497
assist2012,question,classical,pfa_recency,0,temperature,0.010340096078419165,0.6731542694856116,542817,5497
assist2012,question,classical,pfa_recency,1,none,0.010376440837476712,0.673234374275308,542817,5497
assist2012,question,classical,pfa_recency,1,platt,0.010893712439302027,0.673234374275308,542817,5497
assist2012,question,classical,pfa_recency,1,isotonic,0.001698679699654692,0.6733412492125,542817,5497
assist2012,question,classical,pfa_recency,1,temperature,0.010237836729477987,0.673234374275308,542817,5497
assist2012,question,classical,pfa_recency,2,none,0.009647792171606289,0.6731637349288362,542817,5497
assist2012,question,classical,pfa_recency,2,platt,0.010291982523528113,0.6731637349288362,542817,5497
assist2012,question,classical,pfa_recency,2,isotonic,0.0022049771478214997,0.6733044537037423,542817,5497
assist2012,question,classical,pfa_recency,2,temperature,0.009447532846318229,0.6731637349288362,542817,5497
assist2012,question,classical,pfa_recency,3,none,0.009948566632041725,0.6732784388099915,542817,5497
assist2012,question,classical,pfa_recency,3,platt,0.012340083313997557,0.6732784388099915,542817,5497
assist2012,question,classical,pfa_recency,3,isotonic,0.0022403351144013174,0.6733798238253578,542817,5497
assist2012,question,classical,pfa_recency,3,temperature,0.010510887823067014,0.6732784388099915,542817,5497
assist2012,question,classical,pfa_recency,4,none,0.009797741977716849,0.6732953084265233,542817,5497
assist2012,question,classical,pfa_recency,4,platt,0.01104311544629486,0.6732953084265233,542817,5497
assist2012,question,classical,pfa_recency,4,isotonic,0.003276307705445055,0.6733560600102229,542817,5497
assist2012,question,classical,pfa_recency,4,temperature,0.01087960979999849,0.6732953084265233,542817,5497
assist2012,question,classical,elorasch,0,none,0.04803648646244095,0.6708819213298646,542817,5497
assist2012,question,classical,elorasch,0,platt,0.003843318944610915,0.6708819213298646,542817,5497
assist2012,question,classical,elorasch,0,isotonic,0.002779557326080999,0.6708434124804019,542817,5497
assist2012,question,classical,elorasch,0,temperature,0.007008599541982592,0.6708819213298646,542817,5497
assist2012,question,classical,elorasch,1,none,0.047326209806491396,0.6710282547687829,542817,5497
assist2012,question,classical,elorasch,1,platt,0.004559065495995315,0.6710282547687829,542817,5497
assist2012,question,classical,elorasch,1,isotonic,0.002362972052461364,0.6709704316026393,542817,5497
assist2012,question,classical,elorasch,1,temperature,0.007289085202195799,0.6710282547687829,542817,5497
assist2012,question,classical,elorasch,2,none,0.04658045679411992,0.6707272377660682,542817,5497
assist2012,question,classical,elorasch,2,platt,0.005000030283774465,0.6707272377660682,542817,5497
assist2012,question,classical,elorasch,2,isotonic,0.0016446149053240436,0.6707123851953727,542817,5497
assist2012,question,classical,elorasch,2,temperature,0.007430021304271525,0.6707272377660682,542817,5497
assist2012,question,classical,elorasch,3,none,0.04863166046865498,0.6710809722283281,542817,5497
assist2012,question,classical,elorasch,3,platt,0.005128276673815171,0.6710809722283281,542817,5497
assist2012,question,classical,elorasch,3,isotonic,0.0027438219297894985,0.6710359701206988,542817,5497
assist2012,question,classical,elorasch,3,temperature,0.007354802190336316,0.6710809722283281,542817,5497
assist2012,question,classical,elorasch,4,none,0.04681261299856168,0.6710572884506895,542817,5497
assist2012,question,classical,elorasch,4,platt,0.003930598965661587,0.6710572884506895,542817,5497
assist2012,question,classical,elorasch,4,isotonic,0.0022715455373944022,0.6709777129321672,542817,5497
assist2012,question,classical,elorasch,4,temperature,0.007331510089919541,0.6710572884506895,542817,5497
assist2015,concept,deep,dkt,0,none,0.010169932583917777,0.7269637354031173,134592,3818
assist2015,concept,deep,dkt,0,platt,0.004076386511636741,0.7269637354031173,134592,3818
assist2015,concept,deep,dkt,0,isotonic,0.003941079160364768,0.726720556059163,134592,3818
assist2015,concept,deep,dkt,0,temperature,0.010071663574524069,0.7269637354031173,134592,3818
assist2015,concept,deep,dkt,1,none,0.00846752448836041,0.7262923978182605,134592,3818
assist2015,concept,deep,dkt,1,platt,0.004182708141298991,0.7262923978182605,134592,3818
assist2015,concept,deep,dkt,1,isotonic,0.0038106940958486327,0.7261201259857367,134592,3818
assist2015,concept,deep,dkt,1,temperature,0.005603081663755017,0.7262923978182605,134592,3818
assist2015,concept,deep,dkt,2,none,0.009897714989708024,0.727098492027944,134592,3818
assist2015,concept,deep,dkt,2,platt,0.00407677770689845,0.727098492027944,134592,3818
assist2015,concept,deep,dkt,2,isotonic,0.0048401153294741995,0.7269271914944538,134592,3818
assist2015,concept,deep,dkt,2,temperature,0.00948741742078313,0.727098492027944,134592,3818
assist2015,concept,deep,dkt,3,none,0.009877009624176886,0.7266269317816553,134592,3818
assist2015,concept,deep,dkt,3,platt,0.004718396742930133,0.7266269317816553,134592,3818
assist2015,concept,deep,dkt,3,isotonic,0.002230945009480464,0.7264576160520761,134592,3818
assist2015,concept,deep,dkt,3,temperature,0.00930260429431786,0.7266269317816553,134592,3818
assist2015,concept,deep,dkt,4,none,0.0060607287765950466,0.7270830043183134,134592,3818
assist2015,concept,deep,dkt,4,platt,0.005214198094708904,0.7270830043183134,134592,3818
assist2015,concept,deep,dkt,4,isotonic,0.004265828009506384,0.7269521337365611,134592,3818
assist2015,concept,deep,dkt,4,temperature,0.002510625399840724,0.7270830043183134,134592,3818
assist2015,concept,deep,sakt,0,none,0.01793081436119796,0.7043429047615994,134592,3818
assist2015,concept,deep,sakt,0,platt,0.004442332326964232,0.7043429047615994,134592,3818
assist2015,concept,deep,sakt,0,isotonic,0.004992105592376062,0.7041891480257684,134592,3818
assist2015,concept,deep,sakt,0,temperature,0.004661611374067854,0.7043429047615994,134592,3818
assist2015,concept,deep,sakt,1,none,0.016210547701291333,0.7051278610425392,134592,3818
assist2015,concept,deep,sakt,1,platt,0.005158238928638502,0.7051278610425392,134592,3818
assist2015,concept,deep,sakt,1,isotonic,0.004901221027233545,0.7049568565145822,134592,3818
assist2015,concept,deep,sakt,1,temperature,0.007287651125735587,0.7051278610425392,134592,3818
assist2015,concept,deep,sakt,2,none,0.023231919908354035,0.7049351992704562,134592,3818
assist2015,concept,deep,sakt,2,platt,0.00524121342582212,0.7049351992704562,134592,3818
assist2015,concept,deep,sakt,2,isotonic,0.006327464519325971,0.7047033260109951,134592,3818
assist2015,concept,deep,sakt,2,temperature,0.007145448465653229,0.7049351992704562,134592,3818
assist2015,concept,deep,sakt,3,none,0.024044089229820407,0.704971672883099,134592,3818
assist2015,concept,deep,sakt,3,platt,0.005305106768290673,0.704971672883099,134592,3818
assist2015,concept,deep,sakt,3,isotonic,0.004115739244370199,0.7048015088019443,134592,3818
assist2015,concept,deep,sakt,3,temperature,0.008671051039632179,0.704971672883099,134592,3818
assist2015,concept,deep,sakt,4,none,0.018366832611838805,0.7046093122822397,134592,3818
assist2015,concept,deep,sakt,4,platt,0.008180372823382638,0.7046093122822397,134592,3818
assist2015,concept,deep,sakt,4,isotonic,0.005595101316318244,0.7045086969384278,134592,3818
assist2015,concept,deep,sakt,4,temperature,0.007611949293676335,0.7046093122822397,134592,3818
assist2015,concept,deep,akt,0,none,0.010453263580218078,0.7234014959855963,134592,3818
assist2015,concept,deep,akt,0,platt,0.003830892932980222,0.7234014959855963,134592,3818
assist2015,concept,deep,akt,0,isotonic,0.0035757968905397153,0.7232952204005481,134592,3818
assist2015,concept,deep,akt,0,temperature,0.00398646214557034,0.7234014959855963,134592,3818
assist2015,concept,deep,akt,1,none,0.009313152256533374,0.7226243506088893,134592,3818
assist2015,concept,deep,akt,1,platt,0.003769844670262703,0.7226243506088893,134592,3818
assist2015,concept,deep,akt,1,isotonic,0.0049620943189855535,0.7225081577798058,134592,3818
assist2015,concept,deep,akt,1,temperature,0.0038933843131256987,0.7226243506088893,134592,3818
assist2015,concept,deep,akt,2,none,0.00801587417889812,0.7232843493609062,134592,3818
assist2015,concept,deep,akt,2,platt,0.003055995321078736,0.7232843493609062,134592,3818
assist2015,concept,deep,akt,2,isotonic,0.00408679673242298,0.7231013847696126,134592,3818
assist2015,concept,deep,akt,2,temperature,0.004210235822928384,0.7232843493609062,134592,3818
assist2015,concept,deep,akt,3,none,0.009175667836781682,0.7223318412441126,134592,3818
assist2015,concept,deep,akt,3,platt,0.0026009370300525214,0.7223318412441126,134592,3818
assist2015,concept,deep,akt,3,isotonic,0.0034056637078867186,0.7221889908370904,134592,3818
assist2015,concept,deep,akt,3,temperature,0.004075128834290807,0.7223318412441126,134592,3818
assist2015,concept,deep,akt,4,none,0.009275667007387687,0.7231790174081845,134592,3818
assist2015,concept,deep,akt,4,platt,0.004629992844073122,0.7231790174081845,134592,3818
assist2015,concept,deep,akt,4,isotonic,0.004779353907847751,0.7230551130491628,134592,3818
assist2015,concept,deep,akt,4,temperature,0.0042781025504053175,0.7231790174081845,134592,3818
assist2015,concept,deep,simplekt,0,none,0.027523242638697033,0.7178206478935458,134592,3818
assist2015,concept,deep,simplekt,0,platt,0.006709682548844568,0.7178206478935458,134592,3818
assist2015,concept,deep,simplekt,0,isotonic,0.0055416724130503275,0.7176442604972051,134592,3818
assist2015,concept,deep,simplekt,0,temperature,0.019135239967884243,0.7178206478935458,134592,3818
assist2015,concept,deep,simplekt,1,none,0.014416878456007339,0.7191666569014484,134592,3818
assist2015,concept,deep,simplekt,1,platt,0.004810560490994155,0.7191666569014484,134592,3818
assist2015,concept,deep,simplekt,1,isotonic,0.003962887467270335,0.7190207682383006,134592,3818
assist2015,concept,deep,simplekt,1,temperature,0.009888733396311243,0.7191666569014484,134592,3818
assist2015,concept,deep,simplekt,2,none,0.01449465256038645,0.7177778606254495,134592,3818
assist2015,concept,deep,simplekt,2,platt,0.006126996465878982,0.7177778606254495,134592,3818
assist2015,concept,deep,simplekt,2,isotonic,0.005517623009457703,0.7176161810481477,134592,3818
assist2015,concept,deep,simplekt,2,temperature,0.014214153721646574,0.7177778606254495,134592,3818
assist2015,concept,deep,simplekt,3,none,0.012932458691519533,0.7177779197700934,134592,3818
assist2015,concept,deep,simplekt,3,platt,0.005801325392221998,0.7177779197700934,134592,3818
assist2015,concept,deep,simplekt,3,isotonic,0.006178570437210883,0.7176285345151187,134592,3818
assist2015,concept,deep,simplekt,3,temperature,0.013037214351373023,0.7177779197700934,134592,3818
assist2015,concept,deep,simplekt,4,none,0.031623344135553066,0.7157326720091484,134592,3818
assist2015,concept,deep,simplekt,4,platt,0.005454720548996508,0.7157326720091484,134592,3818
assist2015,concept,deep,simplekt,4,isotonic,0.004736402789417031,0.7156059879930173,134592,3818
assist2015,concept,deep,simplekt,4,temperature,0.006942236266752302,0.7157326720091484,134592,3818
assist2015,question,classical,bkt,0,none,0.005716207338815891,0.6988396554410856,138458,3818
assist2015,question,classical,bkt,0,platt,0.0065755206715834465,0.6988396557060549,138458,3818
assist2015,question,classical,bkt,0,isotonic,0.005838374627810417,0.6990445703080878,138458,3818
assist2015,question,classical,bkt,0,temperature,0.006903461845904277,0.6988396555735703,138458,3818
assist2015,question,classical,bkt,1,none,0.006237520487691989,0.6989960568302095,138458,3818
assist2015,question,classical,bkt,1,platt,0.008206390304539821,0.6989960535180945,138458,3818
assist2015,question,classical,bkt,1,isotonic,0.0066635900724904065,0.699222398962427,138458,3818
assist2015,question,classical,bkt,1,temperature,0.008636865365242557,0.6989960551079097,138458,3818
assist2015,question,classical,bkt,2,none,0.0057266547608667605,0.699135785826616,138458,3818
assist2015,question,classical,bkt,2,platt,0.006977172390588345,0.6991357842368007,138458,3818
assist2015,question,classical,bkt,2,isotonic,0.006274616512985455,0.6993118891339356,138458,3818
assist2015,question,classical,bkt,2,temperature,0.007010544025822692,0.6991357842368007,138458,3818
assist2015,question,classical,bkt,3,none,0.0064325425407126,0.6989866501582369,138458,3818
assist2015,question,classical,bkt,3,platt,0.002514081464501798,0.6989866500257522,138458,3818
assist2015,question,classical,bkt,3,isotonic,0.004977654129647792,0.699140029970959,138458,3818
assist2015,question,classical,bkt,3,temperature,0.0031197647923887424,0.6989866484359369,138458,3818
assist2015,question,classical,bkt,4,none,0.007720536813389386,0.6992027110875997,138458,3818
assist2015,question,classical,bkt,4,platt,0.005736563921814491,0.6992027117500228,138458,3818
assist2015,question,classical,bkt,4,isotonic,0.006254631406537202,0.6993577904128434,138458,3818
assist2015,question,classical,bkt,4,temperature,0.004065224490797282,0.6992027117500228,138458,3818
assist2015,question,classical,pfa,0,none,0.007309787155021244,0.6826752389081978,138458,3818
assist2015,question,classical,pfa,0,platt,0.007994147260495821,0.6826752389081978,138458,3818
assist2015,question,classical,pfa,0,isotonic,0.0051703422371063654,0.6835235778487367,138458,3818
assist2015,question,classical,pfa,0,temperature,0.0074786984354260734,0.6826752389081978,138458,3818
assist2015,question,classical,pfa,1,none,0.006858981539620096,0.6829409216816499,138458,3818
assist2015,question,classical,pfa,1,platt,0.00748513642167575,0.6829409216816499,138458,3818
assist2015,question,classical,pfa,1,isotonic,0.007297196968852417,0.6834939852923037,138458,3818
assist2015,question,classical,pfa,1,temperature,0.007090946036316816,0.6829409216816499,138458,3818
assist2015,question,classical,pfa,2,none,0.00763645469487482,0.6826723054340587,138458,3818
assist2015,question,classical,pfa,2,platt,0.008557384773258446,0.6826723054340587,138458,3818
assist2015,question,classical,pfa,2,isotonic,0.006248860019008056,0.6834839575324995,138458,3818
assist2015,question,classical,pfa,2,temperature,0.007926279908261826,0.6826723054340587,138458,3818
assist2015,question,classical,pfa,3,none,0.007842276872282646,0.682794645163546,138458,3818
assist2015,question,classical,pfa,3,platt,0.010697727510344498,0.682794645163546,138458,3818
assist2015,question,classical,pfa,3,isotonic,0.001162140250450545,0.6835218297143648,138458,3818
assist2015,question,classical,pfa,3,temperature,0.009211040845455114,0.682794645163546,138458,3818
assist2015,question,classical,pfa,4,none,0.00672671491883569,0.6837069670144611,138458,3818
assist2015,question,classical,pfa,4,platt,0.012441786593640498,0.6837069670144611,138458,3818
assist2015,question,classical,pfa,4,isotonic,0.005069031500565033,0.6843664805484506,138458,3818
assist2015,question,classical,pfa,4,temperature,0.01299601650226733,0.6837069670144611,138458,3818
assist2015,question,classical,pfa_recency,0,none,0.004740188721735252,0.6876851940863106,138458,3818
assist2015,question,classical,pfa_recency,0,platt,0.005316112995192079,0.6876851940863106,138458,3818
assist2015,question,classical,pfa_recency,0,isotonic,0.005358144709871532,0.6879673505255719,138458,3818
assist2015,question,classical,pfa_recency,0,temperature,0.0047409377175846095,0.6876851940863106,138458,3818
assist2015,question,classical,pfa_recency,1,none,0.004316367463321091,0.6875119980211781,138458,3818
assist2015,question,classical,pfa_recency,1,platt,0.005488360859231066,0.6875119980211781,138458,3818
assist2015,question,classical,pfa_recency,1,isotonic,0.005849521459356602,0.6876371747760116,138458,3818
assist2015,question,classical,pfa_recency,1,temperature,0.0053200485527106125,0.6875119980211781,138458,3818
assist2015,question,classical,pfa_recency,2,none,0.004660818578852313,0.6874669461010773,138458,3818
assist2015,question,classical,pfa_recency,2,platt,0.006063331445008635,0.6874669461010773,138458,3818
assist2015,question,classical,pfa_recency,2,isotonic,0.0052476748569076715,0.6878473270244455,138458,3818
assist2015,question,classical,pfa_recency,2,temperature,0.005885293449873637,0.6874669461010773,138458,3818
assist2015,question,classical,pfa_recency,3,none,0.005196437248591495,0.6874118902684012,138458,3818
assist2015,question,classical,pfa_recency,3,platt,0.007285739036231058,0.6874118902684012,138458,3818
assist2015,question,classical,pfa_recency,3,isotonic,0.0021606652330144844,0.6875383449697412,138458,3818
assist2015,question,classical,pfa_recency,3,temperature,0.005897358442534805,0.6874118902684012,138458,3818
assist2015,question,classical,pfa_recency,4,none,0.005261441786205747,0.6883185036226266,138458,3818
assist2015,question,classical,pfa_recency,4,platt,0.008925874529853656,0.6883185036226266,138458,3818
assist2015,question,classical,pfa_recency,4,isotonic,0.005374657496089437,0.6885746971861968,138458,3818
assist2015,question,classical,pfa_recency,4,temperature,0.0083925553935546,0.6883185036226266,138458,3818
assist2015,question,classical,elorasch,0,none,0.06305449333564783,0.6748208534219244,138458,3818
assist2015,question,classical,elorasch,0,platt,0.012418992510292305,0.6748208534219244,138458,3818
assist2015,question,classical,elorasch,0,isotonic,0.003795904328289995,0.6746396383285791,138458,3818
assist2015,question,classical,elorasch,0,temperature,0.02214789554765661,0.6748208534219244,138458,3818
assist2015,question,classical,elorasch,1,none,0.06344576501934347,0.6747859508824957,138458,3818
assist2015,question,classical,elorasch,1,platt,0.011213232433130656,0.6747859508824957,138458,3818
assist2015,question,classical,elorasch,1,isotonic,0.004561310806951563,0.6747027245831441,138458,3818
assist2015,question,classical,elorasch,1,temperature,0.022202100001039712,0.6747859508824957,138458,3818
assist2015,question,classical,elorasch,2,none,0.062250018148843365,0.675029254621325,138458,3818
assist2015,question,classical,elorasch,2,platt,0.011040500320337423,0.675029254621325,138458,3818
assist2015,question,classical,elorasch,2,isotonic,0.0036047127470609053,0.6749385016065554,138458,3818
assist2015,question,classical,elorasch,2,temperature,0.02270434205586217,0.675029254621325,138458,3818
assist2015,question,classical,elorasch,3,none,0.06431216411272028,0.6747598333972697,138458,3818
assist2015,question,classical,elorasch,3,platt,0.010755175049808571,0.6747598333972697,138458,3818
assist2015,question,classical,elorasch,3,isotonic,0.004097087310301002,0.6742782315854675,138458,3818
assist2015,question,classical,elorasch,3,temperature,0.020785766352900983,0.6747598333972697,138458,3818
assist2015,question,classical,elorasch,4,none,0.06298857596976465,0.6748071343760367,138458,3818
assist2015,question,classical,elorasch,4,platt,0.011484313048923918,0.6748071343760367,138458,3818
assist2015,question,classical,elorasch,4,isotonic,0.003728792723112959,0.6746293217523346,138458,3818
assist2015,question,classical,elorasch,4,temperature,0.02194693612549146,0.6748071343760367,138458,3818
assist2017,concept,deep,dkt,0,none,0.013527226616023756,0.7168361117205538,177767,341
assist2017,concept,deep,dkt,0,platt,0.004974826383479908,0.7168361117205538,177767,341
assist2017,concept,deep,dkt,0,isotonic,0.005650577503840568,0.7167719521778027,177767,341
assist2017,concept,deep,dkt,0,temperature,0.014528465996229863,0.7168361117205538,177767,341
assist2017,concept,deep,dkt,1,none,0.022192921308553284,0.7163176297998982,177767,341
assist2017,concept,deep,dkt,1,platt,0.004792011692579958,0.7163176297998982,177767,341
assist2017,concept,deep,dkt,1,isotonic,0.004962733832831406,0.7161383309092202,177767,341
assist2017,concept,deep,dkt,1,temperature,0.024975570579510862,0.7163176297998982,177767,341
assist2017,concept,deep,dkt,2,none,0.011072484730536371,0.7131191835082631,177767,341
assist2017,concept,deep,dkt,2,platt,0.005989075709385911,0.7131191835082631,177767,341
assist2017,concept,deep,dkt,2,isotonic,0.005030126013930807,0.7129226208124957,177767,341
assist2017,concept,deep,dkt,2,temperature,0.011341728758940408,0.7131191835082631,177767,341
assist2017,concept,deep,dkt,3,none,0.01539663047488877,0.7165857311250154,177767,341
assist2017,concept,deep,dkt,3,platt,0.004774763545966347,0.7165857311250154,177767,341
assist2017,concept,deep,dkt,3,isotonic,0.0034239975599530594,0.7164941838237538,177767,341
assist2017,concept,deep,dkt,3,temperature,0.015497283015322338,0.7165857311250154,177767,341
assist2017,concept,deep,dkt,4,none,0.02314868153095154,0.7132885700373319,177767,341
assist2017,concept,deep,dkt,4,platt,0.004520352903821429,0.7132885700373319,177767,341
assist2017,concept,deep,dkt,4,isotonic,0.005679146317254834,0.7131849128142856,177767,341
assist2017,concept,deep,dkt,4,temperature,0.025488602901042646,0.7132885700373319,177767,341
assist2017,concept,deep,sakt,0,none,0.010704804440548076,0.6536848605957569,177767,341
assist2017,concept,deep,sakt,0,platt,0.005226836628016374,0.6536848605957569,177767,341
assist2017,concept,deep,sakt,0,isotonic,0.00375373684844051,0.6534348310271734,177767,341
assist2017,concept,deep,sakt,0,temperature,0.009834816723680901,0.6536848605957569,177767,341
assist2017,concept,deep,sakt,1,none,0.011052150103483385,0.6532766528341558,177767,341
assist2017,concept,deep,sakt,1,platt,0.005026079804459839,0.6532766528341558,177767,341
assist2017,concept,deep,sakt,1,isotonic,0.0031622774199812015,0.6531111765868186,177767,341
assist2017,concept,deep,sakt,1,temperature,0.009482348081470358,0.6532766528341558,177767,341
assist2017,concept,deep,sakt,2,none,0.012639141051346399,0.6539322316822638,177767,341
assist2017,concept,deep,sakt,2,platt,0.004842653399858094,0.6539322316822638,177767,341
assist2017,concept,deep,sakt,2,isotonic,0.003839658476414306,0.6538618552834441,177767,341
assist2017,concept,deep,sakt,2,temperature,0.008325725434148327,0.6539322316822638,177767,341
assist2017,concept,deep,sakt,3,none,0.008514041947696982,0.6523671390139296,177767,341
assist2017,concept,deep,sakt,3,platt,0.0062925631958621235,0.6523671390139296,177767,341
assist2017,concept,deep,sakt,3,isotonic,0.003690997996583294,0.6522727114758674,177767,341
assist2017,concept,deep,sakt,3,temperature,0.007357691090773178,0.6523671390139296,177767,341
assist2017,concept,deep,sakt,4,none,0.010438134159968216,0.6515514374691189,177767,341
assist2017,concept,deep,sakt,4,platt,0.004285120774826231,0.6515514374691189,177767,341
assist2017,concept,deep,sakt,4,isotonic,0.005563333287727519,0.6512007690621291,177767,341
assist2017,concept,deep,sakt,4,temperature,0.004425288424469458,0.6515514374691189,177767,341
assist2017,concept,deep,akt,0,none,0.015605454268369156,0.7582632874527133,177767,341
assist2017,concept,deep,akt,0,platt,0.004288806540138305,0.7582632874527133,177767,341
assist2017,concept,deep,akt,0,isotonic,0.00397693566965738,0.7581928506184481,177767,341
assist2017,concept,deep,akt,0,temperature,0.01449265814231676,0.7582632874527133,177767,341
assist2017,concept,deep,akt,1,none,0.015451008298344417,0.7581710674344797,177767,341
assist2017,concept,deep,akt,1,platt,0.005373885579700477,0.7581710674344797,177767,341
assist2017,concept,deep,akt,1,isotonic,0.004745765694858772,0.7580875145502163,177767,341
assist2017,concept,deep,akt,1,temperature,0.01405393135266015,0.7581710674344797,177767,341
assist2017,concept,deep,akt,2,none,0.017773417654023436,0.7576253155095783,177767,341
assist2017,concept,deep,akt,2,platt,0.005164818624429441,0.7576253155095783,177767,341
assist2017,concept,deep,akt,2,isotonic,0.004938786011601032,0.757518819107893,177767,341
assist2017,concept,deep,akt,2,temperature,0.019724630320023473,0.7576253155095783,177767,341
assist2017,concept,deep,akt,3,none,0.017107542544003942,0.7586107444475013,177767,341
assist2017,concept,deep,akt,3,platt,0.0037776746736617626,0.7586107444475013,177767,341
assist2017,concept,deep,akt,3,isotonic,0.0056123312190396075,0.7584960658182177,177767,341
assist2017,concept,deep,akt,3,temperature,0.015749044311654803,0.7586107444475013,177767,341
assist2017,concept,deep,akt,4,none,0.021251231974563713,0.759507507337254,177767,341
assist2017,concept,deep,akt,4,platt,0.006401708593460042,0.759507507337254,177767,341
assist2017,concept,deep,akt,4,isotonic,0.005803040279668204,0.7594012828273209,177767,341
assist2017,concept,deep,akt,4,temperature,0.023599371790651077,0.759507507337254,177767,341
assist2017,concept,deep,simplekt,0,none,0.02814247960317303,0.7549752104493723,177767,341
assist2017,concept,deep,simplekt,0,platt,0.003940442956014698,0.7549752104493723,177767,341
assist2017,concept,deep,simplekt,0,isotonic,0.0035288128544684557,0.7549064215650422,177767,341
assist2017,concept,deep,simplekt,0,temperature,0.02412427554603639,0.7549752104493723,177767,341
assist2017,concept,deep,simplekt,1,none,0.02095656718060297,0.7565165159431453,177767,341
assist2017,concept,deep,simplekt,1,platt,0.007943256568292131,0.7565165159431453,177767,341
assist2017,concept,deep,simplekt,1,isotonic,0.003924811663262659,0.7564651902602233,177767,341
assist2017,concept,deep,simplekt,1,temperature,0.0092391006121019,0.7565165159431453,177767,341
assist2017,concept,deep,simplekt,2,none,0.019639859795918316,0.7546678529147309,177767,341
assist2017,concept,deep,simplekt,2,platt,0.008131570562152022,0.7546678529147309,177767,341
assist2017,concept,deep,simplekt,2,isotonic,0.006651053189363146,0.7545324181652895,177767,341
assist2017,concept,deep,simplekt,2,temperature,0.007038338766544237,0.7546678529147309,177767,341
assist2017,concept,deep,simplekt,3,none,0.016694348248345526,0.7510140338744374,177767,341
assist2017,concept,deep,simplekt,3,platt,0.006173935060838625,0.7510140338744374,177767,341
assist2017,concept,deep,simplekt,3,isotonic,0.0039011636246740226,0.7509428443072124,177767,341
assist2017,concept,deep,simplekt,3,temperature,0.016481050333778446,0.7510140338744374,177767,341
assist2017,concept,deep,simplekt,4,none,0.03020499858410498,0.7575879610517597,177767,341
assist2017,concept,deep,simplekt,4,platt,0.010601137308035228,0.7575879610517597,177767,341
assist2017,concept,deep,simplekt,4,isotonic,0.0024434476080915407,0.7574779727415223,177767,341
assist2017,concept,deep,simplekt,4,temperature,0.030271847150624275,0.7575879610517597,177767,341
assist2017,question,deep,dkt,0,none,0.013515952904644959,0.716836392826679,177767,341
assist2017,question,deep,dkt,0,platt,0.004968037676631675,0.716836392826679,177767,341
assist2017,question,deep,dkt,0,isotonic,0.005629051044179325,0.7167426350922206,177767,341
assist2017,question,deep,dkt,0,temperature,0.014520677505085391,0.716836392826679,177767,341
assist2017,question,deep,dkt,1,none,0.022204078934785508,0.7163176244474316,177767,341
assist2017,question,deep,dkt,1,platt,0.004814435452441862,0.7163176244474316,177767,341
assist2017,question,deep,dkt,1,isotonic,0.004971664966661542,0.716113376490426,177767,341
assist2017,question,deep,dkt,1,temperature,0.024969902432035423,0.7163176244474316,177767,341
assist2017,question,deep,dkt,2,none,0.011071386702818787,0.7131190836407219,177767,341
assist2017,question,deep,dkt,2,platt,0.005984498149787362,0.7131190836407219,177767,341
assist2017,question,deep,dkt,2,isotonic,0.005026558496131272,0.7129281490974508,177767,341
assist2017,question,deep,dkt,2,temperature,0.011333827814266909,0.7131190836407219,177767,341
assist2017,question,deep,dkt,3,none,0.015396673173311216,0.7165852622760434,177767,341
assist2017,question,deep,dkt,3,platt,0.0048073646275697286,0.7165852622760434,177767,341
assist2017,question,deep,dkt,3,isotonic,0.0034324974075649085,0.7165458473218456,177767,341
assist2017,question,deep,dkt,3,temperature,0.015499574495293865,0.7165852622760434,177767,341
assist2017,question,deep,dkt,4,none,0.023157775065113156,0.7132885993742691,177767,341
assist2017,question,deep,dkt,4,platt,0.00455413412476863,0.7132885993742691,177767,341
assist2017,question,deep,dkt,4,isotonic,0.005666529836813027,0.7131914454658829,177767,341
assist2017,question,deep,dkt,4,temperature,0.025487519324953828,0.7132885993742691,177767,341
assist2017,question,deep,sakt,0,none,0.010698039568648874,0.653685124424933,177767,341
assist2017,question,deep,sakt,0,platt,0.005229208261202431,0.653685124424933,177767,341
assist2017,question,deep,sakt,0,isotonic,0.0037562350960000167,0.6534649651430667,177767,341
assist2017,question,deep,sakt,0,temperature,0.009846054018599063,0.653685124424933,177767,341
assist2017,question,deep,sakt,1,none,0.011083586379924355,0.6532769004026737,177767,341
assist2017,question,deep,sakt,1,platt,0.005045166497623029,0.6532769004026737,177767,341
assist2017,question,deep,sakt,1,isotonic,0.003147690235627464,0.6531290927830574,177767,341
assist2017,question,deep,sakt,1,temperature,0.009482296909038124,0.6532769004026737,177767,341
assist2017,question,deep,sakt,2,none,0.01260878678269879,0.6539321803934385,177767,341
assist2017,question,deep,sakt,2,platt,0.004780763745384363,0.6539321803934385,177767,341
assist2017,question,deep,sakt,2,isotonic,0.0038339590599225292,0.6538733315138362,177767,341
assist2017,question,deep,sakt,2,temperature,0.008311135426357382,0.6539321803934385,177767,341
assist2017,question,deep,sakt,3,none,0.008527695241524132,0.6523673448467588,177767,341
assist2017,question,deep,sakt,3,platt,0.006253238149425182,0.6523673448467588,177767,341
assist2017,question,deep,sakt,3,isotonic,0.00409758894048689,0.6522931784950766,177767,341
assist2017,question,deep,sakt,3,temperature,0.00739271554131741,0.6523673448467588,177767,341
assist2017,question,deep,sakt,4,none,0.010413364122700018,0.6515520677728744,177767,341
assist2017,question,deep,sakt,4,platt,0.0043268601453398435,0.6515520677728744,177767,341
assist2017,question,deep,sakt,4,isotonic,0.005568873451690964,0.6512131088689663,177767,341
assist2017,question,deep,sakt,4,temperature,0.004437670508641116,0.6515520677728744,177767,341
assist2017,question,deep,akt,0,none,0.015587335669725077,0.7582634008708029,177767,341
assist2017,question,deep,akt,0,platt,0.004303928530983641,0.7582634008708029,177767,341
assist2017,question,deep,akt,0,isotonic,0.003976273864726049,0.7581981258469135,177767,341
assist2017,question,deep,akt,0,temperature,0.01449138298035566,0.7582634008708029,177767,341
assist2017,question,deep,akt,1,none,0.015453217976339913,0.7581711631691036,177767,341
assist2017,question,deep,akt,1,platt,0.005368998444568992,0.7581711631691036,177767,341
assist2017,question,deep,akt,1,isotonic,0.004720777329910962,0.7580945822452145,177767,341
assist2017,question,deep,akt,1,temperature,0.01405833018242581,0.7581711631691036,177767,341
assist2017,question,deep,akt,2,none,0.01778694583359106,0.7576252449789743,177767,341
assist2017,question,deep,akt,2,platt,0.00517093667571859,0.7576252449789743,177767,341
assist2017,question,deep,akt,2,isotonic,0.0048001951187914005,0.7575225631243968,177767,341
assist2017,question,deep,akt,2,temperature,0.019724404650720503,0.7576252449789743,177767,341
assist2017,question,deep,akt,3,none,0.01711432155574445,0.7586108620662609,177767,341
assist2017,question,deep,akt,3,platt,0.003784090830760982,0.7586108620662609,177767,341
assist2017,question,deep,akt,3,isotonic,0.005584862326857794,0.7584807446197372,177767,341
assist2017,question,deep,akt,3,temperature,0.015742387131283914,0.7586108620662609,177767,341
assist2017,question,deep,akt,4,none,0.02123777022732007,0.7595075379614933,177767,341
assist2017,question,deep,akt,4,platt,0.006388025759548976,0.7595075379614933,177767,341
assist2017,question,deep,akt,4,isotonic,0.005735826094392344,0.7593989931911694,177767,341
assist2017,question,deep,akt,4,temperature,0.02359929112130393,0.7595075379614933,177767,341
assist2017,question,deep,simplekt,0,none,0.0281311852031029,0.7549749276494286,177767,341
assist2017,question,deep,simplekt,0,platt,0.003975399396970698,0.7549749276494286,177767,341
assist2017,question,deep,simplekt,0,isotonic,0.003402405035960566,0.7549022248924716,177767,341
assist2017,question,deep,simplekt,0,temperature,0.0241244110807826,0.7549749276494286,177767,341
assist2017,question,deep,simplekt,1,none,0.020954364983377053,0.7565163928364136,177767,341
assist2017,question,deep,simplekt,1,platt,0.00795108590254166,0.7565163928364136,177767,341
assist2017,question,deep,simplekt,1,isotonic,0.003908353268306056,0.7564572711842736,177767,341
assist2017,question,deep,simplekt,1,temperature,0.009207583717475588,0.7565163928364136,177767,341
assist2017,question,deep,simplekt,2,none,0.0196387653501493,0.7546677641586393,177767,341
assist2017,question,deep,simplekt,2,platt,0.008122605769755526,0.7546677641586393,177767,341
assist2017,question,deep,simplekt,2,isotonic,0.0066844901615070295,0.754509910907771,177767,341
assist2017,question,deep,simplekt,2,temperature,0.007058632985544956,0.7546677641586393,177767,341
assist2017,question,deep,simplekt,3,none,0.016697776865222523,0.7510138850894168,177767,341
assist2017,question,deep,simplekt,3,platt,0.006212116715655572,0.7510138850894168,177767,341
assist2017,question,deep,simplekt,3,isotonic,0.003809332745492994,0.7509354884598041,177767,341
assist2017,question,deep,simplekt,3,temperature,0.01647198841758815,0.7510138850894168,177767,341
assist2017,question,deep,simplekt,4,none,0.03020727862876697,0.757587888624079,177767,341
assist2017,question,deep,simplekt,4,platt,0.010578549419983516,0.757587888624079,177767,341
assist2017,question,deep,simplekt,4,isotonic,0.002449257625436484,0.7574677006806079,177767,341
assist2017,question,deep,simplekt,4,temperature,0.030270668472818583,0.757587888624079,177767,341
assist2017,question,classical,bkt,0,none,0.01500083303172622,0.6364653199157344,178823,341
assist2017,question,classical,bkt,0,platt,0.014132724342949342,0.6364653014969608,178823,341
assist2017,question,classical,bkt,0,isotonic,0.0034398844013365766,0.6376743925113938,178823,341
assist2017,question,classical,bkt,0,temperature,0.017005808753964652,0.6364653098691306,178823,341
assist2017,question,classical,bkt,1,none,0.01495384343228952,0.6363737467968266,178823,341
assist2017,question,classical,bkt,1,platt,0.014236044461026769,0.6363737407688643,178823,341
assist2017,question,classical,bkt,1,isotonic,0.004975978978773716,0.6375097810519369,178823,341
assist2017,question,classical,bkt,1,temperature,0.01629042791368052,0.6363737425102756,178823,341
assist2017,question,classical,bkt,2,none,0.01463339654846075,0.636227511781253,178823,341
assist2017,question,classical,bkt,2,platt,0.015226610701733355,0.6362275182780568,178823,341
assist2017,question,classical,bkt,2,isotonic,0.005223947162521392,0.6372950270600531,178823,341
assist2017,question,classical,bkt,2,temperature,0.016365596193239035,0.6362275176752606,178823,341
assist2017,question,classical,bkt,3,none,0.015258076917813865,0.6367196331467042,178823,341
assist2017,question,classical,bkt,3,platt,0.009640246211299794,0.6367196340174098,178823,341
assist2017,question,classical,bkt,3,isotonic,0.007536569498398326,0.6379976927564546,178823,341
assist2017,question,classical,bkt,3,temperature,0.014685238161764574,0.6367196343522966,178823,341
assist2017,question,classical,bkt,4,none,0.014283908636518343,0.6364865043853709,178823,341
assist2017,question,classical,bkt,4,platt,0.01387112460617942,0.6364864990941597,178823,341
assist2017,question,classical,bkt,4,isotonic,0.006010124224710737,0.6377116739174962,178823,341
assist2017,question,classical,bkt,4,temperature,0.015507665988877624,0.6364864988932275,178823,341
assist2017,question,classical,pfa,0,none,0.012730619851819322,0.6256633311663531,178823,341
assist2017,question,classical,pfa,0,platt,0.012454365509207475,0.6256633311663531,178823,341
assist2017,question,classical,pfa,0,isotonic,0.0037517308772860177,0.6257737855374953,178823,341
assist2017,question,classical,pfa,0,temperature,0.012602823557533015,0.6256633311663531,178823,341
assist2017,question,classical,pfa,1,none,0.011725637822542214,0.6256276973362914,178823,341
assist2017,question,classical,pfa,1,platt,0.012542070724453435,0.6256276973362914,178823,341
assist2017,question,classical,pfa,1,isotonic,0.004133943781645774,0.6259507030149296,178823,341
assist2017,question,classical,pfa,1,temperature,0.014474384421431995,0.6256276973362914,178823,341
assist2017,question,classical,pfa,2,none,0.01195059116049192,0.6255958406273819,178823,341
assist2017,question,classical,pfa,2,platt,0.011457503863545786,0.6255958406273819,178823,341
assist2017,question,classical,pfa,2,isotonic,0.004786065817175556,0.6258410853249494,178823,341
assist2017,question,classical,pfa,2,temperature,0.01279000582246734,0.6255958406273819,178823,341
assist2017,question,classical,pfa,3,none,0.01021127074134102,0.6257928870782612,178823,341
assist2017,question,classical,pfa,3,platt,0.015073976582006819,0.6257928870782612,178823,341
assist2017,question,classical,pfa,3,isotonic,0.010931558539849642,0.6260125645757647,178823,341
assist2017,question,classical,pfa,3,temperature,0.009446831506306522,0.6257928870782612,178823,341
assist2017,question,classical,pfa,4,none,0.011076841872391354,0.6255796828754746,178823,341
assist2017,question,classical,pfa,4,platt,0.00984085565250829,0.6255796828754746,178823,341
assist2017,question,classical,pfa,4,isotonic,0.0032506734512691474,0.6259186412883261,178823,341
assist2017,question,classical,pfa,4,temperature,0.010495487756238656,0.6255796828754746,178823,341
assist2017,question,classical,pfa_recency,0,none,0.010183382171952745,0.6304055281390615,178823,341
assist2017,question,classical,pfa_recency,0,platt,0.010722050068743817,0.6304055281390615,178823,341
assist2017,question,classical,pfa_recency,0,isotonic,0.003381844216231654,0.630312007184615,178823,341
assist2017,question,classical,pfa_recency,0,temperature,0.010164526644491818,0.6304055281390615,178823,341
assist2017,question,classical,pfa_recency,1,none,0.010317640417731309,0.6302348792065591,178823,341
assist2017,question,classical,pfa_recency,1,platt,0.012468060204446609,0.6302348792065591,178823,341
assist2017,question,classical,pfa_recency,1,isotonic,0.00402151750080814,0.6301241660349041,178823,341
assist2017,question,classical,pfa_recency,1,temperature,0.01181735603059671,0.6302348792065591,178823,341
assist2017,question,classical,pfa_recency,2,none,0.00928353805590644,0.6301205042487628,178823,341
assist2017,question,classical,pfa_recency,2,platt,0.01160282364038161,0.6301205042487628,178823,341
assist2017,question,classical,pfa_recency,2,isotonic,0.0046563078431081616,0.6299361465244874,178823,341
assist2017,question,classical,pfa_recency,2,temperature,0.010632008579431864,0.6301205042487628,178823,341
assist2017,question,classical,pfa_recency,3,none,0.010664966390238501,0.6306549782110115,178823,341
assist2017,question,classical,pfa_recency,3,platt,0.014231085667220054,0.6306549782110115,178823,341
assist2017,question,classical,pfa_recency,3,isotonic,0.010225974661311187,0.6303940749437891,178823,341
assist2017,question,classical,pfa_recency,3,temperature,0.010923811296358634,0.6306549782110115,178823,341
assist2017,question,classical,pfa_recency,4,none,0.009588073236839623,0.6302854562211102,178823,341
assist2017,question,classical,pfa_recency,4,platt,0.009250787513145176,0.6302854562211102,178823,341
assist2017,question,classical,pfa_recency,4,isotonic,0.0026131227919506503,0.6300251752405253,178823,341
assist2017,question,classical,pfa_recency,4,temperature,0.009484407725040203,0.6302854562211102,178823,341
assist2017,question,classical,elorasch,0,none,0.027590754861414487,0.6398857298376579,178823,341
assist2017,question,classical,elorasch,0,platt,0.007329230860861563,0.6398857298376579,178823,341
assist2017,question,classical,elorasch,0,isotonic,0.005358053813014925,0.6395406079003723,178823,341
assist2017,question,classical,elorasch,0,temperature,0.007581478631254572,0.6398857298376579,178823,341
assist2017,question,classical,elorasch,1,none,0.026142078611739325,0.6400836609254875,178823,341
assist2017,question,classical,elorasch,1,platt,0.0074907865202982656,0.6400836609254875,178823,341
assist2017,question,classical,elorasch,1,isotonic,0.004412738823360688,0.6399135682399468,178823,341
assist2017,question,classical,elorasch,1,temperature,0.006913528143596266,0.6400836609254875,178823,341
assist2017,question,classical,elorasch,2,none,0.026107858569359182,0.6398738477863594,178823,341
assist2017,question,classical,elorasch,2,platt,0.008016778944983859,0.6398738477863594,178823,341
assist2017,question,classical,elorasch,2,isotonic,0.004848702680614524,0.6397538611975626,178823,341
assist2017,question,classical,elorasch,2,temperature,0.007291572662385848,0.6398738477863594,178823,341
assist2017,question,classical,elorasch,3,none,0.027326840422844632,0.6401063950502666,178823,341
assist2017,question,classical,elorasch,3,platt,0.007532013573675611,0.6401063950502666,178823,341
assist2017,question,classical,elorasch,3,isotonic,0.006149792937502245,0.6399394851287995,178823,341
assist2017,question,classical,elorasch,3,temperature,0.007158040068548968,0.6401063950502666,178823,341
assist2017,question,classical,elorasch,4,none,0.027361807377404346,0.6406972820322174,178823,341
assist2017,question,classical,elorasch,4,platt,0.007445263284061291,0.6406972820322174,178823,341
assist2017,question,classical,elorasch,4,isotonic,0.005097730103437645,0.6404958444787409,178823,341
assist2017,question,classical,elorasch,4,temperature,0.0067417231779998,0.6406972820322174,178823,341
bridge2algebra2006,concept,deep,dkt,0,none,0.006761580731020383,0.7976642081637149,353631,229
bridge2algebra2006,concept,deep,dkt,0,platt,0.002860268612430167,0.7976642081637149,353631,229
bridge2algebra2006,concept,deep,dkt,0,isotonic,0.0031651615479449165,0.797526236556442,353631,229
bridge2algebra2006,concept,deep,dkt,0,temperature,0.004094210088054179,0.7976642081637149,353631,229
bridge2algebra2006,concept,deep,dkt,1,none,0.006635081625735952,0.7969945008146637,353631,229
bridge2algebra2006,concept,deep,dkt,1,platt,0.001980628872831911,0.7969945008146637,353631,229
bridge2algebra2006,concept,deep,dkt,1,isotonic,0.0030541403520872768,0.79688994457547,353631,229
bridge2algebra2006,concept,deep,dkt,1,temperature,0.00469031426239876,0.7969945008146637,353631,229
bridge2algebra2006,concept,deep,dkt,2,none,0.004558214192591886,0.7965770955677296,353631,229
bridge2algebra2006,concept,deep,dkt,2,platt,0.003427622096419148,0.7965770955677296,353631,229
bridge2algebra2006,concept,deep,dkt,2,isotonic,0.0033896325313692278,0.7964810396899906,353631,229
bridge2algebra2006,concept,deep,dkt,2,temperature,0.005443699910446735,0.7965770955677296,353631,229
bridge2algebra2006,concept,deep,dkt,3,none,0.006199228763091935,0.7956806068502881,353631,229
bridge2algebra2006,concept,deep,dkt,3,platt,0.004887789254337446,0.7956806068502881,353631,229
bridge2algebra2006,concept,deep,dkt,3,isotonic,0.004780393710307197,0.7956447080573159,353631,229
bridge2algebra2006,concept,deep,dkt,3,temperature,0.008373774195539743,0.7956806068502881,353631,229
bridge2algebra2006,concept,deep,dkt,4,none,0.004964129909091338,0.7971336414998054,353631,229
bridge2algebra2006,concept,deep,dkt,4,platt,0.002348876277049416,0.7971336414998054,353631,229
bridge2algebra2006,concept,deep,dkt,4,isotonic,0.00236119813503418,0.7970394855733518,353631,229
bridge2algebra2006,concept,deep,dkt,4,temperature,0.0060512613388799645,0.7971336414998054,353631,229
bridge2algebra2006,concept,deep,sakt,0,none,0.014437186731399458,0.7616130146788525,353631,229
bridge2algebra2006,concept,deep,sakt,0,platt,0.0023817289142325977,0.7616130146788525,353631,229
bridge2algebra2006,concept,deep,sakt,0,isotonic,0.001953266337780984,0.7614495519598585,353631,229
bridge2algebra2006,concept,deep,sakt,0,temperature,0.010525763056133388,0.7616130146788525,353631,229
bridge2algebra2006,concept,deep,sakt,1,none,0.012355029991690901,0.7618734808246501,353631,229
bridge2algebra2006,concept,deep,sakt,1,platt,0.0026029911387067508,0.7618734808246501,353631,229
bridge2algebra2006,concept,deep,sakt,1,isotonic,0.002335086040975407,0.7617494014052613,353631,229
bridge2algebra2006,concept,deep,sakt,1,temperature,0.00884072566963171,0.7618734808246501,353631,229
bridge2algebra2006,concept,deep,sakt,2,none,0.01393281647838285,0.7609110071222144,353631,229
bridge2algebra2006,concept,deep,sakt,2,platt,0.00281540830498693,0.7609110071222144,353631,229
bridge2algebra2006,concept,deep,sakt,2,isotonic,0.003399578863930093,0.7607206862403876,353631,229
bridge2algebra2006,concept,deep,sakt,2,temperature,0.012891157676232279,0.7609110071222144,353631,229
bridge2algebra2006,concept,deep,sakt,3,none,0.01188629075368337,0.7609934576809211,353631,229
bridge2algebra2006,concept,deep,sakt,3,platt,0.004167771023618963,0.7609934576809211,353631,229
bridge2algebra2006,concept,deep,sakt,3,isotonic,0.004335474250869015,0.7608668686769461,353631,229
bridge2algebra2006,concept,deep,sakt,3,temperature,0.0081680192622814,0.7609934576809211,353631,229
bridge2algebra2006,concept,deep,sakt,4,none,0.018230350742104457,0.7601913175365418,353631,229
bridge2algebra2006,concept,deep,sakt,4,platt,0.0031170999206507877,0.7601913175365418,353631,229
bridge2algebra2006,concept,deep,sakt,4,isotonic,0.0031149473794545987,0.7600652525254241,353631,229
bridge2algebra2006,concept,deep,sakt,4,temperature,0.012810853606631886,0.7601913175365418,353631,229
bridge2algebra2006,concept,deep,akt,0,none,0.006051513949150985,0.8069806471679384,353631,229
bridge2algebra2006,concept,deep,akt,0,platt,0.0023099760999643255,0.8069806471679384,353631,229
bridge2algebra2006,concept,deep,akt,0,isotonic,0.00219062982454538,0.8069035120872353,353631,229
bridge2algebra2006,concept,deep,akt,0,temperature,0.0032459649552001673,0.8069806471679384,353631,229
bridge2algebra2006,concept,deep,akt,1,none,0.006429393982417059,0.807107914015726,353631,229
bridge2algebra2006,concept,deep,akt,1,platt,0.002526436837701845,0.807107914015726,353631,229
bridge2algebra2006,concept,deep,akt,1,isotonic,0.0022825143252820797,0.8070000935558219,353631,229
bridge2algebra2006,concept,deep,akt,1,temperature,0.0026112188539746664,0.807107914015726,353631,229
bridge2algebra2006,concept,deep,akt,2,none,0.007232700376614015,0.8078533267768224,353631,229
bridge2algebra2006,concept,deep,akt,2,platt,0.0032670338834623115,0.8078533267768224,353631,229
bridge2algebra2006,concept,deep,akt,2,isotonic,0.0026921142614853484,0.807725076188449,353631,229
bridge2algebra2006,concept,deep,akt,2,temperature,0.004265674144401423,0.8078533267768224,353631,229
bridge2algebra2006,concept,deep,akt,3,none,0.006270554731012391,0.806142241965291,353631,229
bridge2algebra2006,concept,deep,akt,3,platt,0.0043504503502253735,0.806142241965291,353631,229
bridge2algebra2006,concept,deep,akt,3,isotonic,0.003962007178189468,0.80601333481005,353631,229
bridge2algebra2006,concept,deep,akt,3,temperature,0.006554521685157987,0.806142241965291,353631,229
bridge2algebra2006,concept,deep,akt,4,none,0.008949604482249152,0.806228030163485,353631,229
bridge2algebra2006,concept,deep,akt,4,platt,0.0025599433524939406,0.806228030163485,353631,229
bridge2algebra2006,concept,deep,akt,4,isotonic,0.002321151876079313,0.8061058184396515,353631,229
bridge2algebra2006,concept,deep,akt,4,temperature,0.00825096884315198,0.806228030163485,353631,229
bridge2algebra2006,concept,deep,simplekt,0,none,0.006857957417849884,0.8081535774657534,353631,229
bridge2algebra2006,concept,deep,simplekt,0,platt,0.0043318167894764595,0.8081535774657534,353631,229
bridge2algebra2006,concept,deep,simplekt,0,isotonic,0.00196616116063288,0.8080637101605719,353631,229
bridge2algebra2006,concept,deep,simplekt,0,temperature,0.006799063795772581,0.8081535774657534,353631,229
bridge2algebra2006,concept,deep,simplekt,1,none,0.012604301835641672,0.8062476038283368,353631,229
bridge2algebra2006,concept,deep,simplekt,1,platt,0.008468632280319941,0.8062476038283368,353631,229
bridge2algebra2006,concept,deep,simplekt,1,isotonic,0.0028861538375881024,0.8061182041073811,353631,229
bridge2algebra2006,concept,deep,simplekt,1,temperature,0.008711536043997877,0.8062476038283368,353631,229
bridge2algebra2006,concept,deep,simplekt,2,none,0.018963254434421147,0.8070251038796086,353631,229
bridge2algebra2006,concept,deep,simplekt,2,platt,0.008402642458461462,0.8070251038796086,353631,229
bridge2algebra2006,concept,deep,simplekt,2,isotonic,0.002538118405439769,0.8069025271925454,353631,229
bridge2algebra2006,concept,deep,simplekt,2,temperature,0.01930040981276146,0.8070251038796086,353631,229
bridge2algebra2006,concept,deep,simplekt,3,none,0.029777768356392155,0.8048248893876438,353631,229
bridge2algebra2006,concept,deep,simplekt,3,platt,0.00653234897607881,0.8048248893876438,353631,229
bridge2algebra2006,concept,deep,simplekt,3,isotonic,0.004675632873492768,0.8047166494848776,353631,229
bridge2algebra2006,concept,deep,simplekt,3,temperature,0.01613354514826723,0.8048248893876438,353631,229
bridge2algebra2006,concept,deep,simplekt,4,none,0.027680635515835095,0.8047938352573843,353631,229
bridge2algebra2006,concept,deep,simplekt,4,platt,0.0033846780432913734,0.8047938352573843,353631,229
bridge2algebra2006,concept,deep,simplekt,4,isotonic,0.003121219175271127,0.8046193442746459,353631,229
bridge2algebra2006,concept,deep,simplekt,4,temperature,0.011229286465407407,0.8047938352573843,353631,229
bridge2algebra2006,question,deep,dkt,0,none,0.0068486919998865066,0.7962959815640157,352370,229
bridge2algebra2006,question,deep,dkt,0,platt,0.0028935584566675654,0.7962959815640157,352370,229
bridge2algebra2006,question,deep,dkt,0,isotonic,0.0031414479997261347,0.796180670755732,352370,229
bridge2algebra2006,question,deep,dkt,0,temperature,0.0041437851273697975,0.7962959815640157,352370,229
bridge2algebra2006,question,deep,dkt,1,none,0.006721636064364122,0.7956733985601343,352370,229
bridge2algebra2006,question,deep,dkt,1,platt,0.0019216631988144281,0.7956733985601343,352370,229
bridge2algebra2006,question,deep,dkt,1,isotonic,0.0030526075047625587,0.7955806724771768,352370,229
bridge2algebra2006,question,deep,dkt,1,temperature,0.004752623228042655,0.7956733985601343,352370,229
bridge2algebra2006,question,deep,dkt,2,none,0.004583208842977748,0.7952514102821235,352370,229
bridge2algebra2006,question,deep,dkt,2,platt,0.0034680807554587083,0.7952514102821235,352370,229
bridge2algebra2006,question,deep,dkt,2,isotonic,0.0034293442827725384,0.7951514157071794,352370,229
bridge2algebra2006,question,deep,dkt,2,temperature,0.005555278492326843,0.7952514102821235,352370,229
bridge2algebra2006,question,deep,dkt,3,none,0.006233317819337629,0.7943224015678372,352370,229
bridge2algebra2006,question,deep,dkt,3,platt,0.004933642558843122,0.7943224015678372,352370,229
bridge2algebra2006,question,deep,dkt,3,isotonic,0.004827343666280911,0.7942739580533911,352370,229
bridge2algebra2006,question,deep,dkt,3,temperature,0.008454306625531639,0.7943224015678372,352370,229
bridge2algebra2006,question,deep,dkt,4,none,0.005061681471180798,0.7958011544602128,352370,229
bridge2algebra2006,question,deep,dkt,4,platt,0.002444147020073188,0.7958011544602128,352370,229
bridge2algebra2006,question,deep,dkt,4,isotonic,0.002313137945425538,0.7957005783105009,352370,229
bridge2algebra2006,question,deep,dkt,4,temperature,0.006157958935507884,0.7958011544602128,352370,229
bridge2algebra2006,question,deep,sakt,0,none,0.014443467661832842,0.761630595990223,352370,229
bridge2algebra2006,question,deep,sakt,0,platt,0.002502418878349715,0.761630595990223,352370,229
bridge2algebra2006,question,deep,sakt,0,isotonic,0.0019694806679368994,0.7614790514579418,352370,229
bridge2algebra2006,question,deep,sakt,0,temperature,0.010406554993252748,0.761630595990223,352370,229
bridge2algebra2006,question,deep,sakt,1,none,0.012313359536850657,0.761884427019624,352370,229
bridge2algebra2006,question,deep,sakt,1,platt,0.002561767127059373,0.761884427019624,352370,229
bridge2algebra2006,question,deep,sakt,1,isotonic,0.002237033489576136,0.7617780446332774,352370,229
bridge2algebra2006,question,deep,sakt,1,temperature,0.008770426011191192,0.761884427019624,352370,229
bridge2algebra2006,question,deep,sakt,2,none,0.013858546130487507,0.7609430371670889,352370,229
bridge2algebra2006,question,deep,sakt,2,platt,0.0026702482178321495,0.7609430371670889,352370,229
bridge2algebra2006,question,deep,sakt,2,isotonic,0.003489645084562862,0.7607656476202976,352370,229
bridge2algebra2006,question,deep,sakt,2,temperature,0.012801818763901669,0.7609430371670889,352370,229
bridge2algebra2006,question,deep,sakt,3,none,0.011774542952010664,0.7609972374846128,352370,229
bridge2algebra2006,question,deep,sakt,3,platt,0.004205637174324579,0.7609972374846128,352370,229
bridge2algebra2006,question,deep,sakt,3,isotonic,0.004360306239617235,0.7608353845052902,352370,229
bridge2algebra2006,question,deep,sakt,3,temperature,0.008183427484908065,0.7609972374846128,352370,229
bridge2algebra2006,question,deep,sakt,4,none,0.018236910066123643,0.7601807103870144,352370,229
bridge2algebra2006,question,deep,sakt,4,platt,0.0029859291762483454,0.7601807103870144,352370,229
bridge2algebra2006,question,deep,sakt,4,isotonic,0.0030711449554691153,0.7600604120071204,352370,229
bridge2algebra2006,question,deep,sakt,4,temperature,0.01270294050844097,0.7601807103870144,352370,229
bridge2algebra2006,question,deep,akt,0,none,0.0061803028067087306,0.8065578809483834,352370,229
bridge2algebra2006,question,deep,akt,0,platt,0.002258231148291609,0.8065578809483834,352370,229
bridge2algebra2006,question,deep,akt,0,isotonic,0.002171133832207535,0.8064829223532257,352370,229
bridge2algebra2006,question,deep,akt,0,temperature,0.0032554692286229656,0.8065578809483834,352370,229
bridge2algebra2006,question,deep,akt,1,none,0.006584363878877588,0.806717544331205,352370,229
bridge2algebra2006,question,deep,akt,1,platt,0.0024936957246202676,0.806717544331205,352370,229
bridge2algebra2006,question,deep,akt,1,isotonic,0.002281204412564942,0.8066480375895339,352370,229
bridge2algebra2006,question,deep,akt,1,temperature,0.0026516313481078618,0.806717544331205,352370,229
bridge2algebra2006,question,deep,akt,2,none,0.007337601384907931,0.8074458356301832,352370,229
bridge2algebra2006,question,deep,akt,2,platt,0.0032144942761010765,0.8074458356301832,352370,229
bridge2algebra2006,question,deep,akt,2,isotonic,0.0026591293209423483,0.8073200861123667,352370,229
bridge2algebra2006,question,deep,akt,2,temperature,0.00426771438804041,0.8074458356301832,352370,229
bridge2algebra2006,question,deep,akt,3,none,0.0063474577858501375,0.8057453381120037,352370,229
bridge2algebra2006,question,deep,akt,3,platt,0.004376923112840907,0.8057453381120037,352370,229
bridge2algebra2006,question,deep,akt,3,isotonic,0.004053345809605732,0.8056361778757894,352370,229
bridge2algebra2006,question,deep,akt,3,temperature,0.006653661377858687,0.8057453381120037,352370,229
bridge2algebra2006,question,deep,akt,4,none,0.009065171836422197,0.8058608611148745,352370,229
bridge2algebra2006,question,deep,akt,4,platt,0.0026156313090078746,0.8058608611148745,352370,229
bridge2algebra2006,question,deep,akt,4,isotonic,0.0023065783381634257,0.8057430930890956,352370,229
bridge2algebra2006,question,deep,akt,4,temperature,0.00834115872961734,0.8058608611148745,352370,229
bridge2algebra2006,question,deep,simplekt,0,none,0.006865889547918525,0.8079724082308933,352370,229
bridge2algebra2006,question,deep,simplekt,0,platt,0.004251902655351881,0.8079724082308933,352370,229
bridge2algebra2006,question,deep,simplekt,0,isotonic,0.0019530895241924359,0.8078838850438191,352370,229
bridge2algebra2006,question,deep,simplekt,0,temperature,0.006827311197176997,0.8079724082308933,352370,229
bridge2algebra2006,question,deep,simplekt,1,none,0.012628964440786815,0.8058795749660854,352370,229
bridge2algebra2006,question,deep,simplekt,1,platt,0.00843763561713265,0.8058795749660854,352370,229
bridge2algebra2006,question,deep,simplekt,1,isotonic,0.0029135003185185274,0.805753314028604,352370,229
bridge2algebra2006,question,deep,simplekt,1,temperature,0.008759043882890673,0.8058795749660854,352370,229
bridge2algebra2006,question,deep,simplekt,2,none,0.019059451996480768,0.8066888043528273,352370,229
bridge2algebra2006,question,deep,simplekt,2,platt,0.0083861186308019,0.8066888043528273,352370,229
bridge2algebra2006,question,deep,simplekt,2,isotonic,0.0025949944205906892,0.8065643455636717,352370,229
bridge2algebra2006,question,deep,simplekt,2,temperature,0.019399786719301346,0.8066888043528273,352370,229
bridge2algebra2006,question,deep,simplekt,3,none,0.029788476317507195,0.8046034526690486,352370,229
bridge2algebra2006,question,deep,simplekt,3,platt,0.00650051553368279,0.8046034526690486,352370,229
bridge2algebra2006,question,deep,simplekt,3,isotonic,0.004788397183326106,0.8044927675656189,352370,229
bridge2algebra2006,question,deep,simplekt,3,temperature,0.016129904425778902,0.8046034526690486,352370,229
bridge2algebra2006,question,deep,simplekt,4,none,0.027689047308227095,0.8046434941186248,352370,229
bridge2algebra2006,question,deep,simplekt,4,platt,0.003354505157197659,0.8046434941186248,352370,229
bridge2algebra2006,question,deep,simplekt,4,isotonic,0.0031425868718448578,0.80447037174923,352370,229
bridge2algebra2006,question,deep,simplekt,4,temperature,0.011284889972022687,0.8046434941186248,352370,229
bridge2algebra2006,question,classical,bkt,0,none,0.0059929483443283945,0.7468104590575615,354262,229
bridge2algebra2006,question,classical,bkt,0,platt,0.005252503285483486,0.7468128637819241,354262,229
bridge2algebra2006,question,classical,bkt,0,isotonic,0.0035022324855299575,0.7482609620669837,354262,229
bridge2algebra2006,question,classical,bkt,0,temperature,0.0070668612238016645,0.7468106119967692,354262,229
bridge2algebra2006,question,classical,bkt,1,none,0.006364771253486061,0.7467705563102971,354262,229
bridge2algebra2006,question,classical,bkt,1,platt,0.005580154953165261,0.7467724015743118,354262,229
bridge2algebra2006,question,classical,bkt,1,isotonic,0.003150286514654936,0.748029779243112,354262,229
bridge2algebra2006,question,classical,bkt,1,temperature,0.005799177988639283,0.746771760161189,354262,229
bridge2algebra2006,question,classical,bkt,2,none,0.0056140158430794665,0.7462539433790933,354262,229
bridge2algebra2006,question,classical,bkt,2,platt,0.008348436001135575,0.7462548731893383,354262,229
bridge2algebra2006,question,classical,bkt,2,isotonic,0.006451110806815837,0.7474673566267585,354262,229
bridge2algebra2006,question,classical,bkt,2,temperature,0.009822937075500186,0.7462540414865881,354262,229
bridge2algebra2006,question,classical,bkt,3,none,0.005700392504317693,0.7461166703287108,354262,229
bridge2algebra2006,question,classical,bkt,3,platt,0.008866361331196523,0.7461163558128265,354262,229
bridge2algebra2006,question,classical,bkt,3,isotonic,0.007452873763923818,0.7475482753229761,354262,229
bridge2algebra2006,question,classical,bkt,3,temperature,0.011130126057405735,0.7461165967480895,354262,229
bridge2algebra2006,question,classical,bkt,4,none,0.00633655787871662,0.7467486458821063,354262,229
bridge2algebra2006,question,classical,bkt,4,platt,0.006028081577340315,0.7467493924188251,354262,229
bridge2algebra2006,question,classical,bkt,4,isotonic,0.004216964296267779,0.7474296477670768,354262,229
bridge2algebra2006,question,classical,bkt,4,temperature,0.00849906088625774,0.746753080352666,354262,229
bridge2algebra2006,question,classical,pfa,0,none,0.010534718279675672,0.7458762729175732,354262,229
bridge2algebra2006,question,classical,pfa,0,platt,0.009924443189682232,0.7458762729175732,354262,229
bridge2algebra2006,question,classical,pfa,0,isotonic,0.0035193626003070257,0.7459704935514987,354262,229
bridge2algebra2006,question,classical,pfa,0,temperature,0.009885102556447974,0.7458762729175732,354262,229
bridge2algebra2006,question,classical,pfa,1,none,0.01322025142579408,0.7455165258817325,354262,229
bridge2algebra2006,question,classical,pfa,1,platt,0.010793914949826715,0.7455165258817325,354262,229
bridge2algebra2006,question,classical,pfa,1,isotonic,0.004233007500389262,0.7455996671784835,354262,229
bridge2algebra2006,question,classical,pfa,1,temperature,0.012457766273497428,0.7455165258817325,354262,229
bridge2algebra2006,question,classical,pfa,2,none,0.009077172165842957,0.7457570221373502,354262,229
bridge2algebra2006,question,classical,pfa,2,platt,0.010039314224404426,0.7457570221373503,354262,229
bridge2algebra2006,question,classical,pfa,2,isotonic,0.0030989595516914374,0.7458977104664595,354262,229
bridge2algebra2006,question,classical,pfa,2,temperature,0.009624034896693657,0.7457570221373503,354262,229
bridge2algebra2006,question,classical,pfa,3,none,0.008024741247739867,0.7460639886970082,354262,229
bridge2algebra2006,question,classical,pfa,3,platt,0.01255808450461797,0.7460639886970082,354262,229
bridge2algebra2006,question,classical,pfa,3,isotonic,0.006615833128507638,0.746156787332367,354262,229
bridge2algebra2006,question,classical,pfa,3,temperature,0.012066369753471036,0.7460639886970082,354262,229
bridge2algebra2006,question,classical,pfa,4,none,0.010592005238658025,0.745504242457831,354262,229
bridge2algebra2006,question,classical,pfa,4,platt,0.010958338849969771,0.745504242457831,354262,229
bridge2algebra2006,question,classical,pfa,4,isotonic,0.0041695368411438696,0.7455356201118789,354262,229
bridge2algebra2006,question,classical,pfa,4,temperature,0.009881986459546776,0.745504242457831,354262,229
bridge2algebra2006,question,classical,pfa_recency,0,none,0.008324246681558546,0.7485601077671824,354262,229
bridge2algebra2006,question,classical,pfa_recency,0,platt,0.0077979893657574816,0.7485601077671824,354262,229
bridge2algebra2006,question,classical,pfa_recency,0,isotonic,0.0035570026824537837,0.7485633474665101,354262,229
bridge2algebra2006,question,classical,pfa_recency,0,temperature,0.007698021388875554,0.7485601077671824,354262,229
bridge2algebra2006,question,classical,pfa_recency,1,none,0.00843175064897604,0.7483562156891084,354262,229
bridge2algebra2006,question,classical,pfa_recency,1,platt,0.008101011765422396,0.7483562156891084,354262,229
bridge2algebra2006,question,classical,pfa_recency,1,isotonic,0.0037996493327598123,0.7482709148777732,354262,229
bridge2algebra2006,question,classical,pfa_recency,1,temperature,0.008274209989321801,0.7483562156891084,354262,229
bridge2algebra2006,question,classical,pfa_recency,2,none,0.008479525815189879,0.7486536138790345,354262,229
bridge2algebra2006,question,classical,pfa_recency,2,platt,0.009250828852382865,0.7486536138790345,354262,229
bridge2algebra2006,question,classical,pfa_recency,2,isotonic,0.002894335264672131,0.7485367140232407,354262,229
bridge2algebra2006,question,classical,pfa_recency,2,temperature,0.008945697342594702,0.7486536138790345,354262,229
bridge2algebra2006,question,classical,pfa_recency,3,none,0.007700421909482846,0.7484741225912157,354262,229
bridge2algebra2006,question,classical,pfa_recency,3,platt,0.010762101723228747,0.7484741225912157,354262,229
bridge2algebra2006,question,classical,pfa_recency,3,isotonic,0.005375102662646493,0.7484186022391954,354262,229
bridge2algebra2006,question,classical,pfa_recency,3,temperature,0.010373748062386884,0.7484741225912157,354262,229
bridge2algebra2006,question,classical,pfa_recency,4,none,0.007373160952773198,0.7484101008179497,354262,229
bridge2algebra2006,question,classical,pfa_recency,4,platt,0.009725135339439903,0.7484101008179497,354262,229
bridge2algebra2006,question,classical,pfa_recency,4,isotonic,0.003731526485116972,0.7483337167633455,354262,229
bridge2algebra2006,question,classical,pfa_recency,4,temperature,0.007812028624142236,0.7484101008179497,354262,229
bridge2algebra2006,question,classical,elorasch,0,none,0.0735873905778288,0.7066976397978858,354262,229
bridge2algebra2006,question,classical,elorasch,0,platt,0.0040518228143764205,0.7066976397978858,354262,229
bridge2algebra2006,question,classical,elorasch,0,isotonic,0.001884665163098247,0.706587237735903,354262,229
bridge2algebra2006,question,classical,elorasch,0,temperature,0.008608485973686068,0.7066976397978858,354262,229
bridge2algebra2006,question,classical,elorasch,1,none,0.07331643965156452,0.7072787539555698,354262,229
bridge2algebra2006,question,classical,elorasch,1,platt,0.005186919393615741,0.7072787539555698,354262,229
bridge2algebra2006,question,classical,elorasch,1,isotonic,0.005148670343631919,0.7070717103216204,354262,229
bridge2algebra2006,question,classical,elorasch,1,temperature,0.009160860492829092,0.7072787539555698,354262,229
bridge2algebra2006,question,classical,elorasch,2,none,0.07305776107913842,0.7059614939245931,354262,229
bridge2algebra2006,question,classical,elorasch,2,platt,0.007587652764269255,0.7059614939245931,354262,229
bridge2algebra2006,question,classical,elorasch,2,isotonic,0.007990415296061131,0.7057665234968331,354262,229
bridge2algebra2006,question,classical,elorasch,2,temperature,0.01198403212267915,0.7059614939245931,354262,229
bridge2algebra2006,question,classical,elorasch,3,none,0.0738584059748705,0.7069165982156456,354262,229
bridge2algebra2006,question,classical,elorasch,3,platt,0.00526904516377588,0.7069165982156456,354262,229
bridge2algebra2006,question,classical,elorasch,3,isotonic,0.004762161901945351,0.7063902467595237,354262,229
bridge2algebra2006,question,classical,elorasch,3,temperature,0.008579067941866836,0.7069165982156456,354262,229
bridge2algebra2006,question,classical,elorasch,4,none,0.07419303676281004,0.7067968152140548,354262,229
bridge2algebra2006,question,classical,elorasch,4,platt,0.007125777589256281,0.7067968152140548,354262,229
bridge2algebra2006,question,classical,elorasch,4,isotonic,0.004989461256496413,0.7064574885693473,354262,229
bridge2algebra2006,question,classical,elorasch,4,temperature,0.009569879303333693,0.7067968152140548,354262,229
ednet,concept,deep,dkt,0,none,0.009849706467740596,0.9258466172953801,301372,937
ednet,concept,deep,dkt,0,platt,0.011022037781593124,0.9258466172953801,301372,937
ednet,concept,deep,dkt,0,isotonic,0.0018369696838786995,0.9257965469133751,301372,937
ednet,concept,deep,dkt,0,temperature,0.011192234053652841,0.9258466172953801,301372,937
ednet,concept,deep,dkt,1,none,0.00951852281463831,0.9256105941960109,301372,937
ednet,concept,deep,dkt,1,platt,0.014772864167621672,0.9256105941960109,301372,937
ednet,concept,deep,dkt,1,isotonic,0.011274832545742285,0.9255196578001865,301372,937
ednet,concept,deep,dkt,1,temperature,0.009768715482488574,0.9256105941960109,301372,937
ednet,concept,deep,dkt,2,none,0.010165024317318487,0.9250271508757296,301372,937
ednet,concept,deep,dkt,2,platt,0.010933761603243585,0.9250271508757296,301372,937
ednet,concept,deep,dkt,2,isotonic,0.003914295618943914,0.924953452595018,301372,937
ednet,concept,deep,dkt,2,temperature,0.011211798432877517,0.9250271508757296,301372,937
ednet,concept,deep,dkt,3,none,0.009153744619078944,0.9253957751237702,301372,937
ednet,concept,deep,dkt,3,platt,0.013034052574481585,0.9253957751237702,301372,937
ednet,concept,deep,dkt,3,isotonic,0.00875782966951253,0.9253648643170035,301372,937
ednet,concept,deep,dkt,3,temperature,0.009702053074919602,0.9253957751237702,301372,937
ednet,concept,deep,dkt,4,none,0.00899190504171857,0.924716935779284,301372,937
ednet,concept,deep,dkt,4,platt,0.011845496804625799,0.924716935779284,301372,937
ednet,concept,deep,dkt,4,isotonic,0.002883746800238771,0.924693350198388,301372,937
ednet,concept,deep,dkt,4,temperature,0.011506271996564005,0.924716935779284,301372,937
ednet,concept,deep,sakt,0,none,0.022107731149056148,0.9178725423396433,301372,937
ednet,concept,deep,sakt,0,platt,0.0061879868087852926,0.9178725423396433,301372,937
ednet,concept,deep,sakt,0,isotonic,0.002295097173616935,0.9178316568776388,301372,937
ednet,concept,deep,sakt,0,temperature,0.0067795136345750314,0.9178725423396433,301372,937
ednet,concept,deep,sakt,1,none,0.030000731789846677,0.9181813949054896,301372,937
ednet,concept,deep,sakt,1,platt,0.014125673579849387,0.9181813949054896,301372,937
ednet,concept,deep,sakt,1,isotonic,0.010802616328616685,0.9181473059668369,301372,937
ednet,concept,deep,sakt,1,temperature,0.02486328684112386,0.9181813949054896,301372,937
ednet,concept,deep,sakt,2,none,0.017771093862790237,0.9183787240137631,301372,937
ednet,concept,deep,sakt,2,platt,0.007097864731312738,0.9183787240137631,301372,937
ednet,concept,deep,sakt,2,isotonic,0.002514430315596704,0.9182656843694925,301372,937
ednet,concept,deep,sakt,2,temperature,0.009888944613404402,0.9183787240137631,301372,937
ednet,concept,deep,sakt,3,none,0.01620315238169681,0.9176304843603369,301372,937
ednet,concept,deep,sakt,3,platt,0.010824723624456188,0.9176304843603369,301372,937
ednet,concept,deep,sakt,3,isotonic,0.007522029544838902,0.9175705774926747,301372,937
ednet,concept,deep,sakt,3,temperature,0.010622791875884404,0.9176304843603369,301372,937
ednet,concept,deep,sakt,4,none,0.013136369845166395,0.9190410559392403,301372,937
ednet,concept,deep,sakt,4,platt,0.004763764455652966,0.9190410559392403,301372,937
ednet,concept,deep,sakt,4,isotonic,0.0010084767979243175,0.918978725997478,301372,937
ednet,concept,deep,sakt,4,temperature,0.010395834632307574,0.9190410559392403,301372,937
ednet,concept,deep,akt,0,none,0.0038764627404491298,0.9215205925201022,301372,937
ednet,concept,deep,akt,0,platt,0.003866009425736269,0.9215205925201022,301372,937
ednet,concept,deep,akt,0,isotonic,0.0025421243494953213,0.921481317475884,301372,937
ednet,concept,deep,akt,0,temperature,0.0037384298183259857,0.9215205925201022,301372,937
ednet,concept,deep,akt,1,none,0.0027033965110097495,0.9248042501306759,301372,937
ednet,concept,deep,akt,1,platt,0.009201958593701575,0.9248042501306761,301372,937
ednet,concept,deep,akt,1,isotonic,0.009257901972535433,0.924753494637467,301372,937
ednet,concept,deep,akt,1,temperature,0.005782718542819348,0.9248042501306761,301372,937
ednet,concept,deep,akt,2,none,0.0023721344792033364,0.9215238320063821,301372,937
ednet,concept,deep,akt,2,platt,0.0034857267694845817,0.9215238320063821,301372,937
ednet,concept,deep,akt,2,isotonic,0.005096803283437383,0.921511383675747,301372,937
ednet,concept,deep,akt,2,temperature,0.0032988272904099403,0.9215238320063821,301372,937
ednet,concept,deep,akt,3,none,0.0030752033198877798,0.9250294644380244,301372,937
ednet,concept,deep,akt,3,platt,0.007263479848390964,0.9250294644380245,301372,937
ednet,concept,deep,akt,3,isotonic,0.007208067424070238,0.9249794823188814,301372,937
ednet,concept,deep,akt,3,temperature,0.004571680609082496,0.9250294644380245,301372,937
ednet,concept,deep,akt,4,none,0.0047757860648557715,0.9259518539984353,301372,937
ednet,concept,deep,akt,4,platt,0.002784908197660289,0.9259518539984354,301372,937
ednet,concept,deep,akt,4,isotonic,0.002113143756953946,0.9259146920407078,301372,937
ednet,concept,deep,akt,4,temperature,0.003538719358014399,0.9259518539984354,301372,937
ednet,concept,deep,simplekt,0,none,0.02157612218570566,0.9406106082625026,301372,937
ednet,concept,deep,simplekt,0,platt,0.009526894587766307,0.9406106082625025,301372,937
ednet,concept,deep,simplekt,0,isotonic,0.002300789528374,0.9405463479854511,301372,937
ednet,concept,deep,simplekt,0,temperature,0.012468880443456351,0.9406106082625025,301372,937
ednet,concept,deep,simplekt,1,none,0.013841951968152195,0.9412148667748321,301372,937
ednet,concept,deep,simplekt,1,platt,0.012811940548284885,0.941214866774832,301372,937
ednet,concept,deep,simplekt,1,isotonic,0.00961870473873502,0.9411776582289254,301372,937
ednet,concept,deep,simplekt,1,temperature,0.011507315070298736,0.941214866774832,301372,937
ednet,concept,deep,simplekt,2,none,0.020684868006620435,0.9406727105112915,301372,937
ednet,concept,deep,simplekt,2,platt,0.01071652288127002,0.9406727105112915,301372,937
ednet,concept,deep,simplekt,2,isotonic,0.003844086454645843,0.9406186629239468,301372,937
ednet,concept,deep,simplekt,2,temperature,0.013352829566066123,0.9406727105112915,301372,937
ednet,concept,deep,simplekt,3,none,0.019687309464630702,0.9405615154090591,301372,937
ednet,concept,deep,simplekt,3,platt,0.01714931893647541,0.9405615154090592,301372,937
ednet,concept,deep,simplekt,3,isotonic,0.008249321060364008,0.9405264555017491,301372,937
ednet,concept,deep,simplekt,3,temperature,0.016428355692682344,0.9405615154090592,301372,937
ednet,concept,deep,simplekt,4,none,0.021461773818945675,0.9405975652444349,301372,937
ednet,concept,deep,simplekt,4,platt,0.0035956554547645118,0.940597565244435,301372,937
ednet,concept,deep,simplekt,4,isotonic,0.0026910486803624995,0.9405667549714091,301372,937
ednet,concept,deep,simplekt,4,temperature,0.021961639407542803,0.940597565244435,301372,937
ednet,question,deep,dkt,0,none,0.08866279300198934,0.6064314236354715,132209,937
ednet,question,deep,dkt,0,platt,0.007943554471394441,0.6064314236354715,132209,937
ednet,question,deep,dkt,0,isotonic,0.008534013936866527,0.607583622399669,132209,937
ednet,question,deep,dkt,0,temperature,0.06390534341169744,0.6064314236354715,132209,937
ednet,question,deep,dkt,1,none,0.09157548351473789,0.6068414919883018,132209,937
ednet,question,deep,dkt,1,platt,0.02918090036643234,0.6068414919883018,132209,937
ednet,question,deep,dkt,1,isotonic,0.028358665459831102,0.6088963739484945,132209,937
ednet,question,deep,dkt,1,temperature,0.07079716752729474,0.6068414919883018,132209,937
ednet,question,deep,dkt,2,none,0.08744860637324227,0.6065867286046989,132209,937
ednet,question,deep,dkt,2,platt,0.013513773791285018,0.6065867286046989,132209,937
ednet,question,deep,dkt,2,isotonic,0.008694424054303103,0.6073287311699433,132209,937
ednet,question,deep,dkt,2,temperature,0.05718580252819717,0.6065867286046989,132209,937
ednet,question,deep,dkt,3,none,0.08883325946039969,0.6063349733051197,132209,937
ednet,question,deep,dkt,3,platt,0.021729149874584675,0.6063349733051197,132209,937
ednet,question,deep,dkt,3,isotonic,0.02058396272164193,0.6065481921852143,132209,937
ednet,question,deep,dkt,3,temperature,0.061244854739457705,0.6063349733051197,132209,937
ednet,question,deep,dkt,4,none,0.09047652731659724,0.6042368873936408,132209,937
ednet,question,deep,dkt,4,platt,0.013847629479192616,0.6042368873936408,132209,937
ednet,question,deep,dkt,4,isotonic,0.005968567019630726,0.6062882612409124,132209,937
ednet,question,deep,dkt,4,temperature,0.062359265536144105,0.6042368873936408,132209,937
ednet,question,deep,sakt,0,none,0.11849892972490551,0.6046719829647189,132209,937
ednet,question,deep,sakt,0,platt,0.009805684134317424,0.6046719829647189,132209,937
ednet,question,deep,sakt,0,isotonic,0.007619164136671492,0.6047256410797514,132209,937
ednet,question,deep,sakt,0,temperature,0.06073077205802028,0.6046719829647189,132209,937
ednet,question,deep,sakt,1,none,0.13966386025157113,0.6029535390495651,132209,937
ednet,question,deep,sakt,1,platt,0.028634812223590024,0.6029535390495651,132209,937
ednet,question,deep,sakt,1,isotonic,0.02729690488085261,0.6030608881980924,132209,937
ednet,question,deep,sakt,1,temperature,0.08937918928969661,0.6029535390495651,132209,937
ednet,question,deep,sakt,2,none,0.11680650863405677,0.6069020514973298,132209,937
ednet,question,deep,sakt,2,platt,0.002736845153832918,0.6069020514973298,132209,937
ednet,question,deep,sakt,2,isotonic,0.006225584189027512,0.607029598164218,132209,937
ednet,question,deep,sakt,2,temperature,0.059439880113349344,0.6069020514973298,132209,937
ednet,question,deep,sakt,3,none,0.11243669644275353,0.6069875242858958,132209,937
ednet,question,deep,sakt,3,platt,0.022025120778789813,0.6069875242858958,132209,937
ednet,question,deep,sakt,3,isotonic,0.020085590440894245,0.6073138686115963,132209,937
ednet,question,deep,sakt,3,temperature,0.06690244446883256,0.6069875242858958,132209,937
ednet,question,deep,sakt,4,none,0.11460382424797098,0.6058759312110631,132209,937
ednet,question,deep,sakt,4,platt,0.006221766640971396,0.6058759312110631,132209,937
ednet,question,deep,sakt,4,isotonic,0.004803508406855366,0.606301551240912,132209,937
ednet,question,deep,sakt,4,temperature,0.07117000518894835,0.6058759312110631,132209,937
ednet,question,deep,akt,0,none,0.09424892027017794,0.6070612920091303,132209,937
ednet,question,deep,akt,0,platt,0.006936032201123269,0.6070612920091303,132209,937
ednet,question,deep,akt,0,isotonic,0.007367950524143872,0.6076779563790836,132209,937
ednet,question,deep,akt,0,temperature,0.06500477918134093,0.6070612920091303,132209,937
ednet,question,deep,akt,1,none,0.09110415100333563,0.6119938065907833,132209,937
ednet,question,deep,akt,1,platt,0.026993753621418752,0.6119938065907833,132209,937
ednet,question,deep,akt,1,isotonic,0.025427929863352954,0.6126951926214332,132209,937
ednet,question,deep,akt,1,temperature,0.0733350471994056,0.6119938065907833,132209,937
ednet,question,deep,akt,2,none,0.0921099259505783,0.6070497955549875,132209,937
ednet,question,deep,akt,2,platt,0.0068630664228155145,0.6070497955549875,132209,937
ednet,question,deep,akt,2,isotonic,0.009196888528624964,0.6077838888853937,132209,937
ednet,question,deep,akt,2,temperature,0.061223360014868715,0.6070497955549875,132209,937
ednet,question,deep,akt,3,none,0.09325185577381238,0.6108305597270095,132209,937
ednet,question,deep,akt,3,platt,0.021272036013736634,0.6108305597270095,132209,937
ednet,question,deep,akt,3,isotonic,0.01950422581327468,0.6117777904068992,132209,937
ednet,question,deep,akt,3,temperature,0.06856236106897705,0.6108305597270095,132209,937
ednet,question,deep,akt,4,none,0.09430700406175041,0.6115983507180558,132209,937
ednet,question,deep,akt,4,platt,0.0068743248111293636,0.6115983507180558,132209,937
ednet,question,deep,akt,4,isotonic,0.004329825294768161,0.6126933490599275,132209,937
ednet,question,deep,akt,4,temperature,0.06823293392201522,0.6115983507180558,132209,937
ednet,question,deep,simplekt,0,none,0.14756729042652106,0.6584621118779972,132209,937
ednet,question,deep,simplekt,0,platt,0.01672825727901734,0.6584621118779972,132209,937
ednet,question,deep,simplekt,0,isotonic,0.007508835601810948,0.658573578258598,132209,937
ednet,question,deep,simplekt,0,temperature,0.05471719157560744,0.6584621118779972,132209,937
ednet,question,deep,simplekt,1,none,0.13150474778570304,0.6594067123982302,132209,937
ednet,question,deep,simplekt,1,platt,0.027211973342866683,0.6594067123982302,132209,937
ednet,question,deep,simplekt,1,isotonic,0.02428916848986519,0.6600776989940633,132209,937
ednet,question,deep,simplekt,1,temperature,0.06440541380397304,0.6594067123982302,132209,937
ednet,question,deep,simplekt,2,none,0.14660199078731448,0.6578667023725322,132209,937
ednet,question,deep,simplekt,2,platt,0.015226778856597623,0.6578667023725322,132209,937
ednet,question,deep,simplekt,2,isotonic,0.005363536964829677,0.6583492240067232,132209,937
ednet,question,deep,simplekt,2,temperature,0.053175923566959674,0.6578667023725322,132209,937
ednet,question,deep,simplekt,3,none,0.14416060026170724,0.6567899957231365,132209,937
ednet,question,deep,simplekt,3,platt,0.02234279225524617,0.6567899957231365,132209,937
ednet,question,deep,simplekt,3,isotonic,0.01922625549493296,0.6576789653172082,132209,937
ednet,question,deep,simplekt,3,temperature,0.06139430287321896,0.6567899957231365,132209,937
ednet,question,deep,simplekt,4,none,0.14370339840706747,0.653690604942677,132209,937
ednet,question,deep,simplekt,4,platt,0.028100794395654254,0.653690604942677,132209,937
ednet,question,deep,simplekt,4,isotonic,0.0041985368952779205,0.6550727592010566,132209,937
ednet,question,deep,simplekt,4,temperature,0.07878025216432015,0.653690604942677,132209,937
ednet,question,classical,bkt,0,none,0.015592798018349808,0.6295098167688566,133974,937
ednet,question,classical,bkt,0,platt,0.016162121388047856,0.6295096819201822,133974,937
ednet,question,classical,bkt,0,isotonic,0.011891919186647745,0.6292907611251002,133974,937
ednet,question,classical,bkt,0,temperature,0.015198738087737584,0.6295097105056154,133974,937
ednet,question,classical,bkt,1,none,0.013171835364384524,0.6278754771835044,133974,937
ednet,question,classical,bkt,1,platt,0.02288668328587629,0.6278754791720563,133974,937
ednet,question,classical,bkt,1,isotonic,0.02143013777470374,0.6278483906212026,133974,937
ednet,question,classical,bkt,1,temperature,0.019002975283074014,0.6278754587893997,133974,937
ednet,question,classical,bkt,2,none,0.014235387609630341,0.629019022154952,133974,937
ednet,question,classical,bkt,2,platt,0.017303053620845592,0.6290190174321412,133974,937
ednet,question,classical,bkt,2,isotonic,0.01501540725375399,0.6285932357877099,133974,937
ednet,question,classical,bkt,2,temperature,0.01611959316904716,0.6290190222792365,133974,937
ednet,question,classical,bkt,3,none,0.011121558427722172,0.6288348066858483,133974,937
ednet,question,classical,bkt,3,platt,0.018510517557930015,0.6288348107872366,133974,937
ednet,question,classical,bkt,3,isotonic,0.014388776678213491,0.6287016441791637,133974,937
ednet,question,classical,bkt,3,temperature,0.014336587669621221,0.6288348166286079,133974,937
ednet,question,classical,bkt,4,none,0.013890263964126102,0.6290203968657238,133974,937
ednet,question,classical,bkt,4,platt,0.01146870504399104,0.6290204043227934,133974,937
ednet,question,classical,bkt,4,isotonic,0.007370253174189995,0.6285997088969342,133974,937
ednet,question,classical,bkt,4,temperature,0.008353790483800472,0.629020384810128,133974,937
ednet,question,classical,pfa,0,none,0.04324307961690738,0.6217166265183884,133974,937
ednet,question,classical,pfa,0,platt,0.022571169923467634,0.6217166302469233,133974,937
ednet,question,classical,pfa,0,isotonic,0.010482801993168894,0.6220925209889407,133974,937
ednet,question,classical,pfa,0,temperature,0.02328611453791386,0.6217166302469233,133974,937
ednet,question,classical,pfa,1,none,0.04405327838075116,0.6225622159488332,133974,937
ednet,question,classical,pfa,1,platt,0.038782319531998025,0.6225622582055607,133974,937
ednet,question,classical,pfa,1,isotonic,0.013671406084033976,0.622370682733094,133974,937
ednet,question,classical,pfa,1,temperature,0.05578241810772294,0.6225622582055607,133974,937
ednet,question,classical,pfa,2,none,0.040604891857249595,0.621586911290673,133974,937
ednet,question,classical,pfa,2,platt,0.021083557863778482,0.6215869080592761,133974,937
ednet,question,classical,pfa,2,isotonic,0.011280011524883338,0.6219163656177469,133974,937
ednet,question,classical,pfa,2,temperature,0.021741450925113794,0.6215869080592761,133974,937
ednet,question,classical,pfa,3,none,0.049337499923380476,0.6230092506143406,133974,937
ednet,question,classical,pfa,3,platt,0.044653381791656205,0.6230092590656862,133974,937
ednet,question,classical,pfa,3,isotonic,0.019793711929754102,0.6233409007998284,133974,937
ednet,question,classical,pfa,3,temperature,0.05884182801253212,0.6230092590656862,133974,937
ednet,question,classical,pfa,4,none,0.043058116281789724,0.6219319725186118,133974,937
ednet,question,classical,pfa,4,platt,0.02853080828046852,0.6219319844499229,133974,937
ednet,question,classical,pfa,4,isotonic,0.009114424112539104,0.6224120346694486,133974,937
ednet,question,classical,pfa,4,temperature,0.04470077514983153,0.6219319844499229,133974,937
ednet,question,classical,pfa_recency,0,none,0.06165570492547082,0.6236237375051682,133974,937
ednet,question,classical,pfa_recency,0,platt,0.025823560823570516,0.6236237340252024,133974,937
ednet,question,classical,pfa_recency,0,isotonic,0.010246648259485864,0.6236085104177125,133974,937
ednet,question,classical,pfa_recency,0,temperature,0.0356435925708362,0.6236237340252024,133974,937
ednet,question,classical,pfa_recency,1,none,0.07267489713806129,0.6231630529224153,133974,937
ednet,question,classical,pfa_recency,1,platt,0.03181807949428908,0.6231630591366399,133974,937
ednet,question,classical,pfa_recency,1,isotonic,0.01466763721968025,0.6228837266325671,133974,937
ednet,question,classical,pfa_recency,1,temperature,0.04774416980638409,0.6231630591366399,133974,937
ednet,question,classical,pfa_recency,2,none,0.06193939802969664,0.6236382703394487,133974,937
ednet,question,classical,pfa_recency,2,platt,0.02789701791232181,0.6236382674809053,133974,937
ednet,question,classical,pfa_recency,2,isotonic,0.009778617667488112,0.6237854209414831,133974,937
ednet,question,classical,pfa_recency,2,temperature,0.03624403092411431,0.6236382674809053,133974,937
ednet,question,classical,pfa_recency,3,none,0.06758192948264433,0.6248295130891547,133974,937
ednet,question,classical,pfa_recency,3,platt,0.040396257902166464,0.6248295123434477,133974,937
ednet,question,classical,pfa_recency,3,isotonic,0.018210569277086322,0.6247546853733064,133974,937
ednet,question,classical,pfa_recency,3,temperature,0.055566958096801525,0.6248295123434477,133974,937
ednet,question,classical,pfa_recency,4,none,0.06432827873916623,0.6242412385435085,133974,937
ednet,question,classical,pfa_recency,4,platt,0.032210850066360076,0.6242412462491471,133974,937
ednet,question,classical,pfa_recency,4,isotonic,0.009677519579453415,0.624258060325288,133974,937
ednet,question,classical,pfa_recency,4,temperature,0.04300250321112913,0.6242412462491471,133974,937
ednet,question,classical,elorasch,0,none,0.047382566387615274,0.6414908645927855,133974,937
ednet,question,classical,elorasch,0,platt,0.006902652124898034,0.6414908645927855,133974,937
ednet,question,classical,elorasch,0,isotonic,0.005777466784958086,0.6413019049360331,133974,937
ednet,question,classical,elorasch,0,temperature,0.00739181089165818,0.6414908645927855,133974,937
ednet,question,classical,elorasch,1,none,0.04644423480247089,0.6409019835388158,133974,937
ednet,question,classical,elorasch,1,platt,0.011539646616663662,0.6409019835388158,133974,937
ednet,question,classical,elorasch,1,isotonic,0.010547276058205228,0.6403499899979445,133974,937
ednet,question,classical,elorasch,1,temperature,0.01109190663381611,0.6409019835388158,133974,937
ednet,question,classical,elorasch,2,none,0.04782757495728394,0.641586154258915,133974,937
ednet,question,classical,elorasch,2,platt,0.005847586853788485,0.641586154258915,133974,937
ednet,question,classical,elorasch,2,isotonic,0.004776343418713842,0.641264072239369,133974,937
ednet,question,classical,elorasch,2,temperature,0.006864959290591329,0.641586154258915,133974,937
ednet,question,classical,elorasch,3,none,0.04753336943380643,0.6416008330031897,133974,937
ednet,question,classical,elorasch,3,platt,0.02541206042348799,0.6416008330031897,133974,937
ednet,question,classical,elorasch,3,isotonic,0.02486731864102851,0.6412218305503325,133974,937
ednet,question,classical,elorasch,3,temperature,0.02293120557953959,0.6416008330031897,133974,937
ednet,question,classical,elorasch,4,none,0.04589070600287516,0.6411087608689863,133974,937
ednet,question,classical,elorasch,4,platt,0.00943026508821083,0.6411087608689863,133974,937
ednet,question,classical,elorasch,4,isotonic,0.008859041109937503,0.6409242205202191,133974,937
ednet,question,classical,elorasch,4,temperature,0.006208905394492388,0.6411087608689863,133974,937
