dataset,granularity,model,fold,method,reference,ece_method,ece_reference,delta_ece,ci_low,ci_high,p,best_lambda,n_students,family_key,p_holm,reject_holm,family_size
algebra2005,concept,dkt,0,none,isotonic,0.009364981241350946,0.006374502552125651,0.0029904786892252944,0.0003201728566749466,0.005242558634003231,0.023797620237976203,5000.0,114,concept|f0|none,0.1665833416658334,False,28
algebra2005,concept,dkt,0,concept_aware_lambda0,isotonic,0.008041183990861626,0.006374502552125651,0.0016666814387359744,-0.0007053973728993902,0.0023757985624495363,0.19118088191180882,5000.0,114,concept|f0|concept_aware_lambda0,0.6927307269273073,False,28
algebra2005,concept,dkt,0,concept_aware_eb,isotonic,0.006060098106800511,0.006374502552125651,-0.0003144044453251404,-0.0013641063317053734,0.00011703680848540656,0.11938806119388061,5000.0,114,concept|f0|concept_aware_eb,1.0,False,28
algebra2005,concept,dkt,0,difficulty_bucket,isotonic,0.00638603954073782,0.006374502552125651,1.1536988612168182e-05,-0.00014863860282804574,0.00017763946198680759,0.9567043295670433,5000.0,114,concept|f0|difficulty_bucket,1.0,False,28
algebra2005,concept,dkt,1,none,isotonic,0.005859255565591514,0.005797773175308806,6.148239028270792e-05,-0.00786898033419781,0.008468926239378394,0.9943005699430058,inf,114,concept|f1|none,1.0,False,28
algebra2005,concept,dkt,1,concept_aware_lambda0,isotonic,0.007602607106684844,0.005797773175308806,0.0018048339313760384,0.00018769054042240256,0.0031647832371991492,0.027597240275972403,inf,114,concept|f1|concept_aware_lambda0,0.1735826417358264,False,28
algebra2005,concept,dkt,1,concept_aware_eb,isotonic,0.005797773175308806,0.005797773175308806,0.0,0.0,0.0,1.0,inf,114,concept|f1|concept_aware_eb,1.0,False,28
algebra2005,concept,dkt,1,difficulty_bucket,isotonic,0.005893143646861001,0.005797773175308806,9.537047155219573e-05,-0.0001554350104897449,0.00015852177733146765,0.8989101089891011,inf,114,concept|f1|difficulty_bucket,1.0,False,28
algebra2005,concept,dkt,2,none,isotonic,0.003852718495234163,0.003559223044171273,0.0002934954510628901,-0.0034343737730456224,0.005299578662729178,0.9551044895510449,inf,114,concept|f2|none,1.0,False,28
algebra2005,concept,dkt,2,concept_aware_lambda0,isotonic,0.005057989877535144,0.003559223044171273,0.0014987668333638713,-0.0005915742308116339,0.0029866597558788547,0.19518048195180482,inf,114,concept|f2|concept_aware_lambda0,0.3047695230476952,False,28
algebra2005,concept,dkt,2,concept_aware_eb,isotonic,0.003559223044171273,0.003559223044171273,0.0,0.0,0.0,1.0,inf,114,concept|f2|concept_aware_eb,1.0,False,28
algebra2005,concept,dkt,2,difficulty_bucket,isotonic,0.0035558396316061358,0.003559223044171273,-3.3834125651370332e-06,-9.249767401662934e-05,0.0002443109120791543,0.9175082491750824,inf,114,concept|f2|difficulty_bucket,1.0,False,28
algebra2005,concept,dkt,3,none,isotonic,0.0031618876401500835,0.002485079011042532,0.0006768086291075513,-0.0017692074976963948,0.0025864514227177744,0.7951204879512048,5000.0,114,concept|f3|none,1.0,False,28
algebra2005,concept,dkt,3,concept_aware_lambda0,isotonic,0.0036821702106075386,0.002485079011042532,0.0011970911995650064,-0.00014166185839906872,0.0029174787964651185,0.07379262073792621,5000.0,114,concept|f3|concept_aware_lambda0,0.36896310368963103,False,28
algebra2005,concept,dkt,3,concept_aware_eb,isotonic,0.0018786020131563073,0.002485079011042532,-0.0006064769978862249,-0.0010035894270045672,0.0008539017606102003,0.7643235676432357,5000.0,114,concept|f3|concept_aware_eb,1.0,False,28
algebra2005,concept,dkt,3,difficulty_bucket,isotonic,0.002223127688184043,0.002485079011042532,-0.00026195132285848936,-0.000879338905253316,0.0006427404551392061,0.8685131486851315,5000.0,114,concept|f3|difficulty_bucket,1.0,False,28
algebra2005,concept,dkt,4,none,isotonic,0.00584591754192883,0.001642277179815256,0.004203640362113574,0.00041822751479987484,0.005284196090506064,0.015798420157984203,1000.0,114,concept|f4|none,0.12638736126387362,False,28
algebra2005,concept,dkt,4,concept_aware_lambda0,isotonic,0.0043736373156667415,0.001642277179815256,0.002731360135851486,0.0008432743302533315,0.004064128123949463,0.0035996400359964,1000.0,114,concept|f4|concept_aware_lambda0,0.0287971202879712,True,28
algebra2005,concept,dkt,4,concept_aware_eb,isotonic,0.0022039741399496535,0.001642277179815256,0.0005616969601343975,-0.0008382633917657046,0.001835794181204299,0.5577442255774423,1000.0,114,concept|f4|concept_aware_eb,1.0,False,28
algebra2005,concept,dkt,4,difficulty_bucket,isotonic,0.0017004419519941049,0.001642277179815256,5.8164772178848946e-05,-0.00017310255420380347,0.00014215556356362408,0.8877112288771123,1000.0,114,concept|f4|difficulty_bucket,1.0,False,28
algebra2005,concept,sakt,0,none,isotonic,0.029569697363122493,0.00689179406330663,0.022677903299815862,0.01238994549958256,0.03111480494339174,0.00019998000199980003,100000.0,114,concept|f0|none,0.005599440055994401,True,28
algebra2005,concept,sakt,0,concept_aware_lambda0,isotonic,0.008663054550225199,0.00689179406330663,0.001771260486918569,-0.0007843295843376111,0.0031113227650103577,0.17318268173182683,100000.0,114,concept|f0|concept_aware_lambda0,0.6927307269273073,False,28
algebra2005,concept,sakt,0,concept_aware_eb,isotonic,0.006690006438600101,0.00689179406330663,-0.00020178762470652884,-0.0003984164799759595,0.00019721306240573876,0.27377262273772623,100000.0,114,concept|f0|concept_aware_eb,1.0,False,28
algebra2005,concept,sakt,0,difficulty_bucket,isotonic,0.006864430285381976,0.00689179406330663,-2.736377792465338e-05,-0.0002843492578524719,3.495611664862015e-05,0.11898810118988101,100000.0,114,concept|f0|difficulty_bucket,1.0,False,28
algebra2005,concept,sakt,1,none,isotonic,0.028000225702417055,0.006739174146852229,0.021261051555564826,0.011568512005495421,0.0280832622178032,0.00019998000199980003,100000.0,114,concept|f1|none,0.005599440055994401,True,28
algebra2005,concept,sakt,1,concept_aware_lambda0,isotonic,0.007702402211262378,0.006739174146852229,0.0009632280644101491,-0.0013014487088963873,0.0041845820234052335,0.5281471852814719,100000.0,114,concept|f1|concept_aware_lambda0,1.0,False,28
algebra2005,concept,sakt,1,concept_aware_eb,isotonic,0.006638675262293858,0.006739174146852229,-0.00010049888455837108,-0.00029029505028385725,0.0002631867563672618,0.49175082491750827,100000.0,114,concept|f1|concept_aware_eb,1.0,False,28
algebra2005,concept,sakt,1,difficulty_bucket,isotonic,0.006766785361119543,0.006739174146852229,2.7611214267314263e-05,-0.0001632897291564909,0.00017180720465690062,0.30556944305569445,100000.0,114,concept|f1|difficulty_bucket,1.0,False,28
algebra2005,concept,sakt,2,none,isotonic,0.02560134505072354,0.004430170320740622,0.02117117472998292,0.012274050943932118,0.0247520466034079,0.00019998000199980003,100000.0,114,concept|f2|none,0.005599440055994401,True,28
algebra2005,concept,sakt,2,concept_aware_lambda0,isotonic,0.007011555153913408,0.004430170320740622,0.002581384833172786,0.001282322293829833,0.004534016197480322,0.001999800019998,100000.0,114,concept|f2|concept_aware_lambda0,0.015998400159984,True,28
algebra2005,concept,sakt,2,concept_aware_eb,isotonic,0.0043057187574235736,0.004430170320740622,-0.00012445156331704864,-0.00036154314296645555,0.00020973767400811095,0.5093490650934906,100000.0,114,concept|f2|concept_aware_eb,1.0,False,28
algebra2005,concept,sakt,2,difficulty_bucket,isotonic,0.0048265715680115675,0.004430170320740622,0.00039640124727094526,-1.402849495102951e-05,0.0006110926759917023,0.1151884811518848,100000.0,114,concept|f2|difficulty_bucket,1.0,False,28
algebra2005,concept,sakt,3,none,isotonic,0.02173147501190255,0.004150203573837841,0.01758127143806471,0.012422954262207967,0.020422337721126706,0.00019998000199980003,5000.0,114,concept|f3|none,0.005599440055994401,True,28
algebra2005,concept,sakt,3,concept_aware_lambda0,isotonic,0.006968630889426013,0.004150203573837841,0.002818427315588172,0.0005332409100924407,0.004982269027993176,0.013398660133986601,5000.0,114,concept|f3|concept_aware_lambda0,0.127987201279872,False,28
algebra2005,concept,sakt,3,concept_aware_eb,isotonic,0.004537448814020345,0.004150203573837841,0.00038724524018250456,-0.0009256272628541574,0.0017803486520854938,0.3975602439756024,5000.0,114,concept|f3|concept_aware_eb,1.0,False,28
algebra2005,concept,sakt,3,difficulty_bucket,isotonic,0.0041560978019247324,0.004150203573837841,5.8942280868915994e-06,-0.00011762386714139036,0.00014161553265358846,0.8133186681331867,5000.0,114,concept|f3|difficulty_bucket,1.0,False,28
algebra2005,concept,sakt,4,none,isotonic,0.022701903371821045,0.0024134632663364492,0.020288440105484595,0.013938304206839875,0.02145199812163481,0.00019998000199980003,5000.0,114,concept|f4|none,0.005599440055994401,True,28
algebra2005,concept,sakt,4,concept_aware_lambda0,isotonic,0.004800287913018166,0.0024134632663364492,0.0023868246466817165,0.00019883510181798483,0.003773510855891729,0.033396660333966606,5000.0,114,concept|f4|concept_aware_lambda0,0.16698330166983302,False,28
algebra2005,concept,sakt,4,concept_aware_eb,isotonic,0.0029789997829560307,0.0024134632663364492,0.0005655365166195815,-0.0009914024219375437,0.0014281639456702824,0.6167383261673832,5000.0,114,concept|f4|concept_aware_eb,1.0,False,28
algebra2005,concept,sakt,4,difficulty_bucket,isotonic,0.0026750533935222345,0.0024134632663364492,0.00026159012718578525,-0.00032631823120409637,0.00038540463929323017,0.7545245475452454,5000.0,114,concept|f4|difficulty_bucket,1.0,False,28
algebra2005,concept,akt,0,none,isotonic,0.0039346539124985565,0.007145737599466832,-0.0032110836869682757,-0.007811448655436228,0.0070681901104943145,0.5869413058694131,inf,114,concept|f0|none,0.9491050894910509,False,28
algebra2005,concept,akt,0,concept_aware_lambda0,isotonic,0.0071243878366944345,0.007145737599466832,-2.1349762772397696e-05,-0.0013164927762372215,0.002026894298883912,0.9991000899910009,inf,114,concept|f0|concept_aware_lambda0,1.0,False,28
algebra2005,concept,akt,0,concept_aware_eb,isotonic,0.007145737599466832,0.007145737599466832,0.0,0.0,0.0,1.0,inf,114,concept|f0|concept_aware_eb,1.0,False,28
algebra2005,concept,akt,0,difficulty_bucket,isotonic,0.007153622080443317,0.007145737599466832,7.884480976484871e-06,-6.236352579265507e-05,0.0002908287134585973,0.5423457654234577,inf,114,concept|f0|difficulty_bucket,1.0,False,28
algebra2005,concept,akt,1,none,isotonic,0.0041560290620888595,0.007085577667196234,-0.0029295486051073745,-0.0066984022996350295,0.006331988679288216,0.5515448455154485,5000.0,114,concept|f1|none,1.0,False,28
algebra2005,concept,akt,1,concept_aware_lambda0,isotonic,0.007198346988574247,0.007085577667196234,0.00011276932137801315,-0.0019800789076122555,0.0038598601994097584,0.7537246275372462,5000.0,114,concept|f1|concept_aware_lambda0,1.0,False,28
algebra2005,concept,akt,1,concept_aware_eb,isotonic,0.005724113617555766,0.007085577667196234,-0.0013614640496404677,-0.001552590250594379,0.0003913980825276458,0.1287871212878712,5000.0,114,concept|f1|concept_aware_eb,1.0,False,28
algebra2005,concept,akt,1,difficulty_bucket,isotonic,0.007092299247911663,0.007085577667196234,6.7215807154292e-06,-0.00023187464088808725,0.00022749375606325427,0.6923307669233076,5000.0,114,concept|f1|difficulty_bucket,1.0,False,28
algebra2005,concept,akt,2,none,isotonic,0.007056007288520676,0.004412116345873562,0.0026438909426471134,-0.00698485390760733,0.010176716033864499,0.7055294470552945,inf,114,concept|f2|none,1.0,False,28
algebra2005,concept,akt,2,concept_aware_lambda0,isotonic,0.00598038739177445,0.004412116345873562,0.0015682710459008877,-0.0003124447395636576,0.0032188167411401946,0.0973902609739026,inf,114,concept|f2|concept_aware_lambda0,0.3047695230476952,False,28
algebra2005,concept,akt,2,concept_aware_eb,isotonic,0.004412116345873562,0.004412116345873562,0.0,0.0,0.0,1.0,inf,114,concept|f2|concept_aware_eb,1.0,False,28
algebra2005,concept,akt,2,difficulty_bucket,isotonic,0.004491264627273861,0.004412116345873562,7.914828140029914e-05,-9.734787876470802e-05,0.00013911714668196287,0.7923207679232077,inf,114,concept|f2|difficulty_bucket,1.0,False,28
algebra2005,concept,akt,3,none,isotonic,0.013500967556552739,0.0022850928275744576,0.011215874728978281,0.0024351985149486267,0.012221916517950637,0.0115988401159884,100.0,114,concept|f3|none,0.115988401159884,False,28
algebra2005,concept,akt,3,concept_aware_lambda0,isotonic,0.003683942900341589,0.0022850928275744576,0.0013988500727671314,-0.0009871427744067452,0.002991005200063584,0.3237676232376762,100.0,114,concept|f3|concept_aware_lambda0,0.41315868413158685,False,28
algebra2005,concept,akt,3,concept_aware_eb,isotonic,0.0031542012367257303,0.0022850928275744576,0.0008691084091512727,-0.0012562397340409048,0.002295248849367955,0.6801319868013199,100.0,114,concept|f3|concept_aware_eb,1.0,False,28
algebra2005,concept,akt,3,difficulty_bucket,isotonic,0.002442260739793723,0.0022850928275744576,0.00015716791221926556,-0.00016055460842060777,0.00028710598371112754,0.6399360063993601,100.0,114,concept|f3|difficulty_bucket,1.0,False,28
algebra2005,concept,akt,4,none,isotonic,0.0051571082464536774,0.0028353143054432304,0.002321793941010447,-0.0009767837051147601,0.003784339811724765,0.19818018198180182,5000.0,114,concept|f4|none,0.7927207279272073,False,28
algebra2005,concept,akt,4,concept_aware_lambda0,isotonic,0.0043284521038418206,0.0028353143054432304,0.0014931377983985901,-0.0007284479436157371,0.003595807875093289,0.192980701929807,5000.0,114,concept|f4|concept_aware_lambda0,0.5789421057894211,False,28
algebra2005,concept,akt,4,concept_aware_eb,isotonic,0.0028696707529755005,0.0028353143054432304,3.4356447532270067e-05,-0.00100968243589035,0.0007899330672017413,0.7931206879312068,5000.0,114,concept|f4|concept_aware_eb,1.0,False,28
algebra2005,concept,akt,4,difficulty_bucket,isotonic,0.0029105470391217734,0.0028353143054432304,7.5232733678543e-05,-0.00022411069762824453,0.0002572760510879013,0.8281171882811719,5000.0,114,concept|f4|difficulty_bucket,1.0,False,28
algebra2005,concept,simplekt,0,none,isotonic,0.02371641297142935,0.006008015465649171,0.01770839750578018,0.011958188102804914,0.021566867422771658,0.00019998000199980003,100000.0,114,concept|f0|none,0.005599440055994401,True,28
algebra2005,concept,simplekt,0,concept_aware_lambda0,isotonic,0.006409240686285188,0.006008015465649171,0.00040122522063601625,-0.0012010011051668912,0.0033818684522574816,0.5765423457654234,100000.0,114,concept|f0|concept_aware_lambda0,1.0,False,28
algebra2005,concept,simplekt,0,concept_aware_eb,isotonic,0.006206893684661545,0.006008015465649171,0.00019887821901237376,-0.0002762201083459077,0.0005406737967150295,0.15098490150984903,100000.0,114,concept|f0|concept_aware_eb,1.0,False,28
algebra2005,concept,simplekt,0,difficulty_bucket,isotonic,0.005988020425725464,0.006008015465649171,-1.999503992370765e-05,-0.00030968144959902616,0.00013227162199041907,0.32896710328967105,100000.0,114,concept|f0|difficulty_bucket,1.0,False,28
algebra2005,concept,simplekt,1,none,isotonic,0.013873042681580124,0.0077866608415152186,0.006086381840064906,-0.004660191612739013,0.016804657726243906,0.3127687231276872,100.0,114,concept|f1|none,1.0,False,28
algebra2005,concept,simplekt,1,concept_aware_lambda0,isotonic,0.007218013300943447,0.0077866608415152186,-0.0005686475405717716,-0.003344566343824396,0.004107378316762169,0.9033096690330967,100.0,114,concept|f1|concept_aware_lambda0,1.0,False,28
algebra2005,concept,simplekt,1,concept_aware_eb,isotonic,0.006609303907469544,0.0077866608415152186,-0.0011773569340456742,-0.0034202133991812354,0.0035108536182920118,0.6705329467053295,100.0,114,concept|f1|concept_aware_eb,1.0,False,28
algebra2005,concept,simplekt,1,difficulty_bucket,isotonic,0.007809598648421992,0.0077866608415152186,2.293780690677382e-05,-0.0002692075094358599,5.3835847459843134e-05,0.5845415458454155,100.0,114,concept|f1|difficulty_bucket,1.0,False,28
algebra2005,concept,simplekt,2,none,isotonic,0.029991370775586768,0.004149508176719987,0.025841862598866783,0.015319734992370467,0.0313731147278234,0.00019998000199980003,inf,114,concept|f2|none,0.005599440055994401,True,28
algebra2005,concept,simplekt,2,concept_aware_lambda0,isotonic,0.006120457534772677,0.004149508176719987,0.0019709493580526895,-0.00021714526402777314,0.0037858090794771647,0.0761923807619238,inf,114,concept|f2|concept_aware_lambda0,0.3047695230476952,False,28
algebra2005,concept,simplekt,2,concept_aware_eb,isotonic,0.004149508176719987,0.004149508176719987,0.0,0.0,0.0,1.0,inf,114,concept|f2|concept_aware_eb,1.0,False,28
algebra2005,concept,simplekt,2,difficulty_bucket,isotonic,0.004276936273482994,0.004149508176719987,0.00012742809676300707,-0.00012826842943519225,0.00023527471831040725,0.44195580441955806,inf,114,concept|f2|difficulty_bucket,1.0,False,28
algebra2005,concept,simplekt,3,none,isotonic,0.0292607678053685,0.003212284394119809,0.026048483411248692,0.020403032604989272,0.027183202874408473,0.00019998000199980003,1000.0,114,concept|f3|none,0.005599440055994401,True,28
algebra2005,concept,simplekt,3,concept_aware_lambda0,isotonic,0.005784898648262518,0.003212284394119809,0.0025726142541427086,0.00029201122230366057,0.004272403082141233,0.0235976402359764,1000.0,114,concept|f3|concept_aware_lambda0,0.1651834816518348,False,28
algebra2005,concept,simplekt,3,concept_aware_eb,isotonic,0.0027392177305856557,0.003212284394119809,-0.00047306666353415325,-0.0018849069857494966,0.0023918710381342504,0.9751024897510249,1000.0,114,concept|f3|concept_aware_eb,1.0,False,28
algebra2005,concept,simplekt,3,difficulty_bucket,isotonic,0.0033615883832116477,0.003212284394119809,0.00014930398909183875,-0.0002148575387830753,0.0003825946065387193,0.8085191480851914,1000.0,114,concept|f3|difficulty_bucket,1.0,False,28
algebra2005,concept,simplekt,4,none,isotonic,0.01777508933794809,0.004129153977666996,0.013645935360281095,0.0015130118117262367,0.019205870919144455,0.0287971202879712,5000.0,114,concept|f4|none,0.2015798420157984,False,28
algebra2005,concept,simplekt,4,concept_aware_lambda0,isotonic,0.005594994570622282,0.004129153977666996,0.001465840592955286,-0.0007662028004314568,0.004031375482152843,0.2323767623237676,5000.0,114,concept|f4|concept_aware_lambda0,0.5789421057894211,False,28
algebra2005,concept,simplekt,4,concept_aware_eb,isotonic,0.004354152810750681,0.004129153977666996,0.00022499883308368506,-0.0010991271252117712,0.000984898342161977,0.8103189681031897,5000.0,114,concept|f4|concept_aware_eb,1.0,False,28
algebra2005,concept,simplekt,4,difficulty_bucket,isotonic,0.0041630081137129125,0.004129153977666996,3.385413604591655e-05,-0.000599378400900378,0.00041825304295551956,0.5871412858714129,5000.0,114,concept|f4|difficulty_bucket,1.0,False,28
assist2009,concept,dkt,0,none,isotonic,0.007414167955992682,0.009417894153786532,-0.00200372619779385,-0.0046688766463927915,0.002190949340953634,0.3163683631636836,5000.0,770,concept|f0|none,0.9491050894910509,False,28
assist2009,concept,dkt,0,concept_aware_lambda0,isotonic,0.015358643491545148,0.009417894153786532,0.005940749337758617,0.002239898018969251,0.009887733447607064,0.0027997200279972004,5000.0,770,concept|f0|concept_aware_lambda0,0.025197480251974803,True,28
assist2009,concept,dkt,0,concept_aware_eb,isotonic,0.009815394301981433,0.009417894153786532,0.0003975001481949011,-0.0005223621902069469,0.0013353067104190574,0.23717628237176283,5000.0,770,concept|f0|concept_aware_eb,1.0,False,28
assist2009,concept,dkt,0,difficulty_bucket,isotonic,0.009398755434458447,0.009417894153786532,-1.9138719328085085e-05,-0.0005268051946217655,0.00014119594367115087,0.47235276472352766,5000.0,770,concept|f0|difficulty_bucket,1.0,False,28
assist2009,concept,dkt,1,none,isotonic,0.008644893486503342,0.012392594600446994,-0.0037477011139436522,-0.012569277824286369,0.006738613774192166,0.5595440455954405,5000.0,770,concept|f1|none,1.0,False,28
assist2009,concept,dkt,1,concept_aware_lambda0,isotonic,0.01769666423583375,0.012392594600446994,0.005304069635386755,0.0027389009714306515,0.008183288719260811,0.000999900009999,5000.0,770,concept|f1|concept_aware_lambda0,0.00999900009999,True,28
assist2009,concept,dkt,1,concept_aware_eb,isotonic,0.0138284775880789,0.012392594600446994,0.0014358829876319062,-0.0004965411799371824,0.001899502970326341,0.09419058094190581,5000.0,770,concept|f1|concept_aware_eb,1.0,False,28
assist2009,concept,dkt,1,difficulty_bucket,isotonic,0.01239053371571343,0.012392594600446994,-2.0608847335640973e-06,-0.0001725873648945369,0.00022743122531983,0.9405059494050595,5000.0,770,concept|f1|difficulty_bucket,1.0,False,28
assist2009,concept,dkt,2,none,isotonic,0.010021374641505458,0.011096229315564081,-0.0010748546740586232,-0.002703790529792946,0.002828268504962869,0.45035496450354967,1000.0,770,concept|f2|none,1.0,False,28
assist2009,concept,dkt,2,concept_aware_lambda0,isotonic,0.019550946609971545,0.011096229315564081,0.008454717294407464,0.0064232739563510974,0.012133254449209084,0.00019998000199980003,1000.0,770,concept|f2|concept_aware_lambda0,0.005599440055994401,True,28
assist2009,concept,dkt,2,concept_aware_eb,isotonic,0.012541986696872202,0.011096229315564081,0.0014457573813081211,0.00016153761458798725,0.003139560800746543,0.026597340265973404,1000.0,770,concept|f2|concept_aware_eb,0.7447255274472553,False,28
assist2009,concept,dkt,2,difficulty_bucket,isotonic,0.011060990005508815,0.011096229315564081,-3.5239310055265594e-05,-0.0002636439841851675,0.00032623075692329444,0.5447455254474552,1000.0,770,concept|f2|difficulty_bucket,1.0,False,28
assist2009,concept,dkt,3,none,isotonic,0.0070721255327803705,0.011735547916745786,-0.004663422383965415,-0.006174262949228598,0.0014914616571277727,0.14878512148785122,5000.0,770,concept|f3|none,0.8927107289271073,False,28
assist2009,concept,dkt,3,concept_aware_lambda0,isotonic,0.01941785826654715,0.011735547916745786,0.007682310349801363,0.00499873717354825,0.010485009780385133,0.00019998000199980003,5000.0,770,concept|f3|concept_aware_lambda0,0.005599440055994401,True,28
assist2009,concept,dkt,3,concept_aware_eb,isotonic,0.011830633589204605,0.011735547916745786,9.508567245881949e-05,-0.0009165832934511448,0.0012049851765740683,0.9965003499650035,5000.0,770,concept|f3|concept_aware_eb,1.0,False,28
assist2009,concept,dkt,3,difficulty_bucket,isotonic,0.011776927909675659,0.011735547916745786,4.1379992929873113e-05,-0.0003635036235638822,0.0009719031880404754,0.3531646835316468,5000.0,770,concept|f3|difficulty_bucket,1.0,False,28
assist2009,concept,dkt,4,none,isotonic,0.01264908009171397,0.006738685897324672,0.005910394194389297,0.0026306630511494997,0.008089456555772973,0.0023997600239976003,5000.0,770,concept|f4|none,0.021597840215978402,True,28
assist2009,concept,dkt,4,concept_aware_lambda0,isotonic,0.014807576059520787,0.006738685897324672,0.008068890162196115,0.00251050174861201,0.011200702160776921,0.004399560043995601,5000.0,770,concept|f4|concept_aware_lambda0,0.030796920307969204,True,28
assist2009,concept,dkt,4,concept_aware_eb,isotonic,0.00699573247249688,0.006738685897324672,0.00025704657517220796,-0.0008337980194825022,0.002075816218029574,0.35276472352764726,5000.0,770,concept|f4|concept_aware_eb,1.0,False,28
assist2009,concept,dkt,4,difficulty_bucket,isotonic,0.006549141057056342,0.006738685897324672,-0.00018954484026833043,-0.0004553495983603721,0.00031234672230918525,0.5931406859314069,5000.0,770,concept|f4|difficulty_bucket,1.0,False,28
assist2009,concept,sakt,0,none,isotonic,0.04015854801080865,0.010047348576907584,0.030111199433901066,0.02148176095403631,0.0346484844077445,0.00019998000199980003,1000.0,770,concept|f0|none,0.005599440055994401,True,28
assist2009,concept,sakt,0,concept_aware_lambda0,isotonic,0.020728899557229664,0.010047348576907584,0.01068155098032208,0.0062455990422204104,0.014401138806810406,0.00019998000199980003,1000.0,770,concept|f0|concept_aware_lambda0,0.005599440055994401,True,28
assist2009,concept,sakt,0,concept_aware_eb,isotonic,0.014661699826622214,0.010047348576907584,0.00461435124971463,0.001384577666570154,0.006353927819424826,0.007799220077992201,1000.0,770,concept|f0|concept_aware_eb,0.21837816218378164,False,28
assist2009,concept,sakt,0,difficulty_bucket,isotonic,0.01012527713785758,0.010047348576907584,7.79285609499962e-05,-0.0010585377228271668,0.0008159994773584614,0.9043095690430957,1000.0,770,concept|f0|difficulty_bucket,1.0,False,28
assist2009,concept,sakt,1,none,isotonic,0.04249956474733232,0.009272738106951261,0.033226826640381055,0.026705080469066833,0.03718733138703147,0.00019998000199980003,5000.0,770,concept|f1|none,0.005599440055994401,True,28
assist2009,concept,sakt,1,concept_aware_lambda0,isotonic,0.020910029159363016,0.009272738106951261,0.011637291052411755,0.007300626332768679,0.01629867279289456,0.00019998000199980003,5000.0,770,concept|f1|concept_aware_lambda0,0.005599440055994401,True,28
assist2009,concept,sakt,1,concept_aware_eb,isotonic,0.01122626427093513,0.009272738106951261,0.0019535261639838687,-0.00036676056043432963,0.0024026699664285735,0.09479052094790522,5000.0,770,concept|f1|concept_aware_eb,1.0,False,28
assist2009,concept,sakt,1,difficulty_bucket,isotonic,0.009280344758738264,0.009272738106951261,7.606651787003121e-06,-0.0009194933187162803,0.00022605315955354164,0.7955204479552045,5000.0,770,concept|f1|difficulty_bucket,1.0,False,28
assist2009,concept,sakt,2,none,isotonic,0.03825182835630443,0.012917450556114088,0.025334377800190343,0.02218078905543848,0.028198771029037353,0.00019998000199980003,inf,770,concept|f2|none,0.005599440055994401,True,28
assist2009,concept,sakt,2,concept_aware_lambda0,isotonic,0.02722063579841576,0.012917450556114088,0.014303185242301673,0.011420913044465696,0.016904068734779773,0.00019998000199980003,inf,770,concept|f2|concept_aware_lambda0,0.005599440055994401,True,28
assist2009,concept,sakt,2,concept_aware_eb,isotonic,0.012917450556114088,0.012917450556114088,0.0,0.0,0.0,1.0,inf,770,concept|f2|concept_aware_eb,1.0,False,28
assist2009,concept,sakt,2,difficulty_bucket,isotonic,0.013000429214242583,0.012917450556114088,8.297865812849532e-05,-0.0003222118931625447,0.00023487109746063453,0.6071392860713929,inf,770,concept|f2|difficulty_bucket,1.0,False,28
assist2009,concept,sakt,3,none,isotonic,0.04516834967189442,0.009497674172773833,0.035670675499120584,0.029438549246174842,0.03800917981114971,0.00019998000199980003,100000.0,770,concept|f3|none,0.005599440055994401,True,28
assist2009,concept,sakt,3,concept_aware_lambda0,isotonic,0.0193840758746926,0.009497674172773833,0.009886401701918767,0.005664839942336956,0.01584426951216065,0.00019998000199980003,100000.0,770,concept|f3|concept_aware_lambda0,0.005599440055994401,True,28
assist2009,concept,sakt,3,concept_aware_eb,isotonic,0.009546644760065184,0.009497674172773833,4.897058729135158e-05,-0.0002827769083421739,0.0004970642861416376,0.8683131686831317,100000.0,770,concept|f3|concept_aware_eb,1.0,False,28
assist2009,concept,sakt,3,difficulty_bucket,isotonic,0.00947230550780729,0.009497674172773833,-2.5368664966543206e-05,-0.00016875155750616599,0.0005969656090557742,0.9721027897210279,100000.0,770,concept|f3|difficulty_bucket,1.0,False,28
assist2009,concept,sakt,4,none,isotonic,0.033467823304739054,0.009194434244967936,0.024273389059771118,0.016921619498440288,0.026382926447601197,0.00019998000199980003,5000.0,770,concept|f4|none,0.005599440055994401,True,28
assist2009,concept,sakt,4,concept_aware_lambda0,isotonic,0.018107863896030165,0.009194434244967936,0.008913429651062229,0.005014734841891271,0.012280794530043953,0.000999900009999,5000.0,770,concept|f4|concept_aware_lambda0,0.013998600139986002,True,28
assist2009,concept,sakt,4,concept_aware_eb,isotonic,0.009088334650928932,0.009194434244967936,-0.00010609959403900387,-0.0025138198944693953,0.0010532814518422445,0.8155184481551845,5000.0,770,concept|f4|concept_aware_eb,1.0,False,28
assist2009,concept,sakt,4,difficulty_bucket,isotonic,0.009279959908500475,0.009194434244967936,8.552566353253917e-05,-0.00044761230666098427,0.000390349017396287,0.8599140085991401,5000.0,770,concept|f4|difficulty_bucket,1.0,False,28
assist2009,concept,akt,0,none,isotonic,0.010144944341557658,0.007887645057344302,0.0022572992842133568,-0.001907634975293245,0.005688622860787936,0.35976402359764026,1000.0,770,concept|f0|none,0.9491050894910509,False,28
assist2009,concept,akt,0,concept_aware_lambda0,isotonic,0.01737331946679816,0.007887645057344302,0.00948567440945386,0.0053562552776855385,0.011970105583368024,0.00019998000199980003,1000.0,770,concept|f0|concept_aware_lambda0,0.005599440055994401,True,28
assist2009,concept,akt,0,concept_aware_eb,isotonic,0.010990687224918264,0.007887645057344302,0.003103042167573962,-0.00013783036578312474,0.004065759594138631,0.06179382061793821,1000.0,770,concept|f0|concept_aware_eb,1.0,False,28
assist2009,concept,akt,0,difficulty_bucket,isotonic,0.007833236537824226,0.007887645057344302,-5.440851952007511e-05,-0.0005345024441195198,0.00015222072733164855,0.5331466853314668,1000.0,770,concept|f0|difficulty_bucket,1.0,False,28
assist2009,concept,akt,1,none,isotonic,0.006168805380620897,0.010009683579694553,-0.003840878199073656,-0.005698307244166148,0.0014707860924962348,0.18618138186181382,5000.0,770,concept|f1|none,1.0,False,28
assist2009,concept,akt,1,concept_aware_lambda0,isotonic,0.017530839508216284,0.010009683579694553,0.007521155928521732,0.0038777894050307806,0.010720764164049183,0.0007999200079992001,5000.0,770,concept|f1|concept_aware_lambda0,0.008799120087991202,True,28
assist2009,concept,akt,1,concept_aware_eb,isotonic,0.011175253834064695,0.010009683579694553,0.0011655702543701425,-0.00048059874712199057,0.0018857844170616432,0.130986901309869,5000.0,770,concept|f1|concept_aware_eb,1.0,False,28
assist2009,concept,akt,1,difficulty_bucket,isotonic,0.010052749359170103,0.010009683579694553,4.3065779475550195e-05,-5.026598404615011e-05,0.0006677299669152506,0.19198080191980801,5000.0,770,concept|f1|difficulty_bucket,1.0,False,28
assist2009,concept,akt,2,none,isotonic,0.0074279251457233944,0.01103709670912499,-0.003609171563401595,-0.004589394236080644,0.0007999776555871343,0.1197880211978802,inf,770,concept|f2|none,0.8385161483851614,False,28
assist2009,concept,akt,2,concept_aware_lambda0,isotonic,0.019748915228548443,0.01103709670912499,0.008711818519423454,0.006360269556963731,0.01097276456058711,0.00019998000199980003,inf,770,concept|f2|concept_aware_lambda0,0.005599440055994401,True,28
assist2009,concept,akt,2,concept_aware_eb,isotonic,0.01103709670912499,0.01103709670912499,0.0,0.0,0.0,1.0,inf,770,concept|f2|concept_aware_eb,1.0,False,28
assist2009,concept,akt,2,difficulty_bucket,isotonic,0.011113741560514444,0.01103709670912499,7.664485138945444e-05,-0.00011598277796884424,0.0005404498197299816,0.09859014098590141,inf,770,concept|f2|difficulty_bucket,1.0,False,28
assist2009,concept,akt,3,none,isotonic,0.007119898870692492,0.011482638242464968,-0.0043627393717724765,-0.007164578550768892,0.00100534906173752,0.1141885811418858,100000.0,770,concept|f3|none,0.7993200679932007,False,28
assist2009,concept,akt,3,concept_aware_lambda0,isotonic,0.01965284371301694,0.011482638242464968,0.008170205470551972,0.00582561747244353,0.010943179728419725,0.00019998000199980003,100000.0,770,concept|f3|concept_aware_lambda0,0.005599440055994401,True,28
assist2009,concept,akt,3,concept_aware_eb,isotonic,0.011488865789891261,0.011482638242464968,6.2275474262928066e-06,-0.00013202611524430494,0.00046890003014009876,0.6133386661333866,100000.0,770,concept|f3|concept_aware_eb,1.0,False,28
assist2009,concept,akt,3,difficulty_bucket,isotonic,0.011577565712700761,0.011482638242464968,9.492747023579287e-05,-0.000163429195917655,0.0003482183508247499,0.146985301469853,100000.0,770,concept|f3|difficulty_bucket,1.0,False,28
assist2009,concept,akt,4,none,isotonic,0.019155259687143166,0.006170731862992517,0.01298452782415065,0.007297606801415154,0.013926840336233186,0.00019998000199980003,1000.0,770,concept|f4|none,0.005599440055994401,True,28
assist2009,concept,akt,4,concept_aware_lambda0,isotonic,0.013457583464621557,0.006170731862992517,0.0072868516016290396,0.0034780212627328927,0.010705084838603121,0.001999800019998,1000.0,770,concept|f4|concept_aware_lambda0,0.023997600239976002,True,28
assist2009,concept,akt,4,concept_aware_eb,isotonic,0.007409106788864161,0.006170731862992517,0.0012383749258716437,-0.0006839090617382588,0.003364313406526922,0.1473852614738526,1000.0,770,concept|f4|concept_aware_eb,1.0,False,28
assist2009,concept,akt,4,difficulty_bucket,isotonic,0.0060952272582708664,0.006170731862992517,-7.55046047216509e-05,-0.00027672629183883785,0.0004723007887963726,0.8655134486551345,1000.0,770,concept|f4|difficulty_bucket,1.0,False,28
assist2009,concept,simplekt,0,none,isotonic,0.055354763466805575,0.0089113230670583,0.04644344039974727,0.04049924847572587,0.048688464518266146,0.00019998000199980003,inf,770,concept|f0|none,0.005599440055994401,True,28
assist2009,concept,simplekt,0,concept_aware_lambda0,isotonic,0.01535156119965011,0.0089113230670583,0.00644023813259181,0.0028915760070611636,0.00924378281013097,0.0011998800119988001,inf,770,concept|f0|concept_aware_lambda0,0.014398560143985602,True,28
assist2009,concept,simplekt,0,concept_aware_eb,isotonic,0.0089113230670583,0.0089113230670583,0.0,0.0,0.0,1.0,inf,770,concept|f0|concept_aware_eb,1.0,False,28
assist2009,concept,simplekt,0,difficulty_bucket,isotonic,0.009445515041774065,0.0089113230670583,0.0005341919747157645,-0.00052972089750099,0.0011752800744985522,0.2343765623437656,inf,770,concept|f0|difficulty_bucket,1.0,False,28
assist2009,concept,simplekt,1,none,isotonic,0.09806807461820578,0.014142313464093729,0.08392576115411206,0.07571372731255084,0.09105142108562571,0.00019998000199980003,100000.0,770,concept|f1|none,0.005599440055994401,True,28
assist2009,concept,simplekt,1,concept_aware_lambda0,isotonic,0.018177342870113085,0.014142313464093729,0.004035029406019356,0.0006382119913804829,0.007800031158577006,0.024797520247975203,100000.0,770,concept|f1|concept_aware_lambda0,0.1735826417358264,False,28
assist2009,concept,simplekt,1,concept_aware_eb,isotonic,0.014127229747954828,0.014142313464093729,-1.5083716138900721e-05,-8.258542653103474e-05,0.0002471581882037018,0.9513048695130487,100000.0,770,concept|f1|concept_aware_eb,1.0,False,28
assist2009,concept,simplekt,1,difficulty_bucket,isotonic,0.013734575948577996,0.014142313464093729,-0.00040773751551573256,-0.00075466162524269,0.00010213801806401119,0.4487551244875512,100000.0,770,concept|f1|difficulty_bucket,1.0,False,28
assist2009,concept,simplekt,2,none,isotonic,0.011859834272036011,0.01310922076198847,-0.0012493864899524587,-0.012517962954571936,0.009727350973275697,0.8777122287771223,5000.0,770,concept|f2|none,1.0,False,28
assist2009,concept,simplekt,2,concept_aware_lambda0,isotonic,0.020158619490458402,0.01310922076198847,0.007049398728469932,0.004325474685952848,0.01114059207101079,0.00019998000199980003,5000.0,770,concept|f2|concept_aware_lambda0,0.005599440055994401,True,28
assist2009,concept,simplekt,2,concept_aware_eb,isotonic,0.013856940673968053,0.01310922076198847,0.000747719911979583,-0.00029298593728797743,0.001945144943020672,0.1277872212778722,5000.0,770,concept|f2|concept_aware_eb,1.0,False,28
assist2009,concept,simplekt,2,difficulty_bucket,isotonic,0.013263633128474936,0.01310922076198847,0.00015441236648646578,-0.000594969219062935,0.00030134096180361005,0.37996200379962003,5000.0,770,concept|f2|difficulty_bucket,1.0,False,28
assist2009,concept,simplekt,3,none,isotonic,0.03321059344688673,0.01293019119429182,0.020280402252594913,0.011947910152922216,0.027803812600923558,0.00019998000199980003,100000.0,770,concept|f3|none,0.005599440055994401,True,28
assist2009,concept,simplekt,3,concept_aware_lambda0,isotonic,0.018622153336639028,0.01293019119429182,0.005691962142347209,0.002463254444477162,0.010029459238256967,0.001999800019998,100000.0,770,concept|f3|concept_aware_lambda0,0.027997200279972004,True,28
assist2009,concept,simplekt,3,concept_aware_eb,isotonic,0.012780185355037586,0.01293019119429182,-0.00015000583925423375,-0.00019250967816133863,-1.831438767884967e-05,0.0231976802319768,100000.0,770,concept|f3|concept_aware_eb,0.6495350464953504,False,28
assist2009,concept,simplekt,3,difficulty_bucket,isotonic,0.012413500684528395,0.01293019119429182,-0.0005166905097634244,-0.0010449272012903316,-2.3735772947164867e-05,0.023397660233976603,100000.0,770,concept|f3|difficulty_bucket,0.6551344865513449,False,28
assist2009,concept,simplekt,4,none,isotonic,0.08653906019980608,0.007397662706468434,0.07914139749333764,0.07074933041949187,0.08339256691842883,0.00019998000199980003,inf,770,concept|f4|none,0.005599440055994401,True,28
assist2009,concept,simplekt,4,concept_aware_lambda0,isotonic,0.012981562932243217,0.007397662706468434,0.005583900225774783,-0.0004591271778368854,0.009276192522912449,0.07079292070792921,inf,770,concept|f4|concept_aware_lambda0,0.28317168283171684,False,28
assist2009,concept,simplekt,4,concept_aware_eb,isotonic,0.007397662706468434,0.007397662706468434,0.0,0.0,0.0,1.0,inf,770,concept|f4|concept_aware_eb,1.0,False,28
assist2009,concept,simplekt,4,difficulty_bucket,isotonic,0.007439369875279165,0.007397662706468434,4.1707168810730354e-05,-0.00042942489803912974,0.00048708816781180514,0.9577042295770423,inf,770,concept|f4|difficulty_bucket,1.0,False,28
assist2012,concept,dkt,0,none,isotonic,0.00733443958922635,0.0018169537277223755,0.005517485861503975,0.002624714587238914,0.007098710313965584,0.00039996000399960006,inf,5497,concept|f0|none,0.005599440055994401,True,28
assist2012,concept,dkt,0,concept_aware_lambda0,isotonic,0.0045404655157399235,0.0018169537277223755,0.002723511788017548,0.0010812687625550456,0.0041323610523972066,0.0005999400059994001,inf,5497,concept|f0|concept_aware_lambda0,0.008399160083991601,True,28
assist2012,concept,dkt,0,concept_aware_eb,isotonic,0.0018169537277223755,0.0018169537277223755,0.0,0.0,0.0,1.0,inf,5497,concept|f0|concept_aware_eb,1.0,False,28
assist2012,concept,dkt,0,difficulty_bucket,isotonic,0.0016415260657604055,0.0018169537277223755,-0.00017542766196196997,-0.00026141126941711147,6.202105588824216e-05,0.2705729427057294,inf,5497,concept|f0|difficulty_bucket,1.0,False,28
assist2012,concept,dkt,1,none,isotonic,0.004062615311561589,0.0023389932651084896,0.0017236220464530998,-0.0014111542666231309,0.004177499440223449,0.28417158284171584,100000.0,5497,concept|f1|none,1.0,False,28
assist2012,concept,dkt,1,concept_aware_lambda0,isotonic,0.006609177291802008,0.0023389932651084896,0.004270184026693519,0.003231367148012718,0.00498107693128138,0.00019998000199980003,100000.0,5497,concept|f1|concept_aware_lambda0,0.005599440055994401,True,28
assist2012,concept,dkt,1,concept_aware_eb,isotonic,0.0022757434190578446,0.0023389932651084896,-6.324984605064494e-05,-0.00048699613766277247,0.0003379265562761713,0.8797120287971203,100000.0,5497,concept|f1|concept_aware_eb,1.0,False,28
assist2012,concept,dkt,1,difficulty_bucket,isotonic,0.002345029965473727,0.0023389932651084896,6.036700365237221e-06,-2.5321944885958955e-05,6.549469255640836e-05,0.49535046495350465,100000.0,5497,concept|f1|difficulty_bucket,1.0,False,28
assist2012,concept,dkt,2,none,isotonic,0.003411174189277672,0.00205412019124708,0.0013570539980305922,1.568563569569477e-05,0.0021250560470607344,0.047995200479952004,100000.0,5497,concept|f2|none,0.38396160383961603,False,28
assist2012,concept,dkt,2,concept_aware_lambda0,isotonic,0.0069161004815838385,0.00205412019124708,0.004861980290336758,0.0031790720558173826,0.005197039949689458,0.00019998000199980003,100000.0,5497,concept|f2|concept_aware_lambda0,0.005599440055994401,True,28
assist2012,concept,dkt,2,concept_aware_eb,isotonic,0.0020971111819385975,0.00205412019124708,4.2990990691517666e-05,-0.00019779423505188396,0.00031788389982026114,0.5641435856414359,100000.0,5497,concept|f2|concept_aware_eb,1.0,False,28
assist2012,concept,dkt,2,difficulty_bucket,isotonic,0.0020687755443675768,0.00205412019124708,1.4655353120496956e-05,-5.8495959761810216e-05,7.92330317102003e-05,0.43575642435756423,100000.0,5497,concept|f2|difficulty_bucket,1.0,False,28
assist2012,concept,dkt,3,none,isotonic,0.0027990982008084305,0.0019205243690118088,0.0008785738317966217,-0.0007009221307398818,0.0016271153220666758,0.26517348265173485,100000.0,5497,concept|f3|none,1.0,False,28
assist2012,concept,dkt,3,concept_aware_lambda0,isotonic,0.006276117565676644,0.0019205243690118088,0.004355593196664835,0.0028030835145478774,0.0050004799060719566,0.00019998000199980003,100000.0,5497,concept|f3|concept_aware_lambda0,0.005599440055994401,True,28
assist2012,concept,dkt,3,concept_aware_eb,isotonic,0.0020287140659947032,0.0019205243690118088,0.00010818969698289443,-5.402340354011517e-05,0.0002656431119595972,0.17918208179182082,100000.0,5497,concept|f3|concept_aware_eb,1.0,False,28
assist2012,concept,dkt,3,difficulty_bucket,isotonic,0.0019486382681052437,0.0019205243690118088,2.811389909343487e-05,-0.00011135332987487294,0.00014073687789532843,0.5523447655234477,100000.0,5497,concept|f3|difficulty_bucket,1.0,False,28
assist2012,concept,dkt,4,none,isotonic,0.010044976934628259,0.002033991872261407,0.008010985062366853,0.005783458077253254,0.009488954962842466,0.00019998000199980003,5000.0,5497,concept|f4|none,0.005599440055994401,True,28
assist2012,concept,dkt,4,concept_aware_lambda0,isotonic,0.006274823064960261,0.002033991872261407,0.004240831192698854,0.00273508445615897,0.005371470125809558,0.00019998000199980003,5000.0,5497,concept|f4|concept_aware_lambda0,0.005599440055994401,True,28
assist2012,concept,dkt,4,concept_aware_eb,isotonic,0.002284656908116901,0.002033991872261407,0.0002506650358554941,-0.0008161543502793526,0.0016042897880320349,0.5303469653034697,5000.0,5497,concept|f4|concept_aware_eb,1.0,False,28
assist2012,concept,dkt,4,difficulty_bucket,isotonic,0.002034129287416463,0.002033991872261407,1.3741515505604623e-07,-3.787830114827538e-05,3.6422612975841226e-05,0.9725027497250275,5000.0,5497,concept|f4|difficulty_bucket,1.0,False,28
assist2012,concept,sakt,0,none,isotonic,0.007014077722941315,0.0014683367936787607,0.0055457409292625545,0.002975500498833275,0.007077371740145414,0.00019998000199980003,inf,5497,concept|f0|none,0.005599440055994401,True,28
assist2012,concept,sakt,0,concept_aware_lambda0,isotonic,0.005693655582626395,0.0014683367936787607,0.004225318788947634,0.0021943734019562685,0.00529293413987007,0.00019998000199980003,inf,5497,concept|f0|concept_aware_lambda0,0.005599440055994401,True,28
assist2012,concept,sakt,0,concept_aware_eb,isotonic,0.0014683367936787607,0.0014683367936787607,0.0,0.0,0.0,1.0,inf,5497,concept|f0|concept_aware_eb,1.0,False,28
assist2012,concept,sakt,0,difficulty_bucket,isotonic,0.0013934610955120025,0.0014683367936787607,-7.48756981667582e-05,-0.00015218496594186716,0.00014884426624466718,0.6967303269673033,inf,5497,concept|f0|difficulty_bucket,1.0,False,28
assist2012,concept,sakt,1,none,isotonic,0.012012684953517152,0.0031506238818682386,0.008862061071648913,0.00781858881389367,0.009010298388754343,0.00019998000199980003,inf,5497,concept|f1|none,0.005599440055994401,True,28
assist2012,concept,sakt,1,concept_aware_lambda0,isotonic,0.00779360161002929,0.0031506238818682386,0.004642977728161052,0.0036651089749814656,0.005301784032436986,0.00019998000199980003,inf,5497,concept|f1|concept_aware_lambda0,0.005599440055994401,True,28
assist2012,concept,sakt,1,concept_aware_eb,isotonic,0.0031506238818682386,0.0031506238818682386,0.0,0.0,0.0,1.0,inf,5497,concept|f1|concept_aware_eb,1.0,False,28
assist2012,concept,sakt,1,difficulty_bucket,isotonic,0.003171435549230866,0.0031506238818682386,2.081166736262732e-05,-1.0204289437046537e-05,0.00010902643967021184,0.12138786121387861,inf,5497,concept|f1|difficulty_bucket,1.0,False,28
assist2012,concept,sakt,2,none,isotonic,0.00930167440183071,0.003691685417274694,0.005609988984556016,0.0034865130322292025,0.00673908876361224,0.00019998000199980003,inf,5497,concept|f2|none,0.005599440055994401,True,28
assist2012,concept,sakt,2,concept_aware_lambda0,isotonic,0.006981166541382641,0.003691685417274694,0.0032894811241079474,0.0015665665811510222,0.004506872331784472,0.00039996000399960006,inf,5497,concept|f2|concept_aware_lambda0,0.005599440055994401,True,28
assist2012,concept,sakt,2,concept_aware_eb,isotonic,0.003691685417274694,0.003691685417274694,0.0,0.0,0.0,1.0,inf,5497,concept|f2|concept_aware_eb,1.0,False,28
assist2012,concept,sakt,2,difficulty_bucket,isotonic,0.0037205689822542884,0.003691685417274694,2.8883564979594305e-05,-0.000107108415981854,0.00019137829598183008,0.5183481651834817,inf,5497,concept|f2|difficulty_bucket,1.0,False,28
assist2012,concept,sakt,3,none,isotonic,0.007886583676008288,0.0036388544452540398,0.004247729230754249,0.002593937595993494,0.005347256310642089,0.00019998000199980003,inf,5497,concept|f3|none,0.005599440055994401,True,28
assist2012,concept,sakt,3,concept_aware_lambda0,isotonic,0.007892374684813026,0.0036388544452540398,0.004253520239558987,0.0028138644507396046,0.0054203277337414235,0.00019998000199980003,inf,5497,concept|f3|concept_aware_lambda0,0.005599440055994401,True,28
assist2012,concept,sakt,3,concept_aware_eb,isotonic,0.0036388544452540398,0.0036388544452540398,0.0,0.0,0.0,1.0,inf,5497,concept|f3|concept_aware_eb,1.0,False,28
assist2012,concept,sakt,3,difficulty_bucket,isotonic,0.003743931728921404,0.0036388544452540398,0.0001050772836673642,-1.74363968705485e-07,0.00017804772229044425,0.051594840515948405,inf,5497,concept|f3|difficulty_bucket,1.0,False,28
assist2012,concept,sakt,4,none,isotonic,0.025628893930610058,0.0014704403236961716,0.024158453606913887,0.020953725363858373,0.02485888493322288,0.00019998000199980003,5000.0,5497,concept|f4|none,0.005599440055994401,True,28
assist2012,concept,sakt,4,concept_aware_lambda0,isotonic,0.006652235961193186,0.0014704403236961716,0.005181795637497015,0.002729236404016805,0.0060829012401675325,0.00019998000199980003,5000.0,5497,concept|f4|concept_aware_lambda0,0.005599440055994401,True,28
assist2012,concept,sakt,4,concept_aware_eb,isotonic,0.0021474195475980136,0.0014704403236961716,0.000676979223901842,-0.0011354422786956334,0.001575857313167522,0.5811418858114189,5000.0,5497,concept|f4|concept_aware_eb,1.0,False,28
assist2012,concept,sakt,4,difficulty_bucket,isotonic,0.001492247288967816,0.0014704403236961716,2.180696527164438e-05,-9.061713363457329e-05,0.00011897135347973274,0.688931106889311,5000.0,5497,concept|f4|difficulty_bucket,1.0,False,28
assist2012,concept,akt,0,none,isotonic,0.014982328060999452,0.001851211951803164,0.013131116109196287,0.010573852334423891,0.014317368213809533,0.00019998000199980003,5000.0,5497,concept|f0|none,0.005599440055994401,True,28
assist2012,concept,akt,0,concept_aware_lambda0,isotonic,0.0038512490172526157,0.001851211951803164,0.002000037065449452,0.0005005730039028614,0.003326469321827801,0.0115988401159884,5000.0,5497,concept|f0|concept_aware_lambda0,0.07839216078392161,False,28
assist2012,concept,akt,0,concept_aware_eb,isotonic,0.0022196110430173694,0.001851211951803164,0.0003683990912142054,-0.0008317401264381863,0.0008982384672771128,0.7283271672832716,5000.0,5497,concept|f0|concept_aware_eb,1.0,False,28
assist2012,concept,akt,0,difficulty_bucket,isotonic,0.00166534011837623,0.001851211951803164,-0.00018587183342693402,-0.00033173194838897444,9.550383584173422e-05,0.2575742425757424,5000.0,5497,concept|f0|difficulty_bucket,1.0,False,28
assist2012,concept,akt,1,none,isotonic,0.014893701045132421,0.002768246083518108,0.012125454961614313,0.01000991421329531,0.013126346117151305,0.00019998000199980003,inf,5497,concept|f1|none,0.005599440055994401,True,28
assist2012,concept,akt,1,concept_aware_lambda0,isotonic,0.005773094861797626,0.002768246083518108,0.0030048487782795177,0.0013864247607516104,0.00417180498281343,0.0005999400059994001,inf,5497,concept|f1|concept_aware_lambda0,0.007199280071992801,True,28
assist2012,concept,akt,1,concept_aware_eb,isotonic,0.002768246083518108,0.002768246083518108,0.0,0.0,0.0,1.0,inf,5497,concept|f1|concept_aware_eb,1.0,False,28
assist2012,concept,akt,1,difficulty_bucket,isotonic,0.0023682010534845244,0.002768246083518108,-0.0004000450300335836,-0.0005951266520916797,0.00019151606053183494,0.25577442255774424,inf,5497,concept|f1|difficulty_bucket,1.0,False,28
assist2012,concept,akt,2,none,isotonic,0.014594792535657547,0.002125104448225432,0.012469688087432115,0.010535991581587974,0.013287936093048566,0.00019998000199980003,inf,5497,concept|f2|none,0.005599440055994401,True,28
assist2012,concept,akt,2,concept_aware_lambda0,isotonic,0.00519240006328922,0.002125104448225432,0.003067295615063788,0.0016729436849800075,0.003863460620779143,0.00019998000199980003,inf,5497,concept|f2|concept_aware_lambda0,0.005599440055994401,True,28
assist2012,concept,akt,2,concept_aware_eb,isotonic,0.002125104448225432,0.002125104448225432,0.0,0.0,0.0,1.0,inf,5497,concept|f2|concept_aware_eb,1.0,False,28
assist2012,concept,akt,2,difficulty_bucket,isotonic,0.0022416493677816425,0.002125104448225432,0.00011654491955621037,-0.00019428099524595476,0.00021120907156026524,0.6631336866313369,inf,5497,concept|f2|difficulty_bucket,1.0,False,28
assist2012,concept,akt,3,none,isotonic,0.01399390726731168,0.00219695868553471,0.01179694858177697,0.010394491869791963,0.012566673982325824,0.00019998000199980003,100000.0,5497,concept|f3|none,0.005599440055994401,True,28
assist2012,concept,akt,3,concept_aware_lambda0,isotonic,0.006289063590430971,0.00219695868553471,0.004092104904896261,0.002798332464895466,0.004903790668829089,0.00019998000199980003,100000.0,5497,concept|f3|concept_aware_lambda0,0.005599440055994401,True,28
assist2012,concept,akt,3,concept_aware_eb,isotonic,0.0025387277552350487,0.00219695868553471,0.00034176906970033883,-6.793479685285568e-05,0.0004592463273758263,0.10358964103589641,100000.0,5497,concept|f3|concept_aware_eb,1.0,False,28
assist2012,concept,akt,3,difficulty_bucket,isotonic,0.002217989142987691,0.00219695868553471,2.1030457452981318e-05,-0.0001659145888056924,0.00013341978422251575,0.6781321867813219,100000.0,5497,concept|f3|difficulty_bucket,1.0,False,28
assist2012,concept,akt,4,none,isotonic,0.012408899082193591,0.0018666050303576297,0.010542294051835962,0.008330932756885687,0.011500688794822711,0.00019998000199980003,5000.0,5497,concept|f4|none,0.005599440055994401,True,28
assist2012,concept,akt,4,concept_aware_lambda0,isotonic,0.00458786539244607,0.0018666050303576297,0.0027212603620884405,0.0008970596545884929,0.0038686144433805725,0.0021997800219978004,5000.0,5497,concept|f4|concept_aware_lambda0,0.024197580241975804,True,28
assist2012,concept,akt,4,concept_aware_eb,isotonic,0.0020545491936439842,0.0018666050303576297,0.0001879441632863545,-0.0004943616690171007,0.0008510070053532466,0.6387361263873612,5000.0,5497,concept|f4|concept_aware_eb,1.0,False,28
assist2012,concept,akt,4,difficulty_bucket,isotonic,0.001696717316894664,0.0018666050303576297,-0.00016988771346296565,-0.0002961595896351393,3.649579282111243e-05,0.14158584141585842,5000.0,5497,concept|f4|difficulty_bucket,1.0,False,28
assist2012,concept,simplekt,0,none,isotonic,0.017429344812549437,0.0017542852221148894,0.015675059590434547,0.013407889441045831,0.016250799510937195,0.00019998000199980003,inf,5497,concept|f0|none,0.005599440055994401,True,28
assist2012,concept,simplekt,0,concept_aware_lambda0,isotonic,0.004226825368775835,0.0017542852221148894,0.002472540146660946,0.0006386027922567001,0.0039053095048980613,0.0035996400359964,inf,5497,concept|f0|concept_aware_lambda0,0.0287971202879712,True,28
assist2012,concept,simplekt,0,concept_aware_eb,isotonic,0.0017542852221148894,0.0017542852221148894,0.0,0.0,0.0,1.0,inf,5497,concept|f0|concept_aware_eb,1.0,False,28
assist2012,concept,simplekt,0,difficulty_bucket,isotonic,0.0017020896473975457,0.0017542852221148894,-5.21955747173437e-05,-0.00012130971706081359,6.423879115498421e-05,0.3037696230376962,inf,5497,concept|f0|difficulty_bucket,1.0,False,28
assist2012,concept,simplekt,1,none,isotonic,0.01906458293118119,0.0015184862394203315,0.01754609669176086,0.01415458056899805,0.019068825991426213,0.00019998000199980003,inf,5497,concept|f1|none,0.005599440055994401,True,28
assist2012,concept,simplekt,1,concept_aware_lambda0,isotonic,0.0052967581654610515,0.0015184862394203315,0.00377827192604072,0.002411537777426639,0.004664124055655849,0.00019998000199980003,inf,5497,concept|f1|concept_aware_lambda0,0.005599440055994401,True,28
assist2012,concept,simplekt,1,concept_aware_eb,isotonic,0.0015184862394203315,0.0015184862394203315,0.0,0.0,0.0,1.0,inf,5497,concept|f1|concept_aware_eb,1.0,False,28
assist2012,concept,simplekt,1,difficulty_bucket,isotonic,0.0015263659357313423,0.0015184862394203315,7.87969631101072e-06,-0.0001310262686706834,0.00018090622651577718,0.7207279272072793,inf,5497,concept|f1|difficulty_bucket,1.0,False,28
assist2012,concept,simplekt,2,none,isotonic,0.00825049529158506,0.001990736129650325,0.006259759161934735,0.004262653834962535,0.007420268110562714,0.00019998000199980003,5000.0,5497,concept|f2|none,0.005599440055994401,True,28
assist2012,concept,simplekt,2,concept_aware_lambda0,isotonic,0.005234064268279313,0.001990736129650325,0.003243328138628988,0.0019486202311200114,0.004401724842473155,0.00019998000199980003,5000.0,5497,concept|f2|concept_aware_lambda0,0.005599440055994401,True,28
assist2012,concept,simplekt,2,concept_aware_eb,isotonic,0.002395063010619048,0.001990736129650325,0.0004043268809687229,-0.0007207267762734305,0.0010982173643839604,0.6191380861913809,5000.0,5497,concept|f2|concept_aware_eb,1.0,False,28
assist2012,concept,simplekt,2,difficulty_bucket,isotonic,0.001995579228032736,0.001990736129650325,4.84309838241076e-06,-8.523069037817953e-05,8.359475059945675e-05,0.8923107689231077,5000.0,5497,concept|f2|difficulty_bucket,1.0,False,28
assist2012,concept,simplekt,3,none,isotonic,0.015161573310168748,0.0026113698856726447,0.012550203424496103,0.009715991131484048,0.014003286009610844,0.00019998000199980003,100000.0,5497,concept|f3|none,0.005599440055994401,True,28
assist2012,concept,simplekt,3,concept_aware_lambda0,isotonic,0.0060848959572311675,0.0026113698856726447,0.0034735260715585228,0.0021946096333370466,0.004001518448069766,0.00019998000199980003,100000.0,5497,concept|f3|concept_aware_lambda0,0.005599440055994401,True,28
assist2012,concept,simplekt,3,concept_aware_eb,isotonic,0.002800990460037789,0.0026113698856726447,0.00018962057436514414,-0.00021425730950696542,0.0003792233608659989,0.406959304069593,100000.0,5497,concept|f3|concept_aware_eb,1.0,False,28
assist2012,concept,simplekt,3,difficulty_bucket,isotonic,0.0026637461694043758,0.0026113698856726447,5.2376283731731064e-05,-3.836492680202776e-05,0.00014287791823687978,0.2313768623137686,100000.0,5497,concept|f3|difficulty_bucket,1.0,False,28
assist2012,concept,simplekt,4,none,isotonic,0.01586400027242074,0.001384523705459907,0.01447947656696083,0.011856146977014674,0.015342041089741984,0.00019998000199980003,inf,5497,concept|f4|none,0.005599440055994401,True,28
assist2012,concept,simplekt,4,concept_aware_lambda0,isotonic,0.0051966155735640425,0.001384523705459907,0.0038120918681041355,0.002016470277665819,0.0045816624062719885,0.00019998000199980003,inf,5497,concept|f4|concept_aware_lambda0,0.005599440055994401,True,28
assist2012,concept,simplekt,4,concept_aware_eb,isotonic,0.001384523705459907,0.001384523705459907,0.0,0.0,0.0,1.0,inf,5497,concept|f4|concept_aware_eb,1.0,False,28
assist2012,concept,simplekt,4,difficulty_bucket,isotonic,0.0014477019157047182,0.001384523705459907,6.317821024481125e-05,-0.0002291064388282636,0.00010586498210410875,0.8867113288671132,inf,5497,concept|f4|difficulty_bucket,1.0,False,28
assist2015,concept,dkt,0,none,isotonic,0.010169932583917777,0.003941079160364768,0.006228853423553009,0.0026098556527298883,0.008185694353142177,0.0011998800119988001,100000.0,3818,concept|f0|none,0.011998800119988001,True,28
assist2015,concept,dkt,0,concept_aware_lambda0,isotonic,0.011961737720990647,0.003941079160364768,0.008020658560625879,0.005598088195774761,0.00955441621367685,0.00019998000199980003,100000.0,3818,concept|f0|concept_aware_lambda0,0.005599440055994401,True,28
assist2015,concept,dkt,0,concept_aware_eb,isotonic,0.004459623106207984,0.003941079160364768,0.000518543945843216,-0.00013168362287881011,0.0008703611987412506,0.16478352164783522,100000.0,3818,concept|f0|concept_aware_eb,1.0,False,28
assist2015,concept,dkt,0,difficulty_bucket,isotonic,0.00418777499268407,0.003941079160364768,0.0002466958323193028,-0.000366019183847331,0.0006051999450369742,0.41135886411358863,100000.0,3818,concept|f0|difficulty_bucket,1.0,False,28
assist2015,concept,dkt,1,none,isotonic,0.00846752448836041,0.0038106940958486327,0.004656830392511777,0.002102714803597283,0.005563944712463715,0.00019998000199980003,inf,3818,concept|f1|none,0.005599440055994401,True,28
assist2015,concept,dkt,1,concept_aware_lambda0,isotonic,0.012724807813587872,0.0038106940958486327,0.008914113717739239,0.0055864590544388824,0.01042471891454647,0.00019998000199980003,inf,3818,concept|f1|concept_aware_lambda0,0.005599440055994401,True,28
assist2015,concept,dkt,1,concept_aware_eb,isotonic,0.0038106940958486327,0.0038106940958486327,0.0,0.0,0.0,1.0,inf,3818,concept|f1|concept_aware_eb,1.0,False,28
assist2015,concept,dkt,1,difficulty_bucket,isotonic,0.003843996091566115,0.0038106940958486327,3.330199571748233e-05,-0.00034566104996396356,0.00041296453963980787,0.7545245475452454,inf,3818,concept|f1|difficulty_bucket,1.0,False,28
assist2015,concept,dkt,2,none,isotonic,0.009897714989708024,0.0048401153294741995,0.0050575996602338245,0.0010419302269769615,0.007756730260335664,0.009999000099990002,inf,3818,concept|f2|none,0.1103889611038896,False,28
assist2015,concept,dkt,2,concept_aware_lambda0,isotonic,0.01108115977142002,0.0048401153294741995,0.0062410444419458205,0.00365651506202245,0.008254121372661365,0.00019998000199980003,inf,3818,concept|f2|concept_aware_lambda0,0.005599440055994401,True,28
assist2015,concept,dkt,2,concept_aware_eb,isotonic,0.0048401153294741995,0.0048401153294741995,0.0,0.0,0.0,1.0,inf,3818,concept|f2|concept_aware_eb,1.0,False,28
assist2015,concept,dkt,2,difficulty_bucket,isotonic,0.004868052304055466,0.0048401153294741995,2.793697458126649e-05,-0.00018244485337462016,0.0007402034875920174,0.417958204179582,inf,3818,concept|f2|difficulty_bucket,1.0,False,28
assist2015,concept,dkt,3,none,isotonic,0.009877009624176886,0.002230945009480464,0.007646064614696422,0.003449644727809686,0.009526799960052299,0.00019998000199980003,inf,3818,concept|f3|none,0.005599440055994401,True,28
assist2015,concept,dkt,3,concept_aware_lambda0,isotonic,0.011298253150473428,0.002230945009480464,0.009067308140992963,0.0057563920530240825,0.009571789281024621,0.00019998000199980003,inf,3818,concept|f3|concept_aware_lambda0,0.005599440055994401,True,28
assist2015,concept,dkt,3,concept_aware_eb,isotonic,0.002230945009480464,0.002230945009480464,0.0,0.0,0.0,1.0,inf,3818,concept|f3|concept_aware_eb,1.0,False,28
assist2015,concept,dkt,3,difficulty_bucket,isotonic,0.002265737258878451,0.002230945009480464,3.479224939798714e-05,-0.0009478797100572288,0.00038746361525660044,0.7881211878812119,inf,3818,concept|f3|difficulty_bucket,1.0,False,28
assist2015,concept,dkt,4,none,isotonic,0.0060607287765950466,0.004265828009506384,0.0017949007670886629,-0.0011878658889913519,0.004729404907168132,0.2343765623437656,inf,3818,concept|f4|none,0.7927207279272073,False,28
assist2015,concept,dkt,4,concept_aware_lambda0,isotonic,0.012845639121035802,0.004265828009506384,0.008579811111529417,0.006550267943760752,0.009633673808563127,0.00019998000199980003,inf,3818,concept|f4|concept_aware_lambda0,0.005599440055994401,True,28
assist2015,concept,dkt,4,concept_aware_eb,isotonic,0.004265828009506384,0.004265828009506384,0.0,0.0,0.0,1.0,inf,3818,concept|f4|concept_aware_eb,1.0,False,28
assist2015,concept,dkt,4,difficulty_bucket,isotonic,0.004449030890235471,0.004265828009506384,0.00018320288072908725,-0.0003109190373348429,0.0005523866863593526,0.23537646235376464,inf,3818,concept|f4|difficulty_bucket,1.0,False,28
assist2015,concept,sakt,0,none,isotonic,0.01793081436119796,0.004992105592376062,0.012938708768821899,0.010069375828695146,0.015091889043444863,0.00019998000199980003,inf,3818,concept|f0|none,0.005599440055994401,True,28
assist2015,concept,sakt,0,concept_aware_lambda0,isotonic,0.011929519120377721,0.004992105592376062,0.006937413528001659,0.0037157686749633824,0.009054431701705494,0.00019998000199980003,inf,3818,concept|f0|concept_aware_lambda0,0.005599440055994401,True,28
assist2015,concept,sakt,0,concept_aware_eb,isotonic,0.004992105592376062,0.004992105592376062,0.0,0.0,0.0,1.0,inf,3818,concept|f0|concept_aware_eb,1.0,False,28
assist2015,concept,sakt,0,difficulty_bucket,isotonic,0.00505500548319851,0.004992105592376062,6.289989082244787e-05,-0.00029297804049882565,0.0005982882291046413,0.567943205679432,inf,3818,concept|f0|difficulty_bucket,1.0,False,28
assist2015,concept,sakt,1,none,isotonic,0.016210547701291333,0.004901221027233545,0.011309326674057787,0.009666406591801442,0.011878394214731377,0.00019998000199980003,inf,3818,concept|f1|none,0.005599440055994401,True,28
assist2015,concept,sakt,1,concept_aware_lambda0,isotonic,0.013605906580578685,0.004901221027233545,0.00870468555334514,0.0067046762124133765,0.010218113978955976,0.00019998000199980003,inf,3818,concept|f1|concept_aware_lambda0,0.005599440055994401,True,28
assist2015,concept,sakt,1,concept_aware_eb,isotonic,0.004901221027233545,0.004901221027233545,0.0,0.0,0.0,1.0,inf,3818,concept|f1|concept_aware_eb,1.0,False,28
assist2015,concept,sakt,1,difficulty_bucket,isotonic,0.005012702113140619,0.004901221027233545,0.00011148108590707407,-6.172153535097887e-05,0.0006811213563424458,0.06779322067793221,inf,3818,concept|f1|difficulty_bucket,1.0,False,28
assist2015,concept,sakt,2,none,isotonic,0.023231919908354035,0.006327464519325971,0.016904455389028065,0.013104251710579906,0.018257053589178767,0.00019998000199980003,inf,3818,concept|f2|none,0.005599440055994401,True,28
assist2015,concept,sakt,2,concept_aware_lambda0,isotonic,0.011866667665434864,0.006327464519325971,0.005539203146108894,0.002590951331819794,0.007669402116522308,0.00019998000199980003,inf,3818,concept|f2|concept_aware_lambda0,0.005599440055994401,True,28
assist2015,concept,sakt,2,concept_aware_eb,isotonic,0.006327464519325971,0.006327464519325971,0.0,0.0,0.0,1.0,inf,3818,concept|f2|concept_aware_eb,1.0,False,28
assist2015,concept,sakt,2,difficulty_bucket,isotonic,0.006394050830985639,0.006327464519325971,6.658631165966811e-05,-0.0009725560446566005,0.00030993176937673625,0.9215078492150784,inf,3818,concept|f2|difficulty_bucket,1.0,False,28
assist2015,concept,sakt,3,none,isotonic,0.024044089229820407,0.004115739244370199,0.01992834998545021,0.01720985341734976,0.021712046508697007,0.00019998000199980003,inf,3818,concept|f3|none,0.005599440055994401,True,28
assist2015,concept,sakt,3,concept_aware_lambda0,isotonic,0.012090348190134471,0.004115739244370199,0.007974608945764274,0.005578740911220456,0.010346214901827508,0.00019998000199980003,inf,3818,concept|f3|concept_aware_lambda0,0.005599440055994401,True,28
assist2015,concept,sakt,3,concept_aware_eb,isotonic,0.004115739244370199,0.004115739244370199,0.0,0.0,0.0,1.0,inf,3818,concept|f3|concept_aware_eb,1.0,False,28
assist2015,concept,sakt,3,difficulty_bucket,isotonic,0.004167690874468134,0.004115739244370199,5.195163009793537e-05,-0.000216232294749873,0.00020351075627543448,0.1907809219078092,inf,3818,concept|f3|difficulty_bucket,1.0,False,28
assist2015,concept,sakt,4,none,isotonic,0.018366832611838805,0.005595101316318244,0.01277173129552056,0.007713255480827368,0.015867398862937157,0.00019998000199980003,100000.0,3818,concept|f4|none,0.005599440055994401,True,28
assist2015,concept,sakt,4,concept_aware_lambda0,isotonic,0.01400682774304979,0.005595101316318244,0.008411726426731546,0.00612129732822204,0.010008253316534564,0.00019998000199980003,100000.0,3818,concept|f4|concept_aware_lambda0,0.005599440055994401,True,28
assist2015,concept,sakt,4,concept_aware_eb,isotonic,0.005693924972644493,0.005595101316318244,9.882365632624904e-05,-7.073546537523656e-05,0.0002745191850804512,0.21877812218778123,100000.0,3818,concept|f4|concept_aware_eb,1.0,False,28
assist2015,concept,sakt,4,difficulty_bucket,isotonic,0.00568226696131124,0.005595101316318244,8.71656449929958e-05,-0.00018946325871079325,0.0003446238230184713,0.5841415858414158,100000.0,3818,concept|f4|difficulty_bucket,1.0,False,28
assist2015,concept,akt,0,none,isotonic,0.010453263580218078,0.0035757968905397153,0.006877466689678362,0.00355008468553262,0.00841245519385363,0.00019998000199980003,inf,3818,concept|f0|none,0.005599440055994401,True,28
assist2015,concept,akt,0,concept_aware_lambda0,isotonic,0.0116987561214946,0.0035757968905397153,0.008122959230954884,0.004735005329897855,0.009690132694320133,0.00019998000199980003,inf,3818,concept|f0|concept_aware_lambda0,0.005599440055994401,True,28
assist2015,concept,akt,0,concept_aware_eb,isotonic,0.0035757968905397153,0.0035757968905397153,0.0,0.0,0.0,1.0,inf,3818,concept|f0|concept_aware_eb,1.0,False,28
assist2015,concept,akt,0,difficulty_bucket,isotonic,0.0035351728444965235,0.0035757968905397153,-4.0624046043191784e-05,-0.00032249690403481556,0.0003314673259572726,0.8047195280471953,inf,3818,concept|f0|difficulty_bucket,1.0,False,28
assist2015,concept,akt,1,none,isotonic,0.009313152256533374,0.0049620943189855535,0.004351057937547821,0.0034940701275849037,0.0057724143388515215,0.00019998000199980003,100000.0,3818,concept|f1|none,0.005599440055994401,True,28
assist2015,concept,akt,1,concept_aware_lambda0,isotonic,0.012827556173390882,0.0049620943189855535,0.007865461854405328,0.005793863477916413,0.009166599928924022,0.00019998000199980003,100000.0,3818,concept|f1|concept_aware_lambda0,0.005599440055994401,True,28
assist2015,concept,akt,1,concept_aware_eb,isotonic,0.005000324893735882,0.0049620943189855535,3.823057475032827e-05,2.3419844927497667e-06,7.004810434013486e-05,0.043995600439956005,100000.0,3818,concept|f1|concept_aware_eb,1.0,False,28
assist2015,concept,akt,1,difficulty_bucket,isotonic,0.005016555111228917,0.0049620943189855535,5.446079224336389e-05,-0.00010326472918427338,0.0002996795578650619,0.23297670232976703,100000.0,3818,concept|f1|difficulty_bucket,1.0,False,28
assist2015,concept,akt,2,none,isotonic,0.00801587417889812,0.00408679673242298,0.003929077446475139,0.002023745722817351,0.005841855057548572,0.0011998800119988001,inf,3818,concept|f2|none,0.016798320167983202,True,28
assist2015,concept,akt,2,concept_aware_lambda0,isotonic,0.010394184030008812,0.00408679673242298,0.006307387297585832,0.0043484922392543505,0.008430300245088309,0.00019998000199980003,inf,3818,concept|f2|concept_aware_lambda0,0.005599440055994401,True,28
assist2015,concept,akt,2,concept_aware_eb,isotonic,0.00408679673242298,0.00408679673242298,0.0,0.0,0.0,1.0,inf,3818,concept|f2|concept_aware_eb,1.0,False,28
assist2015,concept,akt,2,difficulty_bucket,isotonic,0.00420514193406968,0.00408679673242298,0.00011834520164669994,-0.0002458462813859141,0.00034447188665822823,0.5925407459254075,inf,3818,concept|f2|difficulty_bucket,1.0,False,28
assist2015,concept,akt,3,none,isotonic,0.009175667836781682,0.0034056637078867186,0.005770004128894964,0.0030960545415243093,0.00751761049114523,0.00019998000199980003,5000.0,3818,concept|f3|none,0.005599440055994401,True,28
assist2015,concept,akt,3,concept_aware_lambda0,isotonic,0.010736499077791086,0.0034056637078867186,0.0073308353699043675,0.003972062980383296,0.009053278645978134,0.00019998000199980003,5000.0,3818,concept|f3|concept_aware_lambda0,0.005599440055994401,True,28
assist2015,concept,akt,3,concept_aware_eb,isotonic,0.003531130276995765,0.0034056637078867186,0.0001254665691090462,-0.0006212527191418062,0.001417333630787229,0.4597540245975402,5000.0,3818,concept|f3|concept_aware_eb,1.0,False,28
assist2015,concept,akt,3,difficulty_bucket,isotonic,0.0033190987864962712,0.0034056637078867186,-8.656492139044736e-05,-0.0002869446956284854,0.0004083718329833466,0.9189081091890811,5000.0,3818,concept|f3|difficulty_bucket,1.0,False,28
assist2015,concept,akt,4,none,isotonic,0.009275667007387687,0.004779353907847751,0.004496313099539936,-9.194499805347937e-05,0.007810709940307511,0.055594440555944404,5000.0,3818,concept|f4|none,0.277972202779722,False,28
assist2015,concept,akt,4,concept_aware_lambda0,isotonic,0.012552835552601184,0.004779353907847751,0.0077734816447534326,0.005675851354560792,0.009398933491562012,0.00019998000199980003,5000.0,3818,concept|f4|concept_aware_lambda0,0.005599440055994401,True,28
assist2015,concept,akt,4,concept_aware_eb,isotonic,0.0056134378706740075,0.004779353907847751,0.0008340839628262564,-0.00042516842710153444,0.0015769132572523588,0.1865813418658134,5000.0,3818,concept|f4|concept_aware_eb,1.0,False,28
assist2015,concept,akt,4,difficulty_bucket,isotonic,0.005011238800091041,0.004779353907847751,0.00023188489224328958,-5.405746910258221e-05,0.00039807540463383004,0.11918808119188082,5000.0,3818,concept|f4|difficulty_bucket,1.0,False,28
assist2015,concept,simplekt,0,none,isotonic,0.027523242638697033,0.0055416724130503275,0.021981570225646705,0.01763363344815033,0.025249665695782363,0.00019998000199980003,100000.0,3818,concept|f0|none,0.005599440055994401,True,28
assist2015,concept,simplekt,0,concept_aware_lambda0,isotonic,0.01005538851151049,0.0055416724130503275,0.004513716098460163,0.001894679009936985,0.006817942957834066,0.0013998600139986002,100000.0,3818,concept|f0|concept_aware_lambda0,0.015398460153984602,True,28
assist2015,concept,simplekt,0,concept_aware_eb,isotonic,0.005573525591339496,0.0055416724130503275,3.185317828916824e-05,-0.00011974154454972334,6.744501446226524e-05,0.25417458254174585,100000.0,3818,concept|f0|concept_aware_eb,1.0,False,28
assist2015,concept,simplekt,0,difficulty_bucket,isotonic,0.0060318515374765775,0.0055416724130503275,0.00049017912442625,4.213890356634497e-05,0.0007290440085746663,0.008799120087991202,100000.0,3818,concept|f0|difficulty_bucket,0.24637536246375363,False,28
assist2015,concept,simplekt,1,none,isotonic,0.014416878456007339,0.003962887467270335,0.010453990988737004,0.005658523899807097,0.013674110962718823,0.00019998000199980003,100000.0,3818,concept|f1|none,0.005599440055994401,True,28
assist2015,concept,simplekt,1,concept_aware_lambda0,isotonic,0.010526320245521697,0.003962887467270335,0.006563432778251362,0.004299038474072407,0.008014438063393891,0.00019998000199980003,100000.0,3818,concept|f1|concept_aware_lambda0,0.005599440055994401,True,28
assist2015,concept,simplekt,1,concept_aware_eb,isotonic,0.003919342260822486,0.003962887467270335,-4.3545206447849136e-05,-0.000434015947107077,0.00014273057293980818,0.6235376462353764,100000.0,3818,concept|f1|concept_aware_eb,1.0,False,28
assist2015,concept,simplekt,1,difficulty_bucket,isotonic,0.003999927465257605,0.003962887467270335,3.7039997987270076e-05,-0.0004858810130708998,0.00022183773794331576,0.7491250874912508,100000.0,3818,concept|f1|difficulty_bucket,1.0,False,28
assist2015,concept,simplekt,2,none,isotonic,0.01449465256038645,0.005517623009457703,0.008977029550928746,0.005424209840119101,0.011455535619461709,0.00019998000199980003,inf,3818,concept|f2|none,0.005599440055994401,True,28
assist2015,concept,simplekt,2,concept_aware_lambda0,isotonic,0.011360723795275408,0.005517623009457703,0.005843100785817705,0.003893922383660725,0.0078292375096987,0.00019998000199980003,inf,3818,concept|f2|concept_aware_lambda0,0.005599440055994401,True,28
assist2015,concept,simplekt,2,concept_aware_eb,isotonic,0.005517623009457703,0.005517623009457703,0.0,0.0,0.0,1.0,inf,3818,concept|f2|concept_aware_eb,1.0,False,28
assist2015,concept,simplekt,2,difficulty_bucket,isotonic,0.005908757195266158,0.005517623009457703,0.000391134185808455,-0.0001321910717304221,0.000644826963094956,0.23917608239176083,inf,3818,concept|f2|difficulty_bucket,1.0,False,28
assist2015,concept,simplekt,3,none,isotonic,0.012932458691519533,0.006178570437210883,0.00675388825430865,0.002745685034648233,0.010569336312224408,0.000999900009999,100000.0,3818,concept|f3|none,0.015998400159984,True,28
assist2015,concept,simplekt,3,concept_aware_lambda0,isotonic,0.008225490250238394,0.006178570437210883,0.002046919813027511,-0.00048094956102613423,0.004963523765376822,0.10318968103189681,100000.0,3818,concept|f3|concept_aware_lambda0,0.36896310368963103,False,28
assist2015,concept,simplekt,3,concept_aware_eb,isotonic,0.0062301808718549165,0.006178570437210883,5.1610434644033115e-05,-3.67044576084027e-05,0.00014659432913930427,0.3711628837116288,100000.0,3818,concept|f3|concept_aware_eb,1.0,False,28
assist2015,concept,simplekt,3,difficulty_bucket,isotonic,0.0057816893586315875,0.006178570437210883,-0.0003968810785792958,-0.0012535440940160331,0.0002840500269842262,0.2703729627037296,100000.0,3818,concept|f3|difficulty_bucket,1.0,False,28
assist2015,concept,simplekt,4,none,isotonic,0.031623344135553066,0.004736402789417031,0.026886941346136034,0.022114239636026652,0.030005147227222147,0.00019998000199980003,1000.0,3818,concept|f4|none,0.005599440055994401,True,28
assist2015,concept,simplekt,4,concept_aware_lambda0,isotonic,0.012532008314109423,0.004736402789417031,0.0077956055246923926,0.005229513700199981,0.008923407196444157,0.00019998000199980003,1000.0,3818,concept|f4|concept_aware_lambda0,0.005599440055994401,True,28
assist2015,concept,simplekt,4,concept_aware_eb,isotonic,0.00613732827735382,0.004736402789417031,0.001400925487936789,0.00018259513699600205,0.002887783761748761,0.025997400259974,1000.0,3818,concept|f4|concept_aware_eb,0.7279272072792721,False,28
assist2015,concept,simplekt,4,difficulty_bucket,isotonic,0.004807593440304356,0.004736402789417031,7.119065088732543e-05,-7.350030714808133e-05,0.00023304816226662594,0.3281671832816718,1000.0,3818,concept|f4|difficulty_bucket,1.0,False,28
assist2017,concept,dkt,0,none,isotonic,0.013527226616023756,0.005650577503840568,0.00787664911218319,0.004544426670486574,0.010185295424943454,0.00019998000199980003,5000.0,341,concept|f0|none,0.005599440055994401,True,28
assist2017,concept,dkt,0,concept_aware_lambda0,isotonic,0.008541341879949161,0.005650577503840568,0.0028907643761085936,0.0006652629547751501,0.00561031029302445,0.011198880111988802,5000.0,341,concept|f0|concept_aware_lambda0,0.07839216078392161,False,28
assist2017,concept,dkt,0,concept_aware_eb,isotonic,0.0060201730257262885,0.005650577503840568,0.00036959552188572074,-0.00034030143743367044,0.0016181525747475708,0.17178282171782822,5000.0,341,concept|f0|concept_aware_eb,1.0,False,28
assist2017,concept,dkt,0,difficulty_bucket,isotonic,0.005579288683887722,0.005650577503840568,-7.128881995284615e-05,-0.0005186028506160233,0.00038953028274817597,0.8905109489051095,5000.0,341,concept|f0|difficulty_bucket,1.0,False,28
assist2017,concept,dkt,1,none,isotonic,0.022192921308553284,0.004962733832831406,0.01723018747572188,0.012444175924833434,0.019026122591902082,0.00019998000199980003,inf,341,concept|f1|none,0.005599440055994401,True,28
assist2017,concept,dkt,1,concept_aware_lambda0,isotonic,0.007976347337096679,0.004962733832831406,0.003013613504265273,0.0007060853403132894,0.0064795593150042295,0.012598740125987402,inf,341,concept|f1|concept_aware_lambda0,0.10078992100789921,False,28
assist2017,concept,dkt,1,concept_aware_eb,isotonic,0.004962733832831406,0.004962733832831406,0.0,0.0,0.0,1.0,inf,341,concept|f1|concept_aware_eb,1.0,False,28
assist2017,concept,dkt,1,difficulty_bucket,isotonic,0.004993093923039383,0.004962733832831406,3.0360090207977482e-05,-0.0008501943507704116,0.0002983728298041138,0.6683331666833316,inf,341,concept|f1|difficulty_bucket,1.0,False,28
assist2017,concept,dkt,2,none,isotonic,0.011072484730536371,0.005030126013930807,0.006042358716605564,0.0017530954140428181,0.006302310998112801,0.0091990800919908,inf,341,concept|f2|none,0.1103889611038896,False,28
assist2017,concept,dkt,2,concept_aware_lambda0,isotonic,0.00892363699641045,0.005030126013930807,0.003893510982479642,0.000682684427733138,0.00669241257322804,0.015198480151984802,inf,341,concept|f2|concept_aware_lambda0,0.09659034096590341,False,28
assist2017,concept,dkt,2,concept_aware_eb,isotonic,0.005030126013930807,0.005030126013930807,0.0,0.0,0.0,1.0,inf,341,concept|f2|concept_aware_eb,1.0,False,28
assist2017,concept,dkt,2,difficulty_bucket,isotonic,0.005042433026054099,0.005030126013930807,1.230701212329155e-05,-0.00039447015762445365,0.0002788854226320851,0.9195080491950804,inf,341,concept|f2|difficulty_bucket,1.0,False,28
assist2017,concept,dkt,3,none,isotonic,0.01539663047488877,0.0034239975599530594,0.011972632914935711,0.003915511551743793,0.015668435196234017,0.0059994000599940004,inf,341,concept|f3|none,0.077992200779922,False,28
assist2017,concept,dkt,3,concept_aware_lambda0,isotonic,0.00810715200702343,0.0034239975599530594,0.0046831544470703704,0.0012121966960571117,0.006588251446613122,0.006799320067993201,inf,341,concept|f3|concept_aware_lambda0,0.07479252074792521,False,28
assist2017,concept,dkt,3,concept_aware_eb,isotonic,0.0034239975599530594,0.0034239975599530594,0.0,0.0,0.0,1.0,inf,341,concept|f3|concept_aware_eb,1.0,False,28
assist2017,concept,dkt,3,difficulty_bucket,isotonic,0.0035002663174422987,0.0034239975599530594,7.62687574892393e-05,-0.0005485753226716663,0.0008911353618403268,0.8987101289871013,inf,341,concept|f3|difficulty_bucket,1.0,False,28
assist2017,concept,dkt,4,none,isotonic,0.02314868153095154,0.005679146317254834,0.017469535213696707,0.013335529523984124,0.01924083657854163,0.00019998000199980003,100000.0,341,concept|f4|none,0.005599440055994401,True,28
assist2017,concept,dkt,4,concept_aware_lambda0,isotonic,0.007490649441078505,0.005679146317254834,0.0018115031238236708,-0.0018085224500396352,0.004499261454667038,0.3477652234776522,100000.0,341,concept|f4|concept_aware_lambda0,0.5789421057894211,False,28
assist2017,concept,dkt,4,concept_aware_eb,isotonic,0.005784996507881751,0.005679146317254834,0.00010585019062691724,-0.00046474617839078954,0.0003335805004231248,0.7773222677732227,100000.0,341,concept|f4|concept_aware_eb,1.0,False,28
assist2017,concept,dkt,4,difficulty_bucket,isotonic,0.0056258844642947765,0.005679146317254834,-5.326185296005738e-05,-0.00024929773357341376,0.00014313990439577097,0.6567343265673433,100000.0,341,concept|f4|difficulty_bucket,1.0,False,28
assist2017,concept,sakt,0,none,isotonic,0.010704804440548076,0.00375373684844051,0.006951067592107566,0.001093584720583251,0.009757703019414428,0.016198380161983803,5000.0,341,concept|f0|none,0.12958704129587043,False,28
assist2017,concept,sakt,0,concept_aware_lambda0,isotonic,0.007410439719010888,0.00375373684844051,0.003656702870570378,-0.0004344412733464323,0.006561944509360994,0.09059094090590941,5000.0,341,concept|f0|concept_aware_lambda0,0.45295470452954706,False,28
assist2017,concept,sakt,0,concept_aware_eb,isotonic,0.002420102565901457,0.00375373684844051,-0.0013336342825390527,-0.0022733579617122785,0.0004059946394336302,0.21557844215578442,5000.0,341,concept|f0|concept_aware_eb,1.0,False,28
assist2017,concept,sakt,0,difficulty_bucket,isotonic,0.003651795598421394,0.00375373684844051,-0.00010194125001911601,-0.0009623540155706559,6.837428920390634e-05,0.29717028297170284,5000.0,341,concept|f0|difficulty_bucket,1.0,False,28
assist2017,concept,sakt,1,none,isotonic,0.011052150103483385,0.0031622774199812015,0.007889872683502185,0.003138746991612031,0.009669818914496128,0.0007999200079992001,inf,341,concept|f1|none,0.010398960103989602,True,28
assist2017,concept,sakt,1,concept_aware_lambda0,isotonic,0.01054201163473426,0.0031622774199812015,0.007379734214753059,0.0030109544620949267,0.008781925619051069,0.00019998000199980003,inf,341,concept|f1|concept_aware_lambda0,0.005599440055994401,True,28
assist2017,concept,sakt,1,concept_aware_eb,isotonic,0.0031622774199812015,0.0031622774199812015,0.0,0.0,0.0,1.0,inf,341,concept|f1|concept_aware_eb,1.0,False,28
assist2017,concept,sakt,1,difficulty_bucket,isotonic,0.0030148210980543073,0.0031622774199812015,-0.00014745632192689423,-0.00032379083169999724,0.0006105321934696694,0.7989201079892011,inf,341,concept|f1|difficulty_bucket,1.0,False,28
assist2017,concept,sakt,2,none,isotonic,0.012639141051346399,0.003839658476414306,0.008799482574932092,0.003744701404072188,0.012305920273586518,0.00039996000399960006,100000.0,341,concept|f2|none,0.005999400059994001,True,28
assist2017,concept,sakt,2,concept_aware_lambda0,isotonic,0.010169813265810144,0.003839658476414306,0.006330154789395838,0.002387295904500694,0.008386917022841977,0.0007999200079992001,100000.0,341,concept|f2|concept_aware_lambda0,0.007199280071992801,True,28
assist2017,concept,sakt,2,concept_aware_eb,isotonic,0.00372779437465135,0.003839658476414306,-0.00011186410176295628,-0.0002486995745936956,0.00010647160404104099,0.42455754424557546,100000.0,341,concept|f2|concept_aware_eb,1.0,False,28
assist2017,concept,sakt,2,difficulty_bucket,isotonic,0.003771533100480601,0.003839658476414306,-6.812537593370522e-05,-0.00030767232176951554,0.00022385856038476776,0.8033196680331967,100000.0,341,concept|f2|difficulty_bucket,1.0,False,28
assist2017,concept,sakt,3,none,isotonic,0.008514041947696982,0.003690997996583294,0.004823043951113688,0.0014223480685487044,0.008700960110752373,0.004399560043995601,100000.0,341,concept|f3|none,0.06159384061593841,False,28
assist2017,concept,sakt,3,concept_aware_lambda0,isotonic,0.007081116015407532,0.003690997996583294,0.0033901180188242383,0.0010924225314698354,0.005760776994047122,0.005599440055994401,100000.0,341,concept|f3|concept_aware_lambda0,0.06719328067193281,False,28
assist2017,concept,sakt,3,concept_aware_eb,isotonic,0.003589204403023802,0.003690997996583294,-0.00010179359355949168,-0.0003201194174798778,0.0001787403602577336,0.7133286671332867,100000.0,341,concept|f3|concept_aware_eb,1.0,False,28
assist2017,concept,sakt,3,difficulty_bucket,isotonic,0.0033489670264232455,0.003690997996583294,-0.00034203097016004833,-0.00047200111634630715,0.00023837878149495344,0.8153184681531847,100000.0,341,concept|f3|difficulty_bucket,1.0,False,28
assist2017,concept,sakt,4,none,isotonic,0.010438134159968216,0.005563333287727519,0.004874800872240697,-0.0034899110533232382,0.011297637886189794,0.2623737626237376,5000.0,341,concept|f4|none,0.7927207279272073,False,28
assist2017,concept,sakt,4,concept_aware_lambda0,isotonic,0.011053776120661222,0.005563333287727519,0.005490442832933703,0.002224786572784614,0.007692109599573191,0.00019998000199980003,5000.0,341,concept|f4|concept_aware_lambda0,0.005599440055994401,True,28
assist2017,concept,sakt,4,concept_aware_eb,isotonic,0.005807065766349834,0.005563333287727519,0.00024373247862231537,-0.0007386209676839059,0.001646897859341905,0.6043395660433957,5000.0,341,concept|f4|concept_aware_eb,1.0,False,28
assist2017,concept,sakt,4,difficulty_bucket,isotonic,0.005610103283829509,0.005563333287727519,4.676999610199028e-05,-0.00014867095016950622,0.00013608420043291413,0.5127487251274873,5000.0,341,concept|f4|difficulty_bucket,1.0,False,28
assist2017,concept,akt,0,none,isotonic,0.015605454268369156,0.00397693566965738,0.011628518598711775,0.007914413636413108,0.013760017512207743,0.00019998000199980003,100000.0,341,concept|f0|none,0.005599440055994401,True,28
assist2017,concept,akt,0,concept_aware_lambda0,isotonic,0.008499187746210267,0.00397693566965738,0.004522252076552887,0.0017621049498574518,0.006151574977731289,0.0005999400059994001,100000.0,341,concept|f0|concept_aware_lambda0,0.008399160083991601,True,28
assist2017,concept,akt,0,concept_aware_eb,isotonic,0.0038349830524036436,0.00397693566965738,-0.00014195261725373628,-0.0002864954378916215,0.00020657034355164093,0.33236676332366766,100000.0,341,concept|f0|concept_aware_eb,1.0,False,28
assist2017,concept,akt,0,difficulty_bucket,isotonic,0.00396525379742716,0.00397693566965738,-1.1681872230219839e-05,-0.0001953322221664398,0.00028148484039538797,0.7097290270972902,100000.0,341,concept|f0|difficulty_bucket,1.0,False,28
assist2017,concept,akt,1,none,isotonic,0.015451008298344417,0.004745765694858772,0.010705242603485645,0.00731526329293873,0.012746769103277485,0.00019998000199980003,5000.0,341,concept|f1|none,0.005599440055994401,True,28
assist2017,concept,akt,1,concept_aware_lambda0,isotonic,0.007959671223544636,0.004745765694858772,0.0032139055286858637,0.0011733003376953757,0.005874637266338776,0.0027997200279972004,5000.0,341,concept|f1|concept_aware_lambda0,0.025197480251974803,True,28
assist2017,concept,akt,1,concept_aware_eb,isotonic,0.003859584380166914,0.004745765694858772,-0.0008861813146918579,-0.0013101217548321562,0.0013791234708635562,0.7483251674832517,5000.0,341,concept|f1|concept_aware_eb,1.0,False,28
assist2017,concept,akt,1,difficulty_bucket,isotonic,0.004831524714136796,0.004745765694858772,8.575901927802398e-05,-0.00034869693756290975,0.000348916384971404,0.5765423457654234,5000.0,341,concept|f1|difficulty_bucket,1.0,False,28
assist2017,concept,akt,2,none,isotonic,0.017773417654023436,0.004938786011601032,0.012834631642422403,0.010187601837153181,0.014362232856030376,0.00019998000199980003,inf,341,concept|f2|none,0.005599440055994401,True,28
assist2017,concept,akt,2,concept_aware_lambda0,isotonic,0.009051580416549446,0.004938786011601032,0.004112794404948414,0.0018389543589396584,0.006207601162905749,0.00039996000399960006,inf,341,concept|f2|concept_aware_lambda0,0.005599440055994401,True,28
assist2017,concept,akt,2,concept_aware_eb,isotonic,0.004938786011601032,0.004938786011601032,0.0,0.0,0.0,1.0,inf,341,concept|f2|concept_aware_eb,1.0,False,28
assist2017,concept,akt,2,difficulty_bucket,isotonic,0.004955154131456196,0.004938786011601032,1.63681198551641e-05,-0.00011327659731320112,0.0005188209279564916,0.682931706829317,inf,341,concept|f2|difficulty_bucket,1.0,False,28
assist2017,concept,akt,3,none,isotonic,0.017107542544003942,0.0056123312190396075,0.011495211324964335,0.008279892338648521,0.013655867189798098,0.00019998000199980003,inf,341,concept|f3|none,0.005599440055994401,True,28
assist2017,concept,akt,3,concept_aware_lambda0,isotonic,0.011050315764159324,0.0056123312190396075,0.005437984545119717,0.002465399511916276,0.006819217825030718,0.00019998000199980003,inf,341,concept|f3|concept_aware_lambda0,0.005599440055994401,True,28
assist2017,concept,akt,3,concept_aware_eb,isotonic,0.0056123312190396075,0.0056123312190396075,0.0,0.0,0.0,1.0,inf,341,concept|f3|concept_aware_eb,1.0,False,28
assist2017,concept,akt,3,difficulty_bucket,isotonic,0.0050790757709418145,0.0056123312190396075,-0.0005332554480977931,-0.001213609177162888,5.074913275086483e-05,0.0665933406659334,inf,341,concept|f3|difficulty_bucket,1.0,False,28
assist2017,concept,akt,4,none,isotonic,0.021251231974563713,0.005803040279668204,0.01544819169489551,0.011569430097958284,0.017976759984322424,0.00019998000199980003,5000.0,341,concept|f4|none,0.005599440055994401,True,28
assist2017,concept,akt,4,concept_aware_lambda0,isotonic,0.009274097565399562,0.005803040279668204,0.0034710572857313583,0.0009060300197074976,0.005100158090111735,0.007999200079992,5000.0,341,concept|f4|concept_aware_lambda0,0.047995200479952004,True,28
assist2017,concept,akt,4,concept_aware_eb,isotonic,0.005458045115232838,0.005803040279668204,-0.0003449951644353662,-0.0017635817486823012,0.000853926166719374,0.6221377862213778,5000.0,341,concept|f4|concept_aware_eb,1.0,False,28
assist2017,concept,akt,4,difficulty_bucket,isotonic,0.005806881375331363,0.005803040279668204,3.8410956631589055e-06,-7.166789428053807e-05,0.00026375074993047177,0.5641435856414359,5000.0,341,concept|f4|difficulty_bucket,1.0,False,28
assist2017,concept,simplekt,0,none,isotonic,0.02814247960317303,0.0035288128544684557,0.024613666748704573,0.01986565632867761,0.026319447141760436,0.00019998000199980003,inf,341,concept|f0|none,0.005599440055994401,True,28
assist2017,concept,simplekt,0,concept_aware_lambda0,isotonic,0.008111037289808809,0.0035288128544684557,0.004582224435340353,0.0018410718760489106,0.006760205766469842,0.0013998600139986002,inf,341,concept|f0|concept_aware_lambda0,0.015398460153984602,True,28
assist2017,concept,simplekt,0,concept_aware_eb,isotonic,0.0035288128544684557,0.0035288128544684557,0.0,0.0,0.0,1.0,inf,341,concept|f0|concept_aware_eb,1.0,False,28
assist2017,concept,simplekt,0,difficulty_bucket,isotonic,0.0035080005352584767,0.0035288128544684557,-2.0812319209979023e-05,-0.0005312579227539375,0.000466784743470991,0.7371262873712628,inf,341,concept|f0|difficulty_bucket,1.0,False,28
assist2017,concept,simplekt,1,none,isotonic,0.02095656718060297,0.003924811663262659,0.017031755517340312,0.012967465946526084,0.01801300291949122,0.00019998000199980003,inf,341,concept|f1|none,0.005599440055994401,True,28
assist2017,concept,simplekt,1,concept_aware_lambda0,isotonic,0.009850875245795442,0.003924811663262659,0.005926063582532783,0.002767829912085525,0.006963880410578382,0.00019998000199980003,inf,341,concept|f1|concept_aware_lambda0,0.005599440055994401,True,28
assist2017,concept,simplekt,1,concept_aware_eb,isotonic,0.003924811663262659,0.003924811663262659,0.0,0.0,0.0,1.0,inf,341,concept|f1|concept_aware_eb,1.0,False,28
assist2017,concept,simplekt,1,difficulty_bucket,isotonic,0.003929236023415441,0.003924811663262659,4.4243601527819976e-06,-0.0004122685644002867,0.0004085995971197523,0.7769223077692231,inf,341,concept|f1|difficulty_bucket,1.0,False,28
assist2017,concept,simplekt,2,none,isotonic,0.019639859795918316,0.006651053189363146,0.01298880660655517,0.0028402411813367207,0.020807107268870098,0.0105989401059894,5000.0,341,concept|f2|none,0.1103889611038896,False,28
assist2017,concept,simplekt,2,concept_aware_lambda0,isotonic,0.009183142150025561,0.006651053189363146,0.002532088960662415,0.0005000775026202814,0.005748728903555735,0.017998200179982,5000.0,341,concept|f2|concept_aware_lambda0,0.09659034096590341,False,28
assist2017,concept,simplekt,2,concept_aware_eb,isotonic,0.005685561963362284,0.006651053189363146,-0.0009654912260008627,-0.0015728086601516852,0.0011927284474707789,0.42875712428757123,5000.0,341,concept|f2|concept_aware_eb,1.0,False,28
assist2017,concept,simplekt,2,difficulty_bucket,isotonic,0.0066630057985335766,0.006651053189363146,1.1952609170430215e-05,-6.062221657906655e-05,0.0010934925375069373,0.38236176382361764,5000.0,341,concept|f2|difficulty_bucket,1.0,False,28
assist2017,concept,simplekt,3,none,isotonic,0.016694348248345526,0.0039011636246740226,0.012793184623671502,0.002201486919940675,0.017396663894081302,0.0197980201979802,inf,341,concept|f3|none,0.17818218178182182,False,28
assist2017,concept,simplekt,3,concept_aware_lambda0,isotonic,0.008350220157824034,0.0039011636246740226,0.004449056533150011,0.0014354585202149537,0.006450809941833743,0.000999900009999,inf,341,concept|f3|concept_aware_lambda0,0.014998500149985002,True,28
assist2017,concept,simplekt,3,concept_aware_eb,isotonic,0.0039011636246740226,0.0039011636246740226,0.0,0.0,0.0,1.0,inf,341,concept|f3|concept_aware_eb,1.0,False,28
assist2017,concept,simplekt,3,difficulty_bucket,isotonic,0.003908807616769917,0.0039011636246740226,7.643992095894038e-06,-0.0001668831318027873,0.0002496288425924834,0.7221277872212779,inf,341,concept|f3|difficulty_bucket,1.0,False,28
assist2017,concept,simplekt,4,none,isotonic,0.03020499858410498,0.0024434476080915407,0.02776155097601344,0.022087800779125817,0.028859792478793323,0.00019998000199980003,5000.0,341,concept|f4|none,0.005599440055994401,True,28
assist2017,concept,simplekt,4,concept_aware_lambda0,isotonic,0.008092421519502362,0.0024434476080915407,0.005648973911410822,0.0016285205318656475,0.007635189090281257,0.0025997400259974,5000.0,341,concept|f4|concept_aware_lambda0,0.024197580241975804,True,28
assist2017,concept,simplekt,4,concept_aware_eb,isotonic,0.0024656937175793333,0.0024434476080915407,2.22461094877926e-05,-0.0015772345523058806,0.0017343906626245775,0.9757024297570243,5000.0,341,concept|f4|concept_aware_eb,1.0,False,28
assist2017,concept,simplekt,4,difficulty_bucket,isotonic,0.0024599150289081628,0.0024434476080915407,1.6467420816622044e-05,-0.00015423935337604452,0.00026479353307128935,0.46295370462953706,5000.0,341,concept|f4|difficulty_bucket,1.0,False,28
bridge2algebra2006,concept,dkt,0,none,isotonic,0.006761580731020383,0.0031651615479449165,0.0035964191830754662,-0.0008346171982626479,0.005972203226356792,0.1227877212278772,5000.0,229,concept|f0|none,0.613938606139386,False,28
bridge2algebra2006,concept,dkt,0,concept_aware_lambda0,isotonic,0.008480961979464616,0.0031651615479449165,0.005315800431519699,0.0032733775772891176,0.006805187720818698,0.00019998000199980003,5000.0,229,concept|f0|concept_aware_lambda0,0.005599440055994401,True,28
bridge2algebra2006,concept,dkt,0,concept_aware_eb,isotonic,0.004269940401668003,0.0031651615479449165,0.0011047788537230869,-0.0007171859055273961,0.0016857680265526518,0.24017598240175983,5000.0,229,concept|f0|concept_aware_eb,1.0,False,28
bridge2algebra2006,concept,dkt,0,difficulty_bucket,isotonic,0.0031909165582759778,0.0031651615479449165,2.575501033106123e-05,-1.0385367953061894e-05,4.3718175601178066e-05,0.29177082291770823,5000.0,229,concept|f0|difficulty_bucket,1.0,False,28
bridge2algebra2006,concept,dkt,1,none,isotonic,0.006635081625735952,0.0030541403520872768,0.003580941273648675,0.0010643911464451121,0.004627292957610295,0.006199380061993801,100000.0,229,concept|f1|none,0.06819318068193181,False,28
bridge2algebra2006,concept,dkt,1,concept_aware_lambda0,isotonic,0.009401127613776043,0.0030541403520872768,0.006346987261688766,0.004613545389355331,0.007381530765147822,0.00019998000199980003,100000.0,229,concept|f1|concept_aware_lambda0,0.005599440055994401,True,28
bridge2algebra2006,concept,dkt,1,concept_aware_eb,isotonic,0.003233726480840346,0.0030541403520872768,0.0001795861287530692,-0.00017136137607060118,0.00029738602899935534,0.4507549245075492,100000.0,229,concept|f1|concept_aware_eb,1.0,False,28
bridge2algebra2006,concept,dkt,1,difficulty_bucket,isotonic,0.003218036246044434,0.0030541403520872768,0.00016389589395715727,-2.7858220491405367e-06,0.00027194866456811787,0.09479052094790522,100000.0,229,concept|f1|difficulty_bucket,1.0,False,28
bridge2algebra2006,concept,dkt,2,none,isotonic,0.004558214192591886,0.0033896325313692278,0.001168581661222658,-0.0016570910072733398,0.003762656139941262,0.45935406459354067,inf,229,concept|f2|none,1.0,False,28
bridge2algebra2006,concept,dkt,2,concept_aware_lambda0,isotonic,0.008414331945809454,0.0033896325313692278,0.005024699414440226,0.002331506720685987,0.007070866605262402,0.00019998000199980003,inf,229,concept|f2|concept_aware_lambda0,0.005599440055994401,True,28
bridge2algebra2006,concept,dkt,2,concept_aware_eb,isotonic,0.0033896325313692278,0.0033896325313692278,0.0,0.0,0.0,1.0,inf,229,concept|f2|concept_aware_eb,1.0,False,28
bridge2algebra2006,concept,dkt,2,difficulty_bucket,isotonic,0.003388166821854874,0.0033896325313692278,-1.4657095143539266e-06,-7.088281082513394e-05,5.516608039597807e-05,0.8195180481951805,inf,229,concept|f2|difficulty_bucket,1.0,False,28
bridge2algebra2006,concept,dkt,3,none,isotonic,0.006199228763091935,0.004780393710307197,0.0014188350527847386,-0.0007621790323131506,0.004229068823576059,0.2853714628537146,inf,229,concept|f3|none,1.0,False,28
bridge2algebra2006,concept,dkt,3,concept_aware_lambda0,isotonic,0.00797952838763088,0.004780393710307197,0.0031991346773236834,0.0007086710664280338,0.005838028241089375,0.012798720127987202,inf,229,concept|f3|concept_aware_lambda0,0.127987201279872,False,28
bridge2algebra2006,concept,dkt,3,concept_aware_eb,isotonic,0.004780393710307197,0.004780393710307197,0.0,0.0,0.0,1.0,inf,229,concept|f3|concept_aware_eb,1.0,False,28
bridge2algebra2006,concept,dkt,3,difficulty_bucket,isotonic,0.004775738006048073,0.004780393710307197,-4.655704259123351e-06,-2.9397707988701533e-05,8.509393854398162e-06,0.32736726327367266,inf,229,concept|f3|difficulty_bucket,1.0,False,28
bridge2algebra2006,concept,dkt,4,none,isotonic,0.004964129909091338,0.00236119813503418,0.002602931774057158,0.0002979052076417349,0.004094194429098205,0.0321967803219678,5000.0,229,concept|f4|none,0.2015798420157984,False,28
bridge2algebra2006,concept,dkt,4,concept_aware_lambda0,isotonic,0.007825581438320692,0.00236119813503418,0.005464383303286512,0.0029187006810799583,0.0074084256961364356,0.00019998000199980003,5000.0,229,concept|f4|concept_aware_lambda0,0.005599440055994401,True,28
bridge2algebra2006,concept,dkt,4,concept_aware_eb,isotonic,0.001517180980231695,0.00236119813503418,-0.0008440171548024851,-0.0010420016809311666,0.000840060993228729,0.5185481451854814,5000.0,229,concept|f4|concept_aware_eb,1.0,False,28
bridge2algebra2006,concept,dkt,4,difficulty_bucket,isotonic,0.0023611157865393684,0.00236119813503418,-8.234849481177434e-08,-0.00012853124672083843,0.00011984336357539612,0.6977302269773022,5000.0,229,concept|f4|difficulty_bucket,1.0,False,28
bridge2algebra2006,concept,sakt,0,none,isotonic,0.014437186731399458,0.001953266337780984,0.012483920393618474,0.00727649362791599,0.014191076151790095,0.00019998000199980003,100000.0,229,concept|f0|none,0.005599440055994401,True,28
bridge2algebra2006,concept,sakt,0,concept_aware_lambda0,isotonic,0.008808588776924715,0.001953266337780984,0.0068553224391437306,0.003842067671265282,0.008148404622056009,0.00019998000199980003,100000.0,229,concept|f0|concept_aware_lambda0,0.005599440055994401,True,28
bridge2algebra2006,concept,sakt,0,concept_aware_eb,isotonic,0.001613516050262423,0.001953266337780984,-0.00033975028751856103,-0.0004463388910345125,0.00046337098717525344,0.7443255674432556,100000.0,229,concept|f0|concept_aware_eb,1.0,False,28
bridge2algebra2006,concept,sakt,0,difficulty_bucket,isotonic,0.001951991611438506,0.001953266337780984,-1.2747263424780272e-06,-5.857582375347515e-05,7.993253618092204e-05,0.8833116688331167,100000.0,229,concept|f0|difficulty_bucket,1.0,False,28
bridge2algebra2006,concept,sakt,1,none,isotonic,0.012355029991690901,0.002335086040975407,0.010019943950715494,0.005249404505091586,0.010693618952423852,0.00019998000199980003,5000.0,229,concept|f1|none,0.005599440055994401,True,28
bridge2algebra2006,concept,sakt,1,concept_aware_lambda0,isotonic,0.009727535312062158,0.002335086040975407,0.007392449271086751,0.0037202661626863404,0.008762249797965296,0.00019998000199980003,5000.0,229,concept|f1|concept_aware_lambda0,0.005599440055994401,True,28
bridge2algebra2006,concept,sakt,1,concept_aware_eb,isotonic,0.0032905509056417297,0.002335086040975407,0.0009554648646663225,-0.0022168214668407057,0.0023768905304227574,0.6525347465253475,5000.0,229,concept|f1|concept_aware_eb,1.0,False,28
bridge2algebra2006,concept,sakt,1,difficulty_bucket,isotonic,0.0022785744512549807,0.002335086040975407,-5.6511589720426546e-05,-0.00013892771884419327,0.00019666612306176373,0.7547245275472453,5000.0,229,concept|f1|difficulty_bucket,1.0,False,28
bridge2algebra2006,concept,sakt,2,none,isotonic,0.01393281647838285,0.003399578863930093,0.010533237614452757,0.006636704392907177,0.013324381965478773,0.00019998000199980003,100000.0,229,concept|f2|none,0.005599440055994401,True,28
bridge2algebra2006,concept,sakt,2,concept_aware_lambda0,isotonic,0.007036293470138784,0.003399578863930093,0.0036367146062086905,0.0008381509402570433,0.006316065681551045,0.013798620137986202,100000.0,229,concept|f2|concept_aware_lambda0,0.09659034096590341,False,28
bridge2algebra2006,concept,sakt,2,concept_aware_eb,isotonic,0.0031343651674345446,0.003399578863930093,-0.00026521369649554856,-0.00046109495758094417,0.0004680332810674891,0.44755524447555245,100000.0,229,concept|f2|concept_aware_eb,1.0,False,28
bridge2algebra2006,concept,sakt,2,difficulty_bucket,isotonic,0.003393317330500427,0.003399578863930093,-6.261533429666351e-06,-8.088201982200831e-05,1.3275943111272235e-05,0.6841315868413159,100000.0,229,concept|f2|difficulty_bucket,1.0,False,28
bridge2algebra2006,concept,sakt,3,none,isotonic,0.01188629075368337,0.004335474250869015,0.0075508165028143545,0.0028084143109432906,0.011856729376129402,0.0027997200279972004,1000.0,229,concept|f3|none,0.041995800419958006,True,28
bridge2algebra2006,concept,sakt,3,concept_aware_lambda0,isotonic,0.009511656570587576,0.004335474250869015,0.00517618231971856,0.0025000399685387587,0.007159652354002261,0.00019998000199980003,1000.0,229,concept|f3|concept_aware_lambda0,0.005599440055994401,True,28
bridge2algebra2006,concept,sakt,3,concept_aware_eb,isotonic,0.0031917999080234103,0.004335474250869015,-0.0011436743428456051,-0.0019268912888296401,0.0014367891470993671,0.5505449455054494,1000.0,229,concept|f3|concept_aware_eb,1.0,False,28
bridge2algebra2006,concept,sakt,3,difficulty_bucket,isotonic,0.004333724028859846,0.004335474250869015,-1.750222009169744e-06,-2.40370987841361e-05,0.0002188328461243947,0.7749225077492251,1000.0,229,concept|f3|difficulty_bucket,1.0,False,28
bridge2algebra2006,concept,sakt,4,none,isotonic,0.018230350742104457,0.0031149473794545987,0.015115403362649858,0.01044943002662676,0.017189615086507244,0.00019998000199980003,inf,229,concept|f4|none,0.005599440055994401,True,28
bridge2algebra2006,concept,sakt,4,concept_aware_lambda0,isotonic,0.008320361710812345,0.0031149473794545987,0.005205414331357746,0.0026185121342848735,0.00716179195957648,0.00019998000199980003,inf,229,concept|f4|concept_aware_lambda0,0.005599440055994401,True,28
bridge2algebra2006,concept,sakt,4,concept_aware_eb,isotonic,0.0031149473794545987,0.0031149473794545987,0.0,0.0,0.0,1.0,inf,229,concept|f4|concept_aware_eb,1.0,False,28
bridge2algebra2006,concept,sakt,4,difficulty_bucket,isotonic,0.0032340369114461738,0.0031149473794545987,0.0001190895319915751,-1.6445524747908157e-05,0.00016690223000116915,0.19658034196580343,inf,229,concept|f4|difficulty_bucket,1.0,False,28
bridge2algebra2006,concept,akt,0,none,isotonic,0.006051513949150985,0.00219062982454538,0.003860884124605605,0.00045995646770008306,0.005033235609059264,0.031996800319968,1000.0,229,concept|f0|none,0.19198080191980801,False,28
bridge2algebra2006,concept,akt,0,concept_aware_lambda0,isotonic,0.007891385560358675,0.00219062982454538,0.005700755735813296,0.0033003547520247035,0.006918596031952334,0.00019998000199980003,1000.0,229,concept|f0|concept_aware_lambda0,0.005599440055994401,True,28
bridge2algebra2006,concept,akt,0,concept_aware_eb,isotonic,0.0027433901574078125,0.00219062982454538,0.0005527603328624327,-0.00106972914798558,0.0018215588522377429,0.6481351864813518,1000.0,229,concept|f0|concept_aware_eb,1.0,False,28
bridge2algebra2006,concept,akt,0,difficulty_bucket,isotonic,0.0022886602970257873,0.00219062982454538,9.803047248040748e-05,-7.508326910484483e-05,0.00022440552937300377,0.49575042495750427,1000.0,229,concept|f0|difficulty_bucket,1.0,False,28
bridge2algebra2006,concept,akt,1,none,isotonic,0.006429393982417059,0.0022825143252820797,0.004146879657134979,0.00032419357005372115,0.005316523559277802,0.034996500349965,100000.0,229,concept|f1|none,0.34996500349965,False,28
bridge2algebra2006,concept,akt,1,concept_aware_lambda0,isotonic,0.00901905635195794,0.0022825143252820797,0.006736542026675859,0.003710588226147236,0.007614260552077774,0.00019998000199980003,100000.0,229,concept|f1|concept_aware_lambda0,0.005599440055994401,True,28
bridge2algebra2006,concept,akt,1,concept_aware_eb,isotonic,0.0022407836442630605,0.0022825143252820797,-4.1730681019019195e-05,-0.0004832976716864531,0.00021153422185729738,0.3711628837116288,100000.0,229,concept|f1|concept_aware_eb,1.0,False,28
bridge2algebra2006,concept,akt,1,difficulty_bucket,isotonic,0.00231083093344824,0.0022825143252820797,2.8316608166160245e-05,-4.440338285413733e-05,6.851641591058265e-05,0.8031196880311969,100000.0,229,concept|f1|difficulty_bucket,1.0,False,28
bridge2algebra2006,concept,akt,2,none,isotonic,0.007232700376614015,0.0026921142614853484,0.004540586115128666,0.00025069951508419633,0.006620969025393895,0.0347965203479652,5000.0,229,concept|f2|none,0.31316868313168683,False,28
bridge2algebra2006,concept,akt,2,concept_aware_lambda0,isotonic,0.00748080425451638,0.0026921142614853484,0.004788689993031031,0.0024111504874445755,0.006345088550461365,0.00039996000399960006,5000.0,229,concept|f2|concept_aware_lambda0,0.005599440055994401,True,28
bridge2algebra2006,concept,akt,2,concept_aware_eb,isotonic,0.001754348716159541,0.0026921142614853484,-0.0009377655453258074,-0.001300123665841564,0.0005180171423271335,0.24117588241175883,5000.0,229,concept|f2|concept_aware_eb,1.0,False,28
bridge2algebra2006,concept,akt,2,difficulty_bucket,isotonic,0.002665300599686518,0.0026921142614853484,-2.6813661798830244e-05,-0.00014932977800282597,3.211579141592906e-05,0.3661633836616338,5000.0,229,concept|f2|difficulty_bucket,1.0,False,28
bridge2algebra2006,concept,akt,3,none,isotonic,0.006270554731012391,0.003962007178189468,0.002308547552822922,-0.0003021878754388171,0.005037173317946094,0.09099090090990901,5000.0,229,concept|f3|none,0.7279272072792721,False,28
bridge2algebra2006,concept,akt,3,concept_aware_lambda0,isotonic,0.007731365774585596,0.003962007178189468,0.0037693585963961274,0.001222160022365463,0.006038817402133601,0.0021997800219978004,5000.0,229,concept|f3|concept_aware_lambda0,0.028597140285971406,True,28
bridge2algebra2006,concept,akt,3,concept_aware_eb,isotonic,0.0029050262204851156,0.003962007178189468,-0.0010569809577043528,-0.0013044338592798788,0.0007903113294767738,0.37476252374762525,5000.0,229,concept|f3|concept_aware_eb,1.0,False,28
bridge2algebra2006,concept,akt,3,difficulty_bucket,isotonic,0.003955110927245758,0.003962007178189468,-6.896250943710415e-06,-1.6770495909393672e-05,0.0003940623580661239,0.9433056694330567,5000.0,229,concept|f3|difficulty_bucket,1.0,False,28
bridge2algebra2006,concept,akt,4,none,isotonic,0.008949604482249152,0.002321151876079313,0.006628452606169839,0.003661687139799646,0.008003902658442846,0.00019998000199980003,inf,229,concept|f4|none,0.005599440055994401,True,28
bridge2algebra2006,concept,akt,4,concept_aware_lambda0,isotonic,0.007034541210366655,0.002321151876079313,0.004713389334287342,0.002176369004430434,0.006070612193825217,0.00019998000199980003,inf,229,concept|f4|concept_aware_lambda0,0.005599440055994401,True,28
bridge2algebra2006,concept,akt,4,concept_aware_eb,isotonic,0.002321151876079313,0.002321151876079313,0.0,0.0,0.0,1.0,inf,229,concept|f4|concept_aware_eb,1.0,False,28
bridge2algebra2006,concept,akt,4,difficulty_bucket,isotonic,0.002276089392811307,0.002321151876079313,-4.50624832680057e-05,-6.836230835915221e-05,7.877607787194861e-05,0.7795220477952205,inf,229,concept|f4|difficulty_bucket,1.0,False,28
bridge2algebra2006,concept,simplekt,0,none,isotonic,0.006857957417849884,0.00196616116063288,0.004891796257217003,0.001509606627598477,0.005069073094343516,0.006199380061993801,inf,229,concept|f0|none,0.05579442055794421,False,28
bridge2algebra2006,concept,simplekt,0,concept_aware_lambda0,isotonic,0.007551544555840553,0.00196616116063288,0.005585383395207673,0.002539023856270732,0.006425168342195804,0.00039996000399960006,inf,229,concept|f0|concept_aware_lambda0,0.005999400059994001,True,28
bridge2algebra2006,concept,simplekt,0,concept_aware_eb,isotonic,0.00196616116063288,0.00196616116063288,0.0,0.0,0.0,1.0,inf,229,concept|f0|concept_aware_eb,1.0,False,28
bridge2algebra2006,concept,simplekt,0,difficulty_bucket,isotonic,0.001980900835170879,0.00196616116063288,1.4739674537998966e-05,-0.000228310313390833,0.0001775865445182327,0.9343065693430657,inf,229,concept|f0|difficulty_bucket,1.0,False,28
bridge2algebra2006,concept,simplekt,1,none,isotonic,0.012604301835641672,0.0028861538375881024,0.00971814799805357,0.0032853873240676766,0.014701797525289979,0.000999900009999,100000.0,229,concept|f1|none,0.011998800119988001,True,28
bridge2algebra2006,concept,simplekt,1,concept_aware_lambda0,isotonic,0.008032170614255051,0.0028861538375881024,0.005146016776666949,0.002514413628294679,0.006544336586114288,0.00039996000399960006,100000.0,229,concept|f1|concept_aware_lambda0,0.005599440055994401,True,28
bridge2algebra2006,concept,simplekt,1,concept_aware_eb,isotonic,0.0030461657920990617,0.0028861538375881024,0.00016001195451095926,-0.00033269537319784414,0.0003355138956760881,0.8443155684431557,100000.0,229,concept|f1|concept_aware_eb,1.0,False,28
bridge2algebra2006,concept,simplekt,1,difficulty_bucket,isotonic,0.0029308058279731122,0.0028861538375881024,4.465199038500983e-05,-4.7505213516038366e-05,0.0003356211686825469,0.41775822417758224,100000.0,229,concept|f1|difficulty_bucket,1.0,False,28
bridge2algebra2006,concept,simplekt,2,none,isotonic,0.018963254434421147,0.002538118405439769,0.01642513602898138,0.013138249662764433,0.017474411599390505,0.00019998000199980003,100000.0,229,concept|f2|none,0.005599440055994401,True,28
bridge2algebra2006,concept,simplekt,2,concept_aware_lambda0,isotonic,0.008122983276047081,0.002538118405439769,0.005584864870607312,0.002985216419257227,0.006847705365591864,0.00019998000199980003,100000.0,229,concept|f2|concept_aware_lambda0,0.005599440055994401,True,28
bridge2algebra2006,concept,simplekt,2,concept_aware_eb,isotonic,0.0023530145935174054,0.002538118405439769,-0.00018510381192236337,-0.0003731054701839981,0.0003828353842844065,0.6305369463053695,100000.0,229,concept|f2|concept_aware_eb,1.0,False,28
bridge2algebra2006,concept,simplekt,2,difficulty_bucket,isotonic,0.002534380257099976,0.002538118405439769,-3.7381483397927982e-06,-6.457910791072004e-05,5.627211787976096e-05,0.7639236076392361,100000.0,229,concept|f2|difficulty_bucket,1.0,False,28
bridge2algebra2006,concept,simplekt,3,none,isotonic,0.029777768356392155,0.004675632873492768,0.025102135482899388,0.01509558093401563,0.03284963662723158,0.00019998000199980003,500.0,229,concept|f3|none,0.005599440055994401,True,28
bridge2algebra2006,concept,simplekt,3,concept_aware_lambda0,isotonic,0.008082379010920451,0.004675632873492768,0.0034067461374276834,4.7353210168190894e-05,0.005759737540422304,0.047595240475952406,500.0,229,concept|f3|concept_aware_lambda0,0.28557144285571445,False,28
bridge2algebra2006,concept,simplekt,3,concept_aware_eb,isotonic,0.005165041258527474,0.004675632873492768,0.0004894083850347066,-0.0012129052802267923,0.0027380251991771984,0.5661433856614339,500.0,229,concept|f3|concept_aware_eb,1.0,False,28
bridge2algebra2006,concept,simplekt,3,difficulty_bucket,isotonic,0.004674409000116295,0.004675632873492768,-1.2238733764725548e-06,-0.00015755690333794722,1.0230060283307374e-05,0.5717428257174283,500.0,229,concept|f3|difficulty_bucket,1.0,False,28
bridge2algebra2006,concept,simplekt,4,none,isotonic,0.027680635515835095,0.003121219175271127,0.024559416340563966,0.021158266735473788,0.025385676113360008,0.00019998000199980003,100000.0,229,concept|f4|none,0.005599440055994401,True,28
bridge2algebra2006,concept,simplekt,4,concept_aware_lambda0,isotonic,0.006936953128057823,0.003121219175271127,0.003815733952786696,0.0012930538444922434,0.0054636394275671685,0.0023997600239976003,100000.0,229,concept|f4|concept_aware_lambda0,0.024197580241975804,True,28
bridge2algebra2006,concept,simplekt,4,concept_aware_eb,isotonic,0.0036699185666505766,0.003121219175271127,0.0005486993913794494,-0.000603025393207224,0.0009661364186611033,0.41375862413758624,100000.0,229,concept|f4|concept_aware_eb,1.0,False,28
bridge2algebra2006,concept,simplekt,4,difficulty_bucket,isotonic,0.0031250031390382144,0.003121219175271127,3.7839637670872284e-06,-4.3215250778345336e-06,5.8378029126665587e-05,0.20537946205379462,100000.0,229,concept|f4|difficulty_bucket,1.0,False,28
ednet,concept,dkt,0,none,isotonic,0.009849706467740596,0.0018369696838786995,0.008012736783861897,0.004686026399050979,0.008153389098732434,0.00019998000199980003,5000.0,937,concept|f0|none,0.005599440055994401,True,28
ednet,concept,dkt,0,concept_aware_lambda0,isotonic,0.010161251871108081,0.0018369696838786995,0.008324282187229382,0.0035175622877603474,0.009522134696890295,0.00019998000199980003,5000.0,937,concept|f0|concept_aware_lambda0,0.005599440055994401,True,28
ednet,concept,dkt,0,concept_aware_eb,isotonic,0.0019028933975808297,0.0018369696838786995,6.592371370213023e-05,-0.0005837952808728468,0.0008953051689364538,0.5405459454054594,5000.0,937,concept|f0|concept_aware_eb,1.0,False,28
ednet,concept,dkt,0,difficulty_bucket,isotonic,0.0018467574906602627,0.0018369696838786995,9.787806781563248e-06,-5.822068656406037e-05,4.913781176275546e-05,0.9303069693030697,5000.0,937,concept|f0|difficulty_bucket,1.0,False,28
ednet,concept,dkt,1,none,isotonic,0.00951852281463831,0.011274832545742285,-0.0017563097311039753,-0.008766944432431652,0.007942774470558264,0.7407259274072593,5000.0,937,concept|f1|none,1.0,False,28
ednet,concept,dkt,1,concept_aware_lambda0,isotonic,0.013124379258699642,0.011274832545742285,0.0018495467129573569,0.0010008847717610347,0.0032569820132039803,0.00019998000199980003,5000.0,937,concept|f1|concept_aware_lambda0,0.005599440055994401,True,28
ednet,concept,dkt,1,concept_aware_eb,isotonic,0.01108290136236456,0.011274832545742285,-0.00019193118337772555,-0.0005200602456910568,3.416353096565116e-06,0.0527947205279472,5000.0,937,concept|f1|concept_aware_eb,1.0,False,28
ednet,concept,dkt,1,difficulty_bucket,isotonic,0.011267776451821414,0.011274832545742285,-7.0560939208711565e-06,-3.82520417991888e-05,8.791707262486027e-06,0.1999800019998,5000.0,937,concept|f1|difficulty_bucket,1.0,False,28
ednet,concept,dkt,2,none,isotonic,0.010165024317318487,0.003914295618943914,0.006250728698374573,0.002326571954000758,0.008288992358468994,0.0027997200279972004,5000.0,937,concept|f2|none,0.036396360363963605,True,28
ednet,concept,dkt,2,concept_aware_lambda0,isotonic,0.009288435308487747,0.003914295618943914,0.005374139689543833,0.003280110634934297,0.007675064090040358,0.00019998000199980003,5000.0,937,concept|f2|concept_aware_lambda0,0.005599440055994401,True,28
ednet,concept,dkt,2,concept_aware_eb,isotonic,0.003956444022197609,0.003914295618943914,4.214840325369486e-05,-0.0005254904799192212,0.0006481497146361377,0.7523247675232477,5000.0,937,concept|f2|concept_aware_eb,1.0,False,28
ednet,concept,dkt,2,difficulty_bucket,isotonic,0.00393691118315053,0.003914295618943914,2.261556420661559e-05,-0.0002973405444182039,0.00014155049089026786,0.8187181281871813,5000.0,937,concept|f2|difficulty_bucket,1.0,False,28
ednet,concept,dkt,3,none,isotonic,0.009153744619078944,0.00875782966951253,0.00039591494956641403,-0.006141771679714917,0.008008805281783037,0.8759124087591241,100000.0,937,concept|f3|none,1.0,False,28
ednet,concept,dkt,3,concept_aware_lambda0,isotonic,0.010629940040576488,0.00875782966951253,0.001872110371063957,0.0003638879775938234,0.006147600793796158,0.015398460153984602,100000.0,937,concept|f3|concept_aware_lambda0,0.127987201279872,False,28
ednet,concept,dkt,3,concept_aware_eb,isotonic,0.008753462449126613,0.00875782966951253,-4.367220385917761e-06,-6.782038716900607e-05,0.00012530990067763885,0.8955104489551045,100000.0,937,concept|f3|concept_aware_eb,1.0,False,28
ednet,concept,dkt,3,difficulty_bucket,isotonic,0.008748307833568407,0.00875782966951253,-9.521835944123133e-06,-4.401394277666161e-05,0.00018706507146046302,0.9533046695330467,100000.0,937,concept|f3|difficulty_bucket,1.0,False,28
ednet,concept,dkt,4,none,isotonic,0.00899190504171857,0.002883746800238771,0.006108158241479799,0.003243176333373979,0.0065835867750906355,0.00019998000199980003,100000.0,937,concept|f4|none,0.005599440055994401,True,28
ednet,concept,dkt,4,concept_aware_lambda0,isotonic,0.009110933138896965,0.002883746800238771,0.006227186338658194,0.0018780291931509488,0.006864060098324431,0.00019998000199980003,100000.0,937,concept|f4|concept_aware_lambda0,0.005599440055994401,True,28
ednet,concept,dkt,4,concept_aware_eb,isotonic,0.0026959353877061077,0.002883746800238771,-0.00018781141253266338,-0.0003974511645581131,3.0375984845596716e-05,0.23537646235376464,100000.0,937,concept|f4|concept_aware_eb,1.0,False,28
ednet,concept,dkt,4,difficulty_bucket,isotonic,0.0028886636663014273,0.002883746800238771,4.916866062656261e-06,-1.9774862291888094e-05,4.470221123746237e-05,0.7873212678732127,100000.0,937,concept|f4|difficulty_bucket,1.0,False,28
ednet,concept,sakt,0,none,isotonic,0.022107731149056148,0.002295097173616935,0.01981263397543921,0.009911636977476391,0.021866489641607225,0.00019998000199980003,5000.0,937,concept|f0|none,0.005599440055994401,True,28
ednet,concept,sakt,0,concept_aware_lambda0,isotonic,0.01078014961887472,0.002295097173616935,0.008485052445257785,0.0035501010497454495,0.009213828282380243,0.00019998000199980003,5000.0,937,concept|f0|concept_aware_lambda0,0.005599440055994401,True,28
ednet,concept,sakt,0,concept_aware_eb,isotonic,0.0023386906414758664,0.002295097173616935,4.3593467858931475e-05,-0.0003041441782072846,0.0009080397305707848,0.5521447855214479,5000.0,937,concept|f0|concept_aware_eb,1.0,False,28
ednet,concept,sakt,0,difficulty_bucket,isotonic,0.0024641662101512656,0.002295097173616935,0.00016906903653433067,-5.394609363565429e-05,0.0002563877536539329,0.48155184481551844,5000.0,937,concept|f0|difficulty_bucket,1.0,False,28
ednet,concept,sakt,1,none,isotonic,0.030000731789846677,0.010802616328616685,0.019198115461229993,0.011618926311683092,0.02807317407375757,0.00019998000199980003,100000.0,937,concept|f1|none,0.005599440055994401,True,28
ednet,concept,sakt,1,concept_aware_lambda0,isotonic,0.012983538758944842,0.010802616328616685,0.002180922430328157,0.0008604703377408082,0.004034478422755639,0.00019998000199980003,100000.0,937,concept|f1|concept_aware_lambda0,0.005599440055994401,True,28
ednet,concept,sakt,1,concept_aware_eb,isotonic,0.010741531263503953,0.010802616328616685,-6.108506511273183e-05,-0.00010808323932985121,4.3140632013179296e-05,0.09019098090190981,100000.0,937,concept|f1|concept_aware_eb,1.0,False,28
ednet,concept,sakt,1,difficulty_bucket,isotonic,0.010780290368791015,0.010802616328616685,-2.2325959825670455e-05,-0.00010147763296357538,9.322795264263552e-05,0.9013098690130987,100000.0,937,concept|f1|difficulty_bucket,1.0,False,28
ednet,concept,sakt,2,none,isotonic,0.017771093862790237,0.002514430315596704,0.015256663547193534,0.009439273880885253,0.015664527175284635,0.00019998000199980003,5000.0,937,concept|f2|none,0.005599440055994401,True,28
ednet,concept,sakt,2,concept_aware_lambda0,isotonic,0.011234362388254659,0.002514430315596704,0.008719932072657956,0.004793432490116939,0.00928022140694428,0.00019998000199980003,5000.0,937,concept|f2|concept_aware_lambda0,0.005599440055994401,True,28
ednet,concept,sakt,2,concept_aware_eb,isotonic,0.003731305008866051,0.002514430315596704,0.001216874693269347,-0.00012261934601650058,0.001684995977974598,0.10698930106989302,5000.0,937,concept|f2|concept_aware_eb,1.0,False,28
ednet,concept,sakt,2,difficulty_bucket,isotonic,0.002624850960728711,0.002514430315596704,0.00011042064513200724,-3.947556385735876e-05,0.0001745410175995464,0.2273772622737726,5000.0,937,concept|f2|difficulty_bucket,1.0,False,28
ednet,concept,sakt,3,none,isotonic,0.01620315238169681,0.007522029544838902,0.008681122836857909,0.0018624681294183024,0.015105981869926743,0.008399160083991601,100000.0,937,concept|f3|none,0.0923907609239076,False,28
ednet,concept,sakt,3,concept_aware_lambda0,isotonic,0.01049771460554486,0.007522029544838902,0.002975685060705959,0.0010530817670426804,0.006601131193662249,0.00019998000199980003,100000.0,937,concept|f3|concept_aware_lambda0,0.005599440055994401,True,28
ednet,concept,sakt,3,concept_aware_eb,isotonic,0.0075059076079594935,0.007522029544838902,-1.6121936879408272e-05,-0.00011918666799715265,8.354812379909429e-05,0.42015798420157985,100000.0,937,concept|f3|concept_aware_eb,1.0,False,28
ednet,concept,sakt,3,difficulty_bucket,isotonic,0.007512961134304127,0.007522029544838902,-9.068410534774675e-06,-5.116966091258824e-05,0.00013212071751929892,0.7915208479152085,100000.0,937,concept|f3|difficulty_bucket,1.0,False,28
ednet,concept,sakt,4,none,isotonic,0.013136369845166395,0.0010084767979243175,0.012127893047242077,0.005092242728078185,0.012470686835643046,0.00019998000199980003,100000.0,937,concept|f4|none,0.005599440055994401,True,28
ednet,concept,sakt,4,concept_aware_lambda0,isotonic,0.007076705508005817,0.0010084767979243175,0.0060682287100815,0.0026003733660259804,0.006759293249503049,0.00019998000199980003,100000.0,937,concept|f4|concept_aware_lambda0,0.005599440055994401,True,28
ednet,concept,sakt,4,concept_aware_eb,isotonic,0.0009408006514853779,0.0010084767979243175,-6.767614643893955e-05,-0.0001400241954280451,0.00012300781049150473,0.8313168683131686,100000.0,937,concept|f4|concept_aware_eb,1.0,False,28
ednet,concept,sakt,4,difficulty_bucket,isotonic,0.00111062050258598,0.0010084767979243175,0.00010214370466166264,-1.1703017173647483e-05,0.00018370524702100228,0.10518948105189481,100000.0,937,concept|f4|difficulty_bucket,1.0,False,28
ednet,concept,akt,0,none,isotonic,0.0038764627404491298,0.0025421243494953213,0.0013343383909538084,-0.00031607733059945244,0.002090985739060463,0.1277872212778722,1000.0,937,concept|f0|none,0.613938606139386,False,28
ednet,concept,akt,0,concept_aware_lambda0,isotonic,0.011033774756452352,0.0025421243494953213,0.00849165040695703,0.0043972260485439915,0.008877256254162507,0.00019998000199980003,1000.0,937,concept|f0|concept_aware_lambda0,0.005599440055994401,True,28
ednet,concept,akt,0,concept_aware_eb,isotonic,0.004989459610095741,0.0025421243494953213,0.00244733526060042,-0.00037910580603811367,0.0028532601816494228,0.134986501349865,1000.0,937,concept|f0|concept_aware_eb,1.0,False,28
ednet,concept,akt,0,difficulty_bucket,isotonic,0.0025145886160511314,0.0025421243494953213,-2.7535733444189903e-05,-8.863916606916366e-05,0.00011426559187862576,0.7297270272972702,1000.0,937,concept|f0|difficulty_bucket,1.0,False,28
ednet,concept,akt,1,none,isotonic,0.0027033965110097495,0.009257901972535433,-0.0065545054615256835,-0.008149070260223885,0.0020366567159924727,0.134986501349865,5000.0,937,concept|f1|none,1.0,False,28
ednet,concept,akt,1,concept_aware_lambda0,isotonic,0.010094206233427456,0.009257901972535433,0.0008363042608920228,-0.0005381503810131866,0.004316192304474654,0.26137386261373863,5000.0,937,concept|f1|concept_aware_lambda0,1.0,False,28
ednet,concept,akt,1,concept_aware_eb,isotonic,0.009098957044332653,0.009257901972535433,-0.00015894492820277967,-0.00043610071306428,0.00011142942349687148,0.21997800219978003,5000.0,937,concept|f1|concept_aware_eb,1.0,False,28
ednet,concept,akt,1,difficulty_bucket,isotonic,0.009245701588853473,0.009257901972535433,-1.2200383681959873e-05,-4.434584067985819e-05,6.551606323497825e-05,0.6131386861313869,5000.0,937,concept|f1|difficulty_bucket,1.0,False,28
ednet,concept,akt,2,none,isotonic,0.0023721344792033364,0.005096803283437383,-0.002724668804234047,-0.00406196844287495,0.002004109662663592,0.26777322267773224,5000.0,937,concept|f2|none,1.0,False,28
ednet,concept,akt,2,concept_aware_lambda0,isotonic,0.009505596180435585,0.005096803283437383,0.004408792896998201,0.0022774590791132736,0.005822304484504047,0.00019998000199980003,5000.0,937,concept|f2|concept_aware_lambda0,0.005599440055994401,True,28
ednet,concept,akt,2,concept_aware_eb,isotonic,0.004740941030482979,0.005096803283437383,-0.00035586225295440414,-0.0008087587689418515,0.00035618070741192114,0.5283471652834717,5000.0,937,concept|f2|concept_aware_eb,1.0,False,28
ednet,concept,akt,2,difficulty_bucket,isotonic,0.004985864169470745,0.005096803283437383,-0.00011093911396663821,-0.00018612450549936236,-7.767545282759535e-06,0.028997100289971003,5000.0,937,concept|f2|difficulty_bucket,0.8119188081191882,False,28
ednet,concept,akt,3,none,isotonic,0.0030752033198877798,0.007208067424070238,-0.004132864104182459,-0.005623000838993337,0.0010774398842847038,0.20317968203179682,100000.0,937,concept|f3|none,1.0,False,28
ednet,concept,akt,3,concept_aware_lambda0,isotonic,0.009209862695489757,0.007208067424070238,0.0020017952714195186,-0.0005363642355783713,0.005334945812472827,0.20657934206579343,100000.0,937,concept|f3|concept_aware_lambda0,0.41315868413158685,False,28
ednet,concept,akt,3,concept_aware_eb,isotonic,0.007168931431293559,0.007208067424070238,-3.913599277667948e-05,-0.00010383567035531031,0.00034841152111047424,0.34636536346365365,100000.0,937,concept|f3|concept_aware_eb,1.0,False,28
ednet,concept,akt,3,difficulty_bucket,isotonic,0.0072063741131315855,0.007208067424070238,-1.6933109386529574e-06,-2.945001129656386e-05,1.6188709129415742e-05,0.8489151084891511,100000.0,937,concept|f3|difficulty_bucket,1.0,False,28
ednet,concept,akt,4,none,isotonic,0.0047757860648557715,0.002113143756953946,0.0026626423079018254,-0.002760363395239533,0.004342211297356271,0.43455654434556545,5000.0,937,concept|f4|none,0.7927207279272073,False,28
ednet,concept,akt,4,concept_aware_lambda0,isotonic,0.008064069753378152,0.002113143756953946,0.0059509259964242054,0.0021966900852710544,0.006820491928338387,0.00019998000199980003,5000.0,937,concept|f4|concept_aware_lambda0,0.005599440055994401,True,28
ednet,concept,akt,4,concept_aware_eb,isotonic,0.002428134285045216,0.002113143756953946,0.00031499052809126973,-0.0005188562291188464,0.0005768729352719536,0.8663133686631337,5000.0,937,concept|f4|concept_aware_eb,1.0,False,28
ednet,concept,akt,4,difficulty_bucket,isotonic,0.00212543494684137,0.002113143756953946,1.2291189887423705e-05,-7.3461269436962135e-06,0.00021042270008764312,0.15998400159984003,5000.0,937,concept|f4|difficulty_bucket,1.0,False,28
ednet,concept,simplekt,0,none,isotonic,0.02157612218570566,0.002300789528374,0.01927533265733166,0.01312396193819196,0.019855195386351967,0.00019998000199980003,5000.0,937,concept|f0|none,0.005599440055994401,True,28
ednet,concept,simplekt,0,concept_aware_lambda0,isotonic,0.00874382998626603,0.002300789528374,0.00644304045789203,0.0019675256876391075,0.007092751051297421,0.00019998000199980003,5000.0,937,concept|f0|concept_aware_lambda0,0.005599440055994401,True,28
ednet,concept,simplekt,0,concept_aware_eb,isotonic,0.0023157118802947245,0.002300789528374,1.4922351920724445e-05,-0.0006652334458391741,0.0007399654581898954,0.9071092890710929,5000.0,937,concept|f0|concept_aware_eb,1.0,False,28
ednet,concept,simplekt,0,difficulty_bucket,isotonic,0.002319567748490289,0.002300789528374,1.8778220116289022e-05,-0.00012765306442536007,0.00011398075705018138,0.8055194480551945,5000.0,937,concept|f0|difficulty_bucket,1.0,False,28
ednet,concept,simplekt,1,none,isotonic,0.013841951968152195,0.00961870473873502,0.004223247229417176,-0.0022830032379575747,0.01318265018169353,0.21377862213778623,5000.0,937,concept|f1|none,1.0,False,28
ednet,concept,simplekt,1,concept_aware_lambda0,isotonic,0.009983344478407204,0.00961870473873502,0.00036463973967218455,-0.00038349031724130983,0.003186806306501616,0.294970502949705,5000.0,937,concept|f1|concept_aware_lambda0,1.0,False,28
ednet,concept,simplekt,1,concept_aware_eb,isotonic,0.009032571715936228,0.00961870473873502,-0.0005861330227987915,-0.000781399603582303,-7.190212049455246e-05,0.033996600339966,5000.0,937,concept|f1|concept_aware_eb,0.9519048095190481,False,28
ednet,concept,simplekt,1,difficulty_bucket,isotonic,0.009618790623935496,0.00961870473873502,8.588520047578263e-08,-1.6330329494592148e-05,1.6101761338249928e-05,0.9253074692530747,5000.0,937,concept|f1|difficulty_bucket,1.0,False,28
ednet,concept,simplekt,2,none,isotonic,0.020684868006620435,0.003844086454645843,0.016840781551974594,0.011976579300835882,0.019296117362451615,0.00019998000199980003,5000.0,937,concept|f2|none,0.005599440055994401,True,28
ednet,concept,simplekt,2,concept_aware_lambda0,isotonic,0.006618979921764908,0.003844086454645843,0.002774893467119065,-0.00033607018355226383,0.00461501173577528,0.08659134086591341,5000.0,937,concept|f2|concept_aware_lambda0,0.3047695230476952,False,28
ednet,concept,simplekt,2,concept_aware_eb,isotonic,0.0038959044062803413,0.003844086454645843,5.181795163449821e-05,-0.0008269695299893096,0.0007266740301016685,0.8739126087391261,5000.0,937,concept|f2|concept_aware_eb,1.0,False,28
ednet,concept,simplekt,2,difficulty_bucket,isotonic,0.00403335013124738,0.003844086454645843,0.0001892636766015368,-0.00010670962634803325,0.0002832559008027189,0.398960103989601,5000.0,937,concept|f2|difficulty_bucket,1.0,False,28
ednet,concept,simplekt,3,none,isotonic,0.019687309464630702,0.008249321060364008,0.011437988404266694,0.002799841499829299,0.020710350757552707,0.006999300069993001,100000.0,937,concept|f3|none,0.08399160083991601,False,28
ednet,concept,simplekt,3,concept_aware_lambda0,isotonic,0.01003504777073862,0.008249321060364008,0.001785726710374613,-0.0001207983133027346,0.00567252803607921,0.0771922807719228,100000.0,937,concept|f3|concept_aware_lambda0,0.36896310368963103,False,28
ednet,concept,simplekt,3,concept_aware_eb,isotonic,0.008195170495011223,0.008249321060364008,-5.415056535278476e-05,-8.365865176947851e-05,3.9827310742534274e-05,0.11298870112988701,100000.0,937,concept|f3|concept_aware_eb,1.0,False,28
ednet,concept,simplekt,3,difficulty_bucket,isotonic,0.008246133158651343,0.008249321060364008,-3.187901712664587e-06,-7.98972904640725e-05,0.00012274070071757924,0.8881111888811118,100000.0,937,concept|f3|difficulty_bucket,1.0,False,28
ednet,concept,simplekt,4,none,isotonic,0.021461773818945675,0.0026910486803624995,0.018770725138583175,0.008631768583348461,0.0219399562135217,0.00019998000199980003,1000.0,937,concept|f4|none,0.005599440055994401,True,28
ednet,concept,simplekt,4,concept_aware_lambda0,isotonic,0.0061415154058864435,0.0026910486803624995,0.003450466725523944,0.0014227761211631136,0.004639341108334498,0.0011998800119988001,1000.0,937,concept|f4|concept_aware_lambda0,0.015598440155984402,True,28
ednet,concept,simplekt,4,concept_aware_eb,isotonic,0.003292053544492009,0.0026910486803624995,0.0006010048641295093,-0.0013511951850014594,0.0008948223222623907,0.7017298270172982,1000.0,937,concept|f4|concept_aware_eb,1.0,False,28
ednet,concept,simplekt,4,difficulty_bucket,isotonic,0.0026910087500671407,0.0026910486803624995,-3.9930295358831663e-08,-0.00023442136859450698,0.00013282374955855746,0.7525247475252475,1000.0,937,concept|f4|difficulty_bucket,1.0,False,28
