dataset,granularity,family,model,fold,contrast,method_a,method_b,ece_a,ece_b,delta_ece,ci_low,ci_high,p,n_students,n_test,family_key,p_holm,reject_holm,family_size
algebra2005,concept,deep,dkt,0,iso_vs_none,isotonic,none,0.006374502552125651,0.009364981241350946,-0.0029904786892252944,-0.005242558634003231,-0.0003201728566749467,0.023797620237976203,114,134674,concept|f0|iso_vs_none,0.1665833416658334,False,28
algebra2005,concept,deep,dkt,0,best_vs_runnerup,isotonic,platt,0.006374502552125651,0.007281589272573994,-0.000907086720448343,-0.0010751960643397046,0.0009818437063652855,0.36596340365963403,114,134674,concept|f0|best_vs_runnerup,1.0,False,28
algebra2005,concept,deep,dkt,1,iso_vs_none,isotonic,none,0.005797773175308806,0.005859255565591514,-6.148239028270792e-05,-0.008468926239378395,0.007868980334197808,0.9943005699430058,114,134674,concept|f1|iso_vs_none,1.0,False,28
algebra2005,concept,deep,dkt,1,best_vs_runnerup,temperature,isotonic,0.003976440647926451,0.005797773175308806,-0.001821332527382355,-0.007768026333765363,0.006670981609328605,0.6901309869013099,114,134674,concept|f1|best_vs_runnerup,1.0,False,28
algebra2005,concept,deep,dkt,2,iso_vs_none,isotonic,none,0.003559223044171273,0.003852718495234163,-0.0002934954510628901,-0.005299578662729179,0.003434373773045621,0.9551044895510449,114,134674,concept|f2|iso_vs_none,1.0,False,28
algebra2005,concept,deep,dkt,2,best_vs_runnerup,temperature,isotonic,0.0031933132737462316,0.003559223044171273,-0.00036590977042504124,-0.002561916396668826,0.003069895339331308,0.7671232876712328,114,134674,concept|f2|best_vs_runnerup,1.0,False,28
algebra2005,concept,deep,dkt,3,iso_vs_none,isotonic,none,0.002485079011042532,0.0031618876401500835,-0.0006768086291075513,-0.0025864514227177753,0.0017692074976963946,0.7951204879512048,114,134674,concept|f3|iso_vs_none,1.0,False,28
algebra2005,concept,deep,dkt,3,best_vs_runnerup,isotonic,none,0.002485079011042532,0.0031618876401500835,-0.0006768086291075513,-0.0025864514227177753,0.0017692074976963946,0.7951204879512048,114,134674,concept|f3|best_vs_runnerup,1.0,False,28
algebra2005,concept,deep,dkt,4,iso_vs_none,isotonic,none,0.001642277179815256,0.00584591754192883,-0.004203640362113574,-0.005284196090506065,-0.0004182275147998749,0.015798420157984203,114,134674,concept|f4|iso_vs_none,0.12638736126387362,False,28
algebra2005,concept,deep,dkt,4,best_vs_runnerup,isotonic,platt,0.001642277179815256,0.002798598142315,-0.001156320962499744,-0.0022236838376785617,0.000631451486867741,0.45595440455954406,114,134674,concept|f4|best_vs_runnerup,1.0,False,28
algebra2005,concept,deep,sakt,0,iso_vs_none,isotonic,none,0.00689179406330663,0.029569697363122493,-0.022677903299815862,-0.031114804943391743,-0.012389945499582562,0.00019998000199980003,114,134674,concept|f0|iso_vs_none,0.005599440055994401,True,28
algebra2005,concept,deep,sakt,0,best_vs_runnerup,temperature,isotonic,0.004736690243393066,0.00689179406330663,-0.0021551038199135635,-0.006815976536055377,0.0062107051668427215,0.6151384861513849,114,134674,concept|f0|best_vs_runnerup,1.0,False,28
algebra2005,concept,deep,sakt,1,iso_vs_none,isotonic,none,0.006739174146852229,0.028000225702417055,-0.021261051555564826,-0.028083262217803204,-0.011568512005495421,0.00019998000199980003,114,134674,concept|f1|iso_vs_none,0.005599440055994401,True,28
algebra2005,concept,deep,sakt,1,best_vs_runnerup,temperature,isotonic,0.0036054238488256543,0.006739174146852229,-0.0031337502980265746,-0.004353690612297395,0.0015336179220180538,0.18018198180181982,114,134674,concept|f1|best_vs_runnerup,1.0,False,28
algebra2005,concept,deep,sakt,2,iso_vs_none,isotonic,none,0.004430170320740622,0.02560134505072354,-0.02117117472998292,-0.0247520466034079,-0.012274050943932123,0.00019998000199980003,114,134674,concept|f2|iso_vs_none,0.005599440055994401,True,28
algebra2005,concept,deep,sakt,2,best_vs_runnerup,temperature,platt,0.004286386486990907,0.004364980919943424,-7.859443295251626e-05,-0.0001594516503567813,6.27767942967294e-05,0.25537446255374463,114,134674,concept|f2|best_vs_runnerup,1.0,False,28
algebra2005,concept,deep,sakt,3,iso_vs_none,isotonic,none,0.004150203573837841,0.02173147501190255,-0.01758127143806471,-0.020422337721126706,-0.012422954262207967,0.00019998000199980003,114,134674,concept|f3|iso_vs_none,0.005599440055994401,True,28
algebra2005,concept,deep,sakt,3,best_vs_runnerup,platt,isotonic,0.0027674651858301726,0.004150203573837841,-0.0013827383880076682,-0.0027742257978763778,0.0010477928962262203,0.5093490650934906,114,134674,concept|f3|best_vs_runnerup,1.0,False,28
algebra2005,concept,deep,sakt,4,iso_vs_none,isotonic,none,0.0024134632663364492,0.022701903371821045,-0.020288440105484595,-0.02145199812163481,-0.013938304206839875,0.00019998000199980003,114,134674,concept|f4|iso_vs_none,0.005599440055994401,True,28
algebra2005,concept,deep,sakt,4,best_vs_runnerup,isotonic,platt,0.0024134632663364492,0.0036143692452355295,-0.0012009059788990802,-0.002801924021054312,0.0009757635069731634,0.47115288471152883,114,134674,concept|f4|best_vs_runnerup,1.0,False,28
algebra2005,concept,deep,akt,0,iso_vs_none,isotonic,none,0.007145737599466832,0.0039346539124985565,0.0032110836869682757,-0.007068190110494317,0.007811448655436227,0.5869413058694131,114,134674,concept|f0|iso_vs_none,0.9491050894910509,False,28
algebra2005,concept,deep,akt,0,best_vs_runnerup,none,temperature,0.0039346539124985565,0.004798381793134602,-0.0008637278806360458,-0.002992619939771212,0.0026663831173426326,0.6507349265073493,114,134674,concept|f0|best_vs_runnerup,1.0,False,28
algebra2005,concept,deep,akt,1,iso_vs_none,isotonic,none,0.007085577667196234,0.0041560290620888595,0.0029295486051073745,-0.006331988679288216,0.006698402299635029,0.5515448455154485,114,134674,concept|f1|iso_vs_none,1.0,False,28
algebra2005,concept,deep,akt,1,best_vs_runnerup,none,temperature,0.0041560290620888595,0.004709911125188599,-0.0005538820630997393,-0.002462845567879913,0.003686149836545461,0.8189181081891811,114,134674,concept|f1|best_vs_runnerup,1.0,False,28
algebra2005,concept,deep,akt,2,iso_vs_none,isotonic,none,0.004412116345873562,0.007056007288520676,-0.0026438909426471134,-0.010176716033864499,0.00698485390760733,0.7055294470552945,114,134674,concept|f2|iso_vs_none,1.0,False,28
algebra2005,concept,deep,akt,2,best_vs_runnerup,isotonic,platt,0.004412116345873562,0.005327462094509477,-0.0009153457486359151,-0.0013197904840513987,0.0005081270801916706,0.26717328267173285,114,134674,concept|f2|best_vs_runnerup,1.0,False,28
algebra2005,concept,deep,akt,3,iso_vs_none,isotonic,none,0.0022850928275744576,0.013500967556552739,-0.011215874728978281,-0.012221916517950638,-0.0024351985149486275,0.0115988401159884,114,134674,concept|f3|iso_vs_none,0.115988401159884,False,28
algebra2005,concept,deep,akt,3,best_vs_runnerup,isotonic,platt,0.0022850928275744576,0.003730592820119516,-0.0014454999925450586,-0.0019658855444476685,0.0005340837119057375,0.3083691630836916,114,134674,concept|f3|best_vs_runnerup,1.0,False,28
algebra2005,concept,deep,akt,4,iso_vs_none,isotonic,none,0.0028353143054432304,0.0051571082464536774,-0.002321793941010447,-0.003784339811724765,0.00097678370511476,0.19818018198180182,114,134674,concept|f4|iso_vs_none,0.7927207279272073,False,28
algebra2005,concept,deep,akt,4,best_vs_runnerup,isotonic,temperature,0.0028353143054432304,0.0036934377340272725,-0.0008581234285840421,-0.0024611932833688275,0.0014734877352789424,0.6251374862513749,114,134674,concept|f4|best_vs_runnerup,1.0,False,28
algebra2005,concept,deep,simplekt,0,iso_vs_none,isotonic,none,0.006008015465649171,0.02371641297142935,-0.01770839750578018,-0.021566867422771658,-0.011958188102804915,0.00019998000199980003,114,134674,concept|f0|iso_vs_none,0.005599440055994401,True,28
algebra2005,concept,deep,simplekt,0,best_vs_runnerup,isotonic,platt,0.006008015465649171,0.011123575694071805,-0.005115560228422634,-0.007683208158657522,-0.0018481447492268036,0.00019998000199980003,114,134674,concept|f0|best_vs_runnerup,0.005599440055994401,True,28
algebra2005,concept,deep,simplekt,1,iso_vs_none,isotonic,none,0.0077866608415152186,0.013873042681580124,-0.006086381840064906,-0.016804657726243913,0.004660191612739011,0.3127687231276872,114,134674,concept|f1|iso_vs_none,1.0,False,28
algebra2005,concept,deep,simplekt,1,best_vs_runnerup,temperature,isotonic,0.00396058816085492,0.0077866608415152186,-0.0038260726806602988,-0.006642423134856958,0.004822995238082045,0.398960103989601,114,134674,concept|f1|best_vs_runnerup,1.0,False,28
algebra2005,concept,deep,simplekt,2,iso_vs_none,isotonic,none,0.004149508176719987,0.029991370775586768,-0.025841862598866783,-0.0313731147278234,-0.015319734992370469,0.00019998000199980003,114,134674,concept|f2|iso_vs_none,0.005599440055994401,True,28
algebra2005,concept,deep,simplekt,2,best_vs_runnerup,isotonic,temperature,0.004149508176719987,0.0073318608970205125,-0.0031823527203005252,-0.008042042308651744,0.002314004916704676,0.28997100289971,114,134674,concept|f2|best_vs_runnerup,1.0,False,28
algebra2005,concept,deep,simplekt,3,iso_vs_none,isotonic,none,0.003212284394119809,0.0292607678053685,-0.026048483411248692,-0.027183202874408476,-0.020403032604989275,0.00019998000199980003,114,134674,concept|f3|iso_vs_none,0.005599440055994401,True,28
algebra2005,concept,deep,simplekt,3,best_vs_runnerup,isotonic,temperature,0.003212284394119809,0.005242578929070043,-0.0020302945349502336,-0.003463612896979633,-0.0008569943167495121,0.0017998200179982,114,134674,concept|f3|best_vs_runnerup,0.046795320467953205,True,28
algebra2005,concept,deep,simplekt,4,iso_vs_none,isotonic,none,0.004129153977666996,0.01777508933794809,-0.013645935360281095,-0.019205870919144455,-0.0015130118117262373,0.0287971202879712,114,134674,concept|f4|iso_vs_none,0.2015798420157984,False,28
algebra2005,concept,deep,simplekt,4,best_vs_runnerup,isotonic,platt,0.004129153977666996,0.005658848616611316,-0.00152969463894432,-0.004452603496494568,0.00021314398892277134,0.2713728627137286,114,134674,concept|f4|best_vs_runnerup,1.0,False,28
algebra2005,question,deep,dkt,0,iso_vs_none,isotonic,none,0.008396330527263539,0.018426915918016085,-0.010030585390752546,-0.012275122649407949,-0.006484880309599648,0.00019998000199980003,114,92945,question|f0|iso_vs_none,0.010398960103989602,True,52
algebra2005,question,deep,dkt,0,best_vs_runnerup,platt,isotonic,0.008312324445455863,0.008396330527263539,-8.400608180767627e-05,-0.001483811418220268,0.0015935561904077036,0.4991500849915009,114,92945,question|f0|best_vs_runnerup,1.0,False,52
algebra2005,question,deep,dkt,1,iso_vs_none,isotonic,none,0.008684374649873636,0.009144125020173149,-0.00045975037029951336,-0.007488121032403732,0.006212747396026166,0.9403059694030597,114,92945,question|f1|iso_vs_none,1.0,False,52
algebra2005,question,deep,dkt,1,best_vs_runnerup,temperature,platt,0.006895630243694675,0.008111475930678711,-0.0012158456869840358,-0.0012685496921623297,0.000643850782387005,0.1735826417358264,114,92945,question|f1|best_vs_runnerup,1.0,False,52
algebra2005,question,deep,dkt,2,iso_vs_none,isotonic,none,0.005416607061297115,0.009055900801549027,-0.003639293740251912,-0.0061227149392297925,0.0005063520375947835,0.09099090090990901,114,92945,question|f2|iso_vs_none,1.0,False,52
algebra2005,question,deep,dkt,2,best_vs_runnerup,platt,isotonic,0.004320255758246756,0.005416607061297115,-0.0010963513030503597,-0.0030535102144962096,0.0006048004241701428,0.31616838316168383,114,92945,question|f2|best_vs_runnerup,1.0,False,52
algebra2005,question,deep,dkt,3,iso_vs_none,isotonic,none,0.004145374683256566,0.009450445962666166,-0.005305071279409599,-0.009745990857385088,0.005608185097752659,0.3835616438356164,114,92945,question|f3|iso_vs_none,1.0,False,52
algebra2005,question,deep,dkt,3,best_vs_runnerup,isotonic,platt,0.004145374683256566,0.005058809324899445,-0.0009134346416428789,-0.002227032526538527,0.002632335222008679,0.8289171082891711,114,92945,question|f3|best_vs_runnerup,1.0,False,52
algebra2005,question,deep,dkt,4,iso_vs_none,isotonic,none,0.003709444454636354,0.011837706170316056,-0.008128261715679702,-0.011509773329069899,0.001646196747086302,0.10798920107989202,114,92945,question|f4|iso_vs_none,0.7559244075592442,False,52
algebra2005,question,deep,dkt,4,best_vs_runnerup,isotonic,platt,0.003709444454636354,0.004280790819193314,-0.0005713463645569605,-0.0016970643226485972,0.0016079688485722003,0.7139286071392861,114,92945,question|f4|best_vs_runnerup,1.0,False,52
algebra2005,question,deep,sakt,0,iso_vs_none,isotonic,none,0.009451996387790278,0.05898694281564368,-0.0495349464278534,-0.06009502339637897,-0.035069969369924646,0.00019998000199980003,114,92945,question|f0|iso_vs_none,0.010398960103989602,True,52
algebra2005,question,deep,sakt,0,best_vs_runnerup,isotonic,platt,0.009451996387790278,0.01407683863171134,-0.004624842243921063,-0.008010686952220552,-0.00034832610356828284,0.0103989601039896,114,92945,question|f0|best_vs_runnerup,0.3951604839516048,False,52
algebra2005,question,deep,sakt,1,iso_vs_none,isotonic,none,0.010279013023199246,0.057574791543385795,-0.04729577852018655,-0.05843481451020519,-0.03322135735617493,0.00019998000199980003,114,92945,question|f1|iso_vs_none,0.010398960103989602,True,52
algebra2005,question,deep,sakt,1,best_vs_runnerup,isotonic,platt,0.010279013023199246,0.012470708716653602,-0.002191695693454355,-0.006764079439127222,-3.764288762889551e-05,0.03519648035196481,114,92945,question|f1|best_vs_runnerup,0.9855014498550145,False,52
algebra2005,question,deep,sakt,2,iso_vs_none,isotonic,none,0.006375238680334716,0.05358530528807384,-0.047210066607739125,-0.05341629937728658,-0.0348133404836223,0.00019998000199980003,114,92945,question|f2|iso_vs_none,0.010398960103989602,True,52
algebra2005,question,deep,sakt,2,best_vs_runnerup,isotonic,platt,0.006375238680334716,0.011679627669532825,-0.005304388989198109,-0.00748450724812336,-0.0013542818382587109,0.0035996400359964,114,92945,question|f2|best_vs_runnerup,0.143985601439856,False,52
algebra2005,question,deep,sakt,3,iso_vs_none,isotonic,none,0.006511678369181776,0.0507204863091078,-0.04420880793992602,-0.048675114523804096,-0.03571555383838067,0.00019998000199980003,114,92945,question|f3|iso_vs_none,0.010398960103989602,True,52
algebra2005,question,deep,sakt,3,best_vs_runnerup,isotonic,platt,0.006511678369181776,0.013258050853704567,-0.006746372484522791,-0.009858026903689492,-0.0015660299147860067,0.0053994600539946005,114,92945,question|f3|best_vs_runnerup,0.22677732226777322,False,52
algebra2005,question,deep,sakt,4,iso_vs_none,isotonic,none,0.004657631681734592,0.05168080047339848,-0.047023168791663884,-0.050365393547547106,-0.037866842668968705,0.00019998000199980003,114,92945,question|f4|iso_vs_none,0.010398960103989602,True,52
algebra2005,question,deep,sakt,4,best_vs_runnerup,isotonic,platt,0.004657631681734592,0.010565116140825033,-0.005907484459090441,-0.008928349227742275,-0.0008123441220341661,0.019198080191980802,114,92945,question|f4|best_vs_runnerup,0.6335366463353664,False,52
algebra2005,question,deep,akt,0,iso_vs_none,isotonic,none,0.009306129569640983,0.02222141696702365,-0.012915287397382666,-0.02395951878096867,-0.0008409504744111373,0.032996700329967,114,92945,question|f0|iso_vs_none,0.31596840315968405,False,52
algebra2005,question,deep,akt,0,best_vs_runnerup,isotonic,platt,0.009306129569640983,0.018262230134676233,-0.00895610056503525,-0.014596715351614007,-0.00362096815664353,0.00019998000199980003,114,92945,question|f0|best_vs_runnerup,0.010398960103989602,True,52
algebra2005,question,deep,akt,1,iso_vs_none,isotonic,none,0.010154991167907343,0.024972267470009153,-0.01481727630210181,-0.025274603502450605,-0.0025144305544582955,0.012998700129987,114,92945,question|f1|iso_vs_none,0.155984401559844,False,52
algebra2005,question,deep,akt,1,best_vs_runnerup,isotonic,platt,0.010154991167907343,0.015268883295469552,-0.005113892127562209,-0.011547958905955403,-0.001305881212380885,0.00019998000199980003,114,92945,question|f1|best_vs_runnerup,0.010398960103989602,True,52
algebra2005,question,deep,akt,2,iso_vs_none,isotonic,none,0.006110668513372631,0.026762617677121008,-0.020651949163748375,-0.0260953609453068,-0.008093418338247423,0.0011998800119988001,114,92945,question|f2|iso_vs_none,0.025197480251974803,True,52
algebra2005,question,deep,akt,2,best_vs_runnerup,isotonic,platt,0.006110668513372631,0.016819176366650736,-0.010708507853278103,-0.013431878094080942,-0.00579124822287344,0.00019998000199980003,114,92945,question|f2|best_vs_runnerup,0.010398960103989602,True,52
algebra2005,question,deep,akt,3,iso_vs_none,isotonic,none,0.003602366896473805,0.03547684221851649,-0.031874475322042684,-0.03413527900785019,-0.021660955745487532,0.00019998000199980003,114,92945,question|f3|iso_vs_none,0.010398960103989602,True,52
algebra2005,question,deep,akt,3,best_vs_runnerup,isotonic,temperature,0.003602366896473805,0.016938577330694544,-0.01333621043422074,-0.015067720952352934,-0.005766072679723681,0.0013998600139986002,114,92945,question|f3|best_vs_runnerup,0.06439356064393562,False,52
algebra2005,question,deep,akt,4,iso_vs_none,isotonic,none,0.0038247446275455413,0.02655652267470019,-0.02273177804715465,-0.025064357235081682,-0.013730891241834384,0.00019998000199980003,114,92945,question|f4|iso_vs_none,0.010398960103989602,True,52
algebra2005,question,deep,akt,4,best_vs_runnerup,isotonic,temperature,0.0038247446275455413,0.016118439941207315,-0.012293695313661774,-0.01652512654203114,-0.0010025014520575436,0.029197080291970802,114,92945,question|f4|best_vs_runnerup,0.9343065693430657,False,52
algebra2005,question,deep,simplekt,0,iso_vs_none,isotonic,none,0.008114021450333847,0.05390192909785373,-0.04578790764751989,-0.053638715702894066,-0.03401178656894132,0.00019998000199980003,114,92945,question|f0|iso_vs_none,0.010398960103989602,True,52
algebra2005,question,deep,simplekt,0,best_vs_runnerup,isotonic,platt,0.008114021450333847,0.008114205955853708,-1.8450551986064212e-07,-0.0025591299649137724,0.0004546712022655436,0.39936006399360063,114,92945,question|f0|best_vs_runnerup,1.0,False,52
algebra2005,question,deep,simplekt,1,iso_vs_none,isotonic,none,0.011320260666461628,0.04926466189682044,-0.03794440123035881,-0.048431450571141794,-0.022545336015868785,0.00019998000199980003,114,92945,question|f1|iso_vs_none,0.010398960103989602,True,52
algebra2005,question,deep,simplekt,1,best_vs_runnerup,isotonic,platt,0.011320260666461628,0.017339394079326297,-0.006019133412864669,-0.0113206425721623,-7.796815954797208e-05,0.026197380261973803,114,92945,question|f1|best_vs_runnerup,0.8121187881211879,False,52
algebra2005,question,deep,simplekt,2,iso_vs_none,isotonic,none,0.004745092357259205,0.0654253666146645,-0.06068027425740529,-0.06551138298662607,-0.04665682920449349,0.00019998000199980003,114,92945,question|f2|iso_vs_none,0.010398960103989602,True,52
algebra2005,question,deep,simplekt,2,best_vs_runnerup,isotonic,platt,0.004745092357259205,0.009945991289896249,-0.005200898932637044,-0.007121448744256048,-0.00025361752144788203,0.019998000199980003,114,92945,question|f2|best_vs_runnerup,0.6999300069993001,False,52
algebra2005,question,deep,simplekt,3,iso_vs_none,isotonic,none,0.0029702847470003415,0.0668053633869497,-0.06383507863994936,-0.0655590920436024,-0.05298263326054349,0.00019998000199980003,114,92945,question|f3|iso_vs_none,0.010398960103989602,True,52
algebra2005,question,deep,simplekt,3,best_vs_runnerup,isotonic,platt,0.0029702847470003415,0.01067053552628573,-0.0077002507792853885,-0.00937447669617284,-0.0012605292744443698,0.0035996400359964,114,92945,question|f3|best_vs_runnerup,0.161983801619838,False,52
algebra2005,question,deep,simplekt,4,iso_vs_none,isotonic,none,0.005607125769904195,0.042425616224649035,-0.03681849045474484,-0.04075589221483505,-0.028577033301764365,0.00019998000199980003,114,92945,question|f4|iso_vs_none,0.010398960103989602,True,52
algebra2005,question,deep,simplekt,4,best_vs_runnerup,isotonic,platt,0.005607125769904195,0.022666623861301905,-0.017059498091397708,-0.01993532610802394,-0.009348096299310264,0.00019998000199980003,114,92945,question|f4|best_vs_runnerup,0.010398960103989602,True,52
algebra2005,question,classical,bkt,0,iso_vs_none,isotonic,none,0.015110266657257995,0.011568025069136246,0.003542241588121749,-0.01015324547363132,0.01097930737475877,0.6367363263673632,114,93595,question|f0|iso_vs_none,1.0,False,52
algebra2005,question,classical,bkt,0,best_vs_runnerup,none,temperature,0.011568025069136246,0.012506752179265392,-0.0009387271101291457,-0.0036751313270983106,0.004466091260434858,0.8871112888711129,114,93595,question|f0|best_vs_runnerup,1.0,False,52
algebra2005,question,classical,bkt,1,iso_vs_none,isotonic,none,0.015133122592670823,0.014804421071967219,0.0003287015207036042,-0.00949268354464249,0.00970862865085338,0.9295070492950704,114,93595,question|f1|iso_vs_none,1.0,False,52
algebra2005,question,classical,bkt,1,best_vs_runnerup,temperature,none,0.012128590041425767,0.014804421071967219,-0.0026758310305414514,-0.003458398540300714,0.0020174681959390715,0.6563343665633437,114,93595,question|f1|best_vs_runnerup,1.0,False,52
algebra2005,question,classical,bkt,2,iso_vs_none,isotonic,none,0.006888366980513815,0.010821430607099707,-0.003933063626585892,-0.0077727815401268645,0.0010793232930329541,0.13838616138386162,114,93595,question|f2|iso_vs_none,1.0,False,52
algebra2005,question,classical,bkt,2,best_vs_runnerup,isotonic,temperature,0.006888366980513815,0.009066518113827825,-0.0021781511333140097,-0.007651559652075284,0.0033321357478476787,0.6121387861213878,114,93595,question|f2|best_vs_runnerup,1.0,False,52
algebra2005,question,classical,bkt,3,iso_vs_none,isotonic,none,0.008437443657098913,0.010838485938406675,-0.0024010422813077626,-0.0077944946625663316,0.0028299539350916413,0.5345465453454654,114,93595,question|f3|iso_vs_none,1.0,False,52
algebra2005,question,classical,bkt,3,best_vs_runnerup,isotonic,temperature,0.008437443657098913,0.010039585624444607,-0.0016021419673456945,-0.006891962560952298,0.0032794551141317792,0.6231376862313769,114,93595,question|f3|best_vs_runnerup,1.0,False,52
algebra2005,question,classical,bkt,4,iso_vs_none,isotonic,none,0.006502154496033667,0.01311300644278719,-0.006610851946753524,-0.010752414232819118,3.1727628312262966e-05,0.052594740525947405,114,93595,question|f4|iso_vs_none,0.42075792420757924,False,52
algebra2005,question,classical,bkt,4,best_vs_runnerup,isotonic,temperature,0.006502154496033667,0.010123306250107402,-0.0036211517540737353,-0.006811580965723112,0.0008860241944978719,0.138986101389861,114,93595,question|f4|best_vs_runnerup,1.0,False,52
algebra2005,question,classical,pfa,0,iso_vs_none,isotonic,none,0.01320170721342882,0.03289777408588202,-0.0196960668724532,-0.028767322704857448,-0.011044021999505492,0.00019998000199980003,114,93595,question|f0|iso_vs_none,0.010398960103989602,True,52
algebra2005,question,classical,pfa,0,best_vs_runnerup,isotonic,platt,0.01320170721342882,0.018107503373279963,-0.004905796159851143,-0.009373941837303562,0.00010350004959414206,0.059994000599940006,114,93595,question|f0|best_vs_runnerup,1.0,False,52
algebra2005,question,classical,pfa,1,iso_vs_none,isotonic,none,0.017406892487471258,0.03531520490245504,-0.01790831241498378,-0.028766971985571335,-0.009169679636662143,0.00019998000199980003,114,93595,question|f1|iso_vs_none,0.010398960103989602,True,52
algebra2005,question,classical,pfa,1,best_vs_runnerup,isotonic,platt,0.017406892487471258,0.021192292923012626,-0.003785400435541368,-0.008684940550385902,-0.0007026220756156887,0.0047995200479952005,114,93595,question|f1|best_vs_runnerup,0.1701829817018298,False,52
algebra2005,question,classical,pfa,2,iso_vs_none,isotonic,none,0.003996781999085031,0.03593191749589054,-0.0319351354968055,-0.033941838359084264,-0.022751747271155236,0.00019998000199980003,114,93595,question|f2|iso_vs_none,0.010398960103989602,True,52
algebra2005,question,classical,pfa,2,best_vs_runnerup,isotonic,platt,0.003996781999085031,0.01322099985578923,-0.009224217856704199,-0.011388000214823009,-0.0017172584318970417,0.0037996200379962005,114,93595,question|f2|best_vs_runnerup,0.14438556144385561,False,52
algebra2005,question,classical,pfa,3,iso_vs_none,isotonic,none,0.00524731946135073,0.03302954771471978,-0.027782228253369054,-0.03027168698290415,-0.018234060356951794,0.00019998000199980003,114,93595,question|f3|iso_vs_none,0.010398960103989602,True,52
algebra2005,question,classical,pfa,3,best_vs_runnerup,isotonic,platt,0.00524731946135073,0.011701781261693826,-0.006454461800343096,-0.008462497449176648,-0.0005033252209590375,0.0163983601639836,114,93595,question|f3|best_vs_runnerup,0.6159384061593841,False,52
algebra2005,question,classical,pfa,4,iso_vs_none,isotonic,none,0.006212237989740156,0.03752134876530182,-0.031309110775561665,-0.03484062249257012,-0.01735115146930114,0.00019998000199980003,114,93595,question|f4|iso_vs_none,0.010398960103989602,True,52
algebra2005,question,classical,pfa,4,best_vs_runnerup,isotonic,platt,0.006212237989740156,0.008729436195264152,-0.0025171982055239963,-0.00747482919052026,0.0013182953531007356,0.30016998300169984,114,93595,question|f4|best_vs_runnerup,1.0,False,52
algebra2005,question,classical,pfa_recency,0,iso_vs_none,isotonic,none,0.012892235475268115,0.03593917063661292,-0.023046935161344807,-0.034496555862096503,-0.016339101133262438,0.00019998000199980003,114,93595,question|f0|iso_vs_none,0.010398960103989602,True,52
algebra2005,question,classical,pfa_recency,0,best_vs_runnerup,isotonic,platt,0.012892235475268115,0.017868699923528266,-0.004976464448260151,-0.014389458094753714,-0.00014104186865779913,0.043795620437956206,114,93595,question|f0|best_vs_runnerup,1.0,False,52
algebra2005,question,classical,pfa_recency,1,iso_vs_none,isotonic,none,0.01742381203563955,0.036694265480430775,-0.019270453444791225,-0.03321438674992002,-0.012994711881093102,0.00019998000199980003,114,93595,question|f1|iso_vs_none,0.010398960103989602,True,52
algebra2005,question,classical,pfa_recency,1,best_vs_runnerup,isotonic,platt,0.01742381203563955,0.022698295766369187,-0.0052744837307296365,-0.01002875298978867,-0.00028333181380902635,0.029197080291970802,114,93595,question|f1|best_vs_runnerup,0.8467153284671532,False,52
algebra2005,question,classical,pfa_recency,2,iso_vs_none,isotonic,none,0.00521198563245547,0.03676533641493106,-0.031553350782475585,-0.03420965243593751,-0.02313937279911425,0.00019998000199980003,114,93595,question|f2|iso_vs_none,0.010398960103989602,True,52
algebra2005,question,classical,pfa_recency,2,best_vs_runnerup,isotonic,platt,0.00521198563245547,0.019417566989879415,-0.014205581357423946,-0.017527947920227577,-0.0014581297855866039,0.012398760123987601,114,93595,question|f2|best_vs_runnerup,0.44635536446355367,False,52
algebra2005,question,classical,pfa_recency,3,iso_vs_none,isotonic,none,0.005395114252848775,0.03702595758526504,-0.03163084333241627,-0.03439386397169232,-0.023385249870830422,0.00019998000199980003,114,93595,question|f3|iso_vs_none,0.010398960103989602,True,52
algebra2005,question,classical,pfa_recency,3,best_vs_runnerup,isotonic,platt,0.005395114252848775,0.017817428256431088,-0.012422314003582312,-0.014712072696929358,-0.0017202577622313113,0.008399160083991601,114,93595,question|f3|best_vs_runnerup,0.34436556344365565,False,52
algebra2005,question,classical,pfa_recency,4,iso_vs_none,isotonic,none,0.005632288918054403,0.039285808882673585,-0.03365351996461918,-0.038228287274907666,-0.01999867536278325,0.00019998000199980003,114,93595,question|f4|iso_vs_none,0.010398960103989602,True,52
algebra2005,question,classical,pfa_recency,4,best_vs_runnerup,isotonic,platt,0.005632288918054403,0.01856001788100607,-0.012927728962951666,-0.014116335294466152,-0.0018976751290193216,0.015198480151984802,114,93595,question|f4|best_vs_runnerup,0.5327467253274673,False,52
algebra2005,question,classical,elorasch,0,iso_vs_none,isotonic,none,0.011887754420092355,0.06304581549755381,-0.05115806107746145,-0.05674659789873001,-0.04187163819611892,0.00019998000199980003,114,93595,question|f0|iso_vs_none,0.010398960103989602,True,52
algebra2005,question,classical,elorasch,0,best_vs_runnerup,temperature,isotonic,0.0112363835379638,0.011887754420092355,-0.000651370882128556,-0.008603031358382075,0.009038650508625052,0.9793020697930207,114,93595,question|f0|best_vs_runnerup,1.0,False,52
algebra2005,question,classical,elorasch,1,iso_vs_none,isotonic,none,0.024033860947918394,0.0639552729945456,-0.03992141204662721,-0.04517400560241365,-0.03301383835768747,0.00019998000199980003,114,93595,question|f1|iso_vs_none,0.010398960103989602,True,52
algebra2005,question,classical,elorasch,1,best_vs_runnerup,temperature,platt,0.015767758023648715,0.023675306599975104,-0.00790754857632639,-0.01204459845364274,-0.00046868870151349365,0.036396360363963605,114,93595,question|f1|best_vs_runnerup,0.9855014498550145,False,52
algebra2005,question,classical,elorasch,2,iso_vs_none,isotonic,none,0.008473611934882372,0.06046449357305395,-0.05199088163817158,-0.05567171732852819,-0.040771355180817016,0.00019998000199980003,114,93595,question|f2|iso_vs_none,0.010398960103989602,True,52
algebra2005,question,classical,elorasch,2,best_vs_runnerup,isotonic,temperature,0.008473611934882372,0.011764524114058086,-0.003290912179175714,-0.00855920507518672,0.006233602818426673,0.624937506249375,114,93595,question|f2|best_vs_runnerup,1.0,False,52
algebra2005,question,classical,elorasch,3,iso_vs_none,isotonic,none,0.0075071695535258364,0.06188932369459448,-0.054382154141068645,-0.05693379257695521,-0.04394363086699752,0.00019998000199980003,114,93595,question|f3|iso_vs_none,0.010398960103989602,True,52
algebra2005,question,classical,elorasch,3,best_vs_runnerup,isotonic,temperature,0.0075071695535258364,0.011760465409523389,-0.004253295855997552,-0.008721561629438025,0.0026630576656774575,0.38076192380761925,114,93595,question|f3|best_vs_runnerup,1.0,False,52
algebra2005,question,classical,elorasch,4,iso_vs_none,isotonic,none,0.008311232145012833,0.060837661119567635,-0.0525264289745548,-0.055935179082182374,-0.041653695124277024,0.00019998000199980003,114,93595,question|f4|iso_vs_none,0.010398960103989602,True,52
algebra2005,question,classical,elorasch,4,best_vs_runnerup,isotonic,temperature,0.008311232145012833,0.01126574826330858,-0.0029545161182957472,-0.008929280667307839,0.0021976529627573353,0.38316168383161686,114,93595,question|f4|best_vs_runnerup,1.0,False,52
assist2009,concept,deep,dkt,0,iso_vs_none,isotonic,none,0.009417894153786532,0.007414167955992682,0.00200372619779385,-0.002190949340953638,0.004668876646392791,0.3163683631636836,770,61904,concept|f0|iso_vs_none,0.9491050894910509,False,28
assist2009,concept,deep,dkt,0,best_vs_runnerup,none,temperature,0.007414167955992682,0.008120449276408958,-0.0007062813204162764,-0.0014118348938537708,0.00037787010159460647,0.16698330166983302,770,61904,concept|f0|best_vs_runnerup,1.0,False,28
assist2009,concept,deep,dkt,1,iso_vs_none,isotonic,none,0.012392594600446994,0.008644893486503342,0.0037477011139436522,-0.006738613774192169,0.012569277824286369,0.5595440455954405,770,61904,concept|f1|iso_vs_none,1.0,False,28
assist2009,concept,deep,dkt,1,best_vs_runnerup,temperature,none,0.0064233160343548906,0.008644893486503342,-0.0022215774521484512,-0.0059691204082779,0.003334080245413989,0.4757524247575243,770,61904,concept|f1|best_vs_runnerup,1.0,False,28
assist2009,concept,deep,dkt,2,iso_vs_none,isotonic,none,0.011096229315564081,0.010021374641505458,0.0010748546740586232,-0.00282826850496287,0.002703790529792946,0.45035496450354967,770,61904,concept|f2|iso_vs_none,1.0,False,28
assist2009,concept,deep,dkt,2,best_vs_runnerup,none,platt,0.010021374641505458,0.010717851716632774,-0.0006964770751273167,-0.001981105441372959,0.0011137106374224384,0.28997100289971,770,61904,concept|f2|best_vs_runnerup,1.0,False,28
assist2009,concept,deep,dkt,3,iso_vs_none,isotonic,none,0.011735547916745786,0.0070721255327803705,0.004663422383965415,-0.0014914616571277731,0.0061742629492285974,0.14878512148785122,770,61904,concept|f3|iso_vs_none,0.8927107289271073,False,28
assist2009,concept,deep,dkt,3,best_vs_runnerup,temperature,none,0.0068087943636340985,0.0070721255327803705,-0.00026333116914627197,-0.000716521222701087,0.0002815905848975414,0.2653734626537346,770,61904,concept|f3|best_vs_runnerup,1.0,False,28
assist2009,concept,deep,dkt,4,iso_vs_none,isotonic,none,0.006738685897324672,0.01264908009171397,-0.005910394194389297,-0.008089456555772973,-0.0026306630511495,0.0023997600239976003,770,61904,concept|f4|iso_vs_none,0.021597840215978402,True,28
assist2009,concept,deep,dkt,4,best_vs_runnerup,isotonic,temperature,0.006738685897324672,0.008339507645449174,-0.0016008217481245021,-0.0032912920999698604,0.0006841645005291242,0.18718128187181282,770,61904,concept|f4|best_vs_runnerup,1.0,False,28
assist2009,concept,deep,sakt,0,iso_vs_none,isotonic,none,0.010047348576907584,0.04015854801080865,-0.030111199433901066,-0.0346484844077445,-0.02148176095403631,0.00019998000199980003,770,61904,concept|f0|iso_vs_none,0.005599440055994401,True,28
assist2009,concept,deep,sakt,0,best_vs_runnerup,isotonic,temperature,0.010047348576907584,0.011277537832232424,-0.0012301892553248407,-0.008813198516405248,0.006583567505716335,0.682931706829317,770,61904,concept|f0|best_vs_runnerup,1.0,False,28
assist2009,concept,deep,sakt,1,iso_vs_none,isotonic,none,0.009272738106951261,0.04249956474733232,-0.033226826640381055,-0.03718733138703147,-0.026705080469066833,0.00019998000199980003,770,61904,concept|f1|iso_vs_none,0.005599440055994401,True,28
assist2009,concept,deep,sakt,1,best_vs_runnerup,isotonic,platt,0.009272738106951261,0.01142508903273787,-0.0021523509257866096,-0.005107651776999949,0.0007466868818165284,0.10778922107789221,770,61904,concept|f1|best_vs_runnerup,1.0,False,28
assist2009,concept,deep,sakt,2,iso_vs_none,isotonic,none,0.012917450556114088,0.03825182835630443,-0.025334377800190343,-0.028198771029037353,-0.02218078905543848,0.00019998000199980003,770,61904,concept|f2|iso_vs_none,0.005599440055994401,True,28
assist2009,concept,deep,sakt,2,best_vs_runnerup,platt,temperature,0.01208777048152743,0.012530093084826732,-0.00044232260329930134,-0.0007211337525214932,-1.917192040828346e-05,0.044995500449955005,770,61904,concept|f2|best_vs_runnerup,1.0,False,28
assist2009,concept,deep,sakt,3,iso_vs_none,isotonic,none,0.009497674172773833,0.04516834967189442,-0.035670675499120584,-0.03800917981114971,-0.029438549246174842,0.00019998000199980003,770,61904,concept|f3|iso_vs_none,0.005599440055994401,True,28
assist2009,concept,deep,sakt,3,best_vs_runnerup,isotonic,platt,0.009497674172773833,0.011542348444524387,-0.002044674271750554,-0.004531930721222325,0.0015393977218246281,0.2743725627437256,770,61904,concept|f3|best_vs_runnerup,1.0,False,28
assist2009,concept,deep,sakt,4,iso_vs_none,isotonic,none,0.009194434244967936,0.033467823304739054,-0.024273389059771118,-0.026382926447601197,-0.01692161949844029,0.00019998000199980003,770,61904,concept|f4|iso_vs_none,0.005599440055994401,True,28
assist2009,concept,deep,sakt,4,best_vs_runnerup,temperature,isotonic,0.006763850695865125,0.009194434244967936,-0.002430583549102811,-0.005453800848387904,0.0012889740317765055,0.17418258174182583,770,61904,concept|f4|best_vs_runnerup,1.0,False,28
assist2009,concept,deep,akt,0,iso_vs_none,isotonic,none,0.007887645057344302,0.010144944341557658,-0.0022572992842133568,-0.0056886228607879365,0.0019076349752932442,0.35976402359764026,770,61904,concept|f0|iso_vs_none,0.9491050894910509,False,28
assist2009,concept,deep,akt,0,best_vs_runnerup,temperature,isotonic,0.0049820333429126925,0.007887645057344302,-0.002905611714431609,-0.00569069363948651,0.00269177139310029,0.35976402359764026,770,61904,concept|f0|best_vs_runnerup,1.0,False,28
assist2009,concept,deep,akt,1,iso_vs_none,isotonic,none,0.010009683579694553,0.006168805380620897,0.003840878199073656,-0.0014707860924962352,0.005698307244166147,0.18618138186181382,770,61904,concept|f1|iso_vs_none,1.0,False,28
assist2009,concept,deep,akt,1,best_vs_runnerup,temperature,none,0.003514278877891785,0.006168805380620897,-0.002654526502729112,-0.004028143211855624,0.001353278291582093,0.2535746425357464,770,61904,concept|f1|best_vs_runnerup,1.0,False,28
assist2009,concept,deep,akt,2,iso_vs_none,isotonic,none,0.01103709670912499,0.0074279251457233944,0.003609171563401595,-0.0007999776555871344,0.004589394236080644,0.1197880211978802,770,61904,concept|f2|iso_vs_none,0.8385161483851614,False,28
assist2009,concept,deep,akt,2,best_vs_runnerup,temperature,none,0.006410879677479532,0.0074279251457233944,-0.0010170454682438624,-0.0014702893059149133,0.000274555173838959,0.1141885811418858,770,61904,concept|f2|best_vs_runnerup,1.0,False,28
assist2009,concept,deep,akt,3,iso_vs_none,isotonic,none,0.011482638242464968,0.007119898870692492,0.0043627393717724765,-0.0010053490617375218,0.00716457855076889,0.1141885811418858,770,61904,concept|f3|iso_vs_none,0.7993200679932007,False,28
assist2009,concept,deep,akt,3,best_vs_runnerup,temperature,none,0.005098444517861489,0.007119898870692492,-0.002021454352831003,-0.002217406962441235,0.0002892785854976075,0.0775922407759224,770,61904,concept|f3|best_vs_runnerup,1.0,False,28
assist2009,concept,deep,akt,4,iso_vs_none,isotonic,none,0.006170731862992517,0.019155259687143166,-0.01298452782415065,-0.013926840336233186,-0.007297606801415158,0.00019998000199980003,770,61904,concept|f4|iso_vs_none,0.005599440055994401,True,28
assist2009,concept,deep,akt,4,best_vs_runnerup,platt,isotonic,0.00595140028157385,0.006170731862992517,-0.00021933158141866724,-0.0017553954136280705,0.001569030960356856,0.8653134686531346,770,61904,concept|f4|best_vs_runnerup,1.0,False,28
assist2009,concept,deep,simplekt,0,iso_vs_none,isotonic,none,0.0089113230670583,0.055354763466805575,-0.04644344039974727,-0.048688464518266146,-0.04049924847572587,0.00019998000199980003,770,61904,concept|f0|iso_vs_none,0.005599440055994401,True,28
assist2009,concept,deep,simplekt,0,best_vs_runnerup,isotonic,platt,0.0089113230670583,0.00920960731855195,-0.0002982842514936499,-0.0036338165510875755,0.0023948865971997377,0.8065193480651934,770,61904,concept|f0|best_vs_runnerup,1.0,False,28
assist2009,concept,deep,simplekt,1,iso_vs_none,isotonic,none,0.014142313464093729,0.09806807461820578,-0.08392576115411206,-0.09105142108562571,-0.07571372731255084,0.00019998000199980003,770,61904,concept|f1|iso_vs_none,0.005599440055994401,True,28
assist2009,concept,deep,simplekt,1,best_vs_runnerup,platt,isotonic,0.012709493604137527,0.014142313464093729,-0.0014328198599562018,-0.0025598575265753723,0.0008431000545093169,0.13758624137586242,770,61904,concept|f1|best_vs_runnerup,1.0,False,28
assist2009,concept,deep,simplekt,2,iso_vs_none,isotonic,none,0.01310922076198847,0.011859834272036011,0.0012493864899524587,-0.009727350973275697,0.012517962954571932,0.8777122287771223,770,61904,concept|f2|iso_vs_none,1.0,False,28
assist2009,concept,deep,simplekt,2,best_vs_runnerup,temperature,none,0.011758301856333085,0.011859834272036011,-0.0001015324157029266,-0.001888941595866381,0.0015112875867369293,0.7015298470152985,770,61904,concept|f2|best_vs_runnerup,1.0,False,28
assist2009,concept,deep,simplekt,3,iso_vs_none,isotonic,none,0.01293019119429182,0.03321059344688673,-0.020280402252594913,-0.027803812600923558,-0.011947910152922219,0.00019998000199980003,770,61904,concept|f3|iso_vs_none,0.005599440055994401,True,28
assist2009,concept,deep,simplekt,3,best_vs_runnerup,platt,isotonic,0.011650454138134356,0.01293019119429182,-0.0012797370561574636,-0.002661336634022652,0.002107962349106444,0.42675732426757323,770,61904,concept|f3|best_vs_runnerup,1.0,False,28
assist2009,concept,deep,simplekt,4,iso_vs_none,isotonic,none,0.007397662706468434,0.08653906019980608,-0.07914139749333764,-0.08339256691842883,-0.07074933041949187,0.00019998000199980003,770,61904,concept|f4|iso_vs_none,0.005599440055994401,True,28
assist2009,concept,deep,simplekt,4,best_vs_runnerup,isotonic,platt,0.007397662706468434,0.008719092166905402,-0.001321429460436968,-0.004742258958357427,0.0021800717447139407,0.5503449655034497,770,61904,concept|f4|best_vs_runnerup,1.0,False,28
assist2009,question,deep,dkt,0,iso_vs_none,isotonic,none,0.011967688904565404,0.009353178704023097,0.002614510200542307,-0.006455517471337506,0.007351454782581621,0.6953304669533047,770,52254,question|f0|iso_vs_none,1.0,False,52
assist2009,question,deep,dkt,0,best_vs_runnerup,temperature,none,0.005372816486357153,0.009353178704023097,-0.003980362217665944,-0.008983269592426136,0.002886176043789002,0.28057194280571945,770,52254,question|f0|best_vs_runnerup,1.0,False,52
assist2009,question,deep,dkt,1,iso_vs_none,isotonic,none,0.015119137649297726,0.008750863091820481,0.006368274557477245,-0.0080674128652934,0.017477188519572417,0.43375662433756623,770,52254,question|f1|iso_vs_none,1.0,False,52
assist2009,question,deep,dkt,1,best_vs_runnerup,none,temperature,0.008750863091820481,0.00886008575060767,-0.00010922265878718883,-0.0007972587291655257,0.00028098158319616717,0.535946405359464,770,52254,question|f1|best_vs_runnerup,1.0,False,52
assist2009,question,deep,dkt,2,iso_vs_none,isotonic,none,0.013669099759398588,0.011353559536112005,0.0023155402232865833,-0.0029973074934178516,0.003442949913700682,0.38936106389361064,770,52254,question|f2|iso_vs_none,1.0,False,52
assist2009,question,deep,dkt,2,best_vs_runnerup,temperature,none,0.008059082870173392,0.011353559536112005,-0.0032944766659386126,-0.005212747675411644,-8.691647381092949e-05,0.043195680431956804,770,52254,question|f2|best_vs_runnerup,1.0,False,52
assist2009,question,deep,dkt,3,iso_vs_none,isotonic,none,0.014107965306521099,0.013117269491331013,0.0009906958151900853,-0.007024104259033397,0.006841341332393599,0.9041095890410958,770,52254,question|f3|iso_vs_none,1.0,False,52
assist2009,question,deep,dkt,3,best_vs_runnerup,temperature,platt,0.0041669095931617765,0.013098877995793392,-0.008931968402631616,-0.01253078704938214,0.0030610329393208177,0.18438156184381563,770,52254,question|f3|best_vs_runnerup,1.0,False,52
assist2009,question,deep,dkt,4,iso_vs_none,isotonic,none,0.006879966818793548,0.01750907490335706,-0.01062910808456351,-0.014475827097773257,-0.0036283946182026775,0.0029997000299970002,770,52254,question|f4|iso_vs_none,0.044995500449955005,True,52
assist2009,question,deep,dkt,4,best_vs_runnerup,temperature,isotonic,0.006456197985949169,0.006879966818793548,-0.0004237688328443791,-0.005949710192191515,0.005627169651656122,0.8951104889511049,770,52254,question|f4|best_vs_runnerup,1.0,False,52
assist2009,question,deep,sakt,0,iso_vs_none,isotonic,none,0.013431905710181184,0.04485981551651553,-0.03142790980633434,-0.03631975899574692,-0.0216953156337436,0.00019998000199980003,770,52254,question|f0|iso_vs_none,0.010398960103989602,True,52
assist2009,question,deep,sakt,0,best_vs_runnerup,platt,isotonic,0.013042891159063204,0.013431905710181184,-0.0003890145511179794,-0.0043820967717652475,0.0006328911408096017,0.1483851614838516,770,52254,question|f0|best_vs_runnerup,1.0,False,52
assist2009,question,deep,sakt,1,iso_vs_none,isotonic,none,0.011223355233209316,0.04601402954797733,-0.03479067431476801,-0.04005231036316878,-0.026454742794308383,0.00019998000199980003,770,52254,question|f1|iso_vs_none,0.010398960103989602,True,52
assist2009,question,deep,sakt,1,best_vs_runnerup,temperature,isotonic,0.007715698232563059,0.011223355233209316,-0.0035076570006462564,-0.006977514249813812,0.002377596965940907,0.25517448255174485,770,52254,question|f1|best_vs_runnerup,1.0,False,52
assist2009,question,deep,sakt,2,iso_vs_none,isotonic,none,0.015240506607162824,0.04174694951582612,-0.0265064429086633,-0.030632811858301003,-0.02022299940035356,0.00019998000199980003,770,52254,question|f2|iso_vs_none,0.010398960103989602,True,52
assist2009,question,deep,sakt,2,best_vs_runnerup,temperature,platt,0.006322848983381692,0.014381905581567116,-0.008059056598185423,-0.009641146852896082,0.0003807114261530632,0.061993800619938005,770,52254,question|f2|best_vs_runnerup,1.0,False,52
assist2009,question,deep,sakt,3,iso_vs_none,isotonic,none,0.0144541839922199,0.04857096872966642,-0.03411678473744652,-0.039193352391933334,-0.02716296897720357,0.00019998000199980003,770,52254,question|f3|iso_vs_none,0.010398960103989602,True,52
assist2009,question,deep,sakt,3,best_vs_runnerup,temperature,platt,0.010138285781413322,0.011410609519939472,-0.0012723237385261505,-0.001510697262925834,0.00010224873709884226,0.0755924407559244,770,52254,question|f3|best_vs_runnerup,1.0,False,52
assist2009,question,deep,sakt,4,iso_vs_none,isotonic,none,0.01102664777935845,0.037117009224173984,-0.026090361444815535,-0.0310351865145555,-0.016839157580183416,0.00019998000199980003,770,52254,question|f4|iso_vs_none,0.010398960103989602,True,52
assist2009,question,deep,sakt,4,best_vs_runnerup,temperature,platt,0.0075853255952431625,0.010167532948825782,-0.0025822073535826193,-0.010935915516624024,0.0071067514218072034,0.6711328867113289,770,52254,question|f4|best_vs_runnerup,1.0,False,52
assist2009,question,deep,akt,0,iso_vs_none,isotonic,none,0.010828724115282276,0.022128878172005702,-0.011300154056723426,-0.017748970510822543,-0.003478226989366946,0.0023997600239976003,770,52254,question|f0|iso_vs_none,0.04079592040795921,True,52
assist2009,question,deep,akt,0,best_vs_runnerup,temperature,isotonic,0.007884017843735165,0.010828724115282276,-0.0029447062715471112,-0.010952528855233632,0.008025932475598801,0.7239276072392761,770,52254,question|f0|best_vs_runnerup,1.0,False,52
assist2009,question,deep,akt,1,iso_vs_none,isotonic,none,0.01298766452296114,0.0168642611091979,-0.0038765965862367583,-0.011161028333298366,0.00262825557499521,0.2415758424157584,770,52254,question|f1|iso_vs_none,1.0,False,52
assist2009,question,deep,akt,1,best_vs_runnerup,temperature,isotonic,0.005211433924377969,0.01298766452296114,-0.007776230598583172,-0.013208557072519096,0.004721754076621445,0.2705729427057294,770,52254,question|f1|best_vs_runnerup,1.0,False,52
assist2009,question,deep,akt,2,iso_vs_none,isotonic,none,0.013573417923260046,0.01870813143491422,-0.005134713511654173,-0.010917983802249174,0.0009132574563971721,0.0893910608939106,770,52254,question|f2|iso_vs_none,1.0,False,52
assist2009,question,deep,akt,2,best_vs_runnerup,temperature,isotonic,0.006607801273302733,0.013573417923260046,-0.006965616649957313,-0.011960355399989067,0.0032280472700682438,0.20837916208379162,770,52254,question|f2|best_vs_runnerup,1.0,False,52
assist2009,question,deep,akt,3,iso_vs_none,isotonic,none,0.013989774837396511,0.0189458491215981,-0.004956074284201589,-0.010663308971512044,0.0015402553832196987,0.13058694130586943,770,52254,question|f3|iso_vs_none,1.0,False,52
assist2009,question,deep,akt,3,best_vs_runnerup,temperature,isotonic,0.00702242208868947,0.013989774837396511,-0.006967352748707041,-0.012683571640413036,0.0034684052702384257,0.24577542245775422,770,52254,question|f3|best_vs_runnerup,1.0,False,52
assist2009,question,deep,akt,4,iso_vs_none,isotonic,none,0.007859862834236378,0.02866362192368073,-0.020803759089444353,-0.023385787451043864,-0.013221497936187288,0.00019998000199980003,770,52254,question|f4|iso_vs_none,0.010398960103989602,True,52
assist2009,question,deep,akt,4,best_vs_runnerup,isotonic,temperature,0.007859862834236378,0.010795859924292394,-0.0029359970900560157,-0.006086713100153572,0.0006531909333967168,0.18598140185981402,770,52254,question|f4|best_vs_runnerup,1.0,False,52
assist2009,question,deep,simplekt,0,iso_vs_none,isotonic,none,0.010529476326666915,0.0797480231178476,-0.06921854679118068,-0.07297700870793568,-0.05943068972677427,0.00019998000199980003,770,52254,question|f0|iso_vs_none,0.010398960103989602,True,52
assist2009,question,deep,simplekt,0,best_vs_runnerup,temperature,isotonic,0.010038345102244977,0.010529476326666915,-0.0004911312244219382,-0.00791299682880673,0.006100859010428211,0.7467253274672533,770,52254,question|f0|best_vs_runnerup,1.0,False,52
assist2009,question,deep,simplekt,1,iso_vs_none,isotonic,none,0.015658279292490248,0.12644144945841507,-0.11078317016592482,-0.11764134881337156,-0.10007374516754201,0.00019998000199980003,770,52254,question|f1|iso_vs_none,0.010398960103989602,True,52
assist2009,question,deep,simplekt,1,best_vs_runnerup,isotonic,platt,0.015658279292490248,0.01700033057556475,-0.0013420512830745017,-0.003019752637872296,0.00214894128100198,0.49835016498350165,770,52254,question|f1|best_vs_runnerup,1.0,False,52
assist2009,question,deep,simplekt,2,iso_vs_none,isotonic,none,0.017391643073966262,0.02520281126803681,-0.007811168194070548,-0.020104827297744047,0.004308284580189155,0.2121787821217878,770,52254,question|f2|iso_vs_none,1.0,False,52
assist2009,question,deep,simplekt,2,best_vs_runnerup,temperature,isotonic,0.013967617726896852,0.017391643073966262,-0.0034240253470694103,-0.017269779826993063,0.01268450703825024,0.7809219078092191,770,52254,question|f2|best_vs_runnerup,1.0,False,52
assist2009,question,deep,simplekt,3,iso_vs_none,isotonic,none,0.015927181770673034,0.05708103877215112,-0.041153857001478084,-0.05012385161914444,-0.030748437413342964,0.00019998000199980003,770,52254,question|f3|iso_vs_none,0.010398960103989602,True,52
assist2009,question,deep,simplekt,3,best_vs_runnerup,isotonic,platt,0.015927181770673034,0.01600245887617726,-7.527710550422548e-05,-0.0028647255803835123,0.0013758348814891866,0.9027097290270973,770,52254,question|f3|best_vs_runnerup,1.0,False,52
assist2009,question,deep,simplekt,4,iso_vs_none,isotonic,none,0.008853975863846675,0.11281384391625562,-0.10395986805240895,-0.10901531766141777,-0.09323900629336093,0.00019998000199980003,770,52254,question|f4|iso_vs_none,0.010398960103989602,True,52
assist2009,question,deep,simplekt,4,best_vs_runnerup,isotonic,temperature,0.008853975863846675,0.009984010196616062,-0.001130034332769387,-0.006815469290294277,0.004168710837956694,0.7391260873912608,770,52254,question|f4|best_vs_runnerup,1.0,False,52
assist2009,question,classical,bkt,0,iso_vs_none,isotonic,none,0.012387144260026744,0.02015164326334691,-0.007764499003320166,-0.00862902538827968,-0.0028133690100568876,0.0027997200279972004,770,53148,question|f0|iso_vs_none,0.044795520447955206,True,52
assist2009,question,classical,bkt,0,best_vs_runnerup,isotonic,platt,0.012387144260026744,0.015003496848048994,-0.0026163525880222496,-0.006006936134388151,0.001103625461334402,0.2455754424557544,770,53148,question|f0|best_vs_runnerup,1.0,False,52
assist2009,question,classical,bkt,1,iso_vs_none,isotonic,none,0.016625732633153697,0.019434666712362852,-0.0028089340792091556,-0.005587125994610887,0.0013059031654931654,0.18998100189981001,770,53148,question|f1|iso_vs_none,1.0,False,52
assist2009,question,classical,bkt,1,best_vs_runnerup,isotonic,temperature,0.016625732633153697,0.01919255117072736,-0.0025668185375736646,-0.005331362700863802,0.0014301599510683938,0.24857514248575144,770,53148,question|f1|best_vs_runnerup,1.0,False,52
assist2009,question,classical,bkt,2,iso_vs_none,isotonic,none,0.01747055422405169,0.018572046994744115,-0.0011014927706924256,-0.004908844531473325,0.0027906390497603913,0.6821317868213179,770,53148,question|f2|iso_vs_none,1.0,False,52
assist2009,question,classical,bkt,2,best_vs_runnerup,platt,isotonic,0.01714260030921733,0.01747055422405169,-0.00032795391483435993,-0.001616661155184114,0.004527447489500133,0.9179082091790821,770,53148,question|f2|best_vs_runnerup,1.0,False,52
assist2009,question,classical,bkt,3,iso_vs_none,isotonic,none,0.01847258800317541,0.02067086820016402,-0.00219828019698861,-0.006243796747340613,0.0022867487778114306,0.35496450354964504,770,53148,question|f3|iso_vs_none,1.0,False,52
assist2009,question,classical,bkt,3,best_vs_runnerup,platt,isotonic,0.018412837351718354,0.01847258800317541,-5.975065145705574e-05,-0.0016599799010335163,0.004837231683424073,0.8133186681331867,770,53148,question|f3|best_vs_runnerup,1.0,False,52
assist2009,question,classical,bkt,4,iso_vs_none,isotonic,none,0.008813978312509543,0.020264398007528793,-0.01145041969501925,-0.012908841169499025,-0.006247210838290395,0.0007999200079992001,770,53148,question|f4|iso_vs_none,0.012798720127987202,True,52
assist2009,question,classical,bkt,4,best_vs_runnerup,isotonic,platt,0.008813978312509543,0.01328488361373362,-0.004470905301224078,-0.010741477011457166,0.000482246971835951,0.10118988101189881,770,53148,question|f4|best_vs_runnerup,1.0,False,52
assist2009,question,classical,pfa,0,iso_vs_none,isotonic,none,0.015262536408612252,0.02798754298572232,-0.012725006577110069,-0.01825212610205425,-0.005337661224133237,0.00019998000199980003,770,53148,question|f0|iso_vs_none,0.010398960103989602,True,52
assist2009,question,classical,pfa,0,best_vs_runnerup,isotonic,none,0.015262536408612252,0.02798754298572232,-0.012725006577110069,-0.01825212610205425,-0.005337661224133237,0.00019998000199980003,770,53148,question|f0|best_vs_runnerup,0.010398960103989602,True,52
assist2009,question,classical,pfa,1,iso_vs_none,isotonic,none,0.014316639902458418,0.026091539713845133,-0.011774899811386715,-0.017606584376867965,-0.005694844411160735,0.00019998000199980003,770,53148,question|f1|iso_vs_none,0.010398960103989602,True,52
assist2009,question,classical,pfa,1,best_vs_runnerup,isotonic,none,0.014316639902458418,0.026091539713845133,-0.011774899811386715,-0.017606584376867965,-0.005694844411160735,0.00019998000199980003,770,53148,question|f1|best_vs_runnerup,0.010398960103989602,True,52
assist2009,question,classical,pfa,2,iso_vs_none,isotonic,none,0.020853404139425345,0.025470043423602914,-0.004616639284177569,-0.015380651129043858,0.0021826040112974316,0.26317368263173685,770,53148,question|f2|iso_vs_none,1.0,False,52
assist2009,question,classical,pfa,2,best_vs_runnerup,isotonic,none,0.020853404139425345,0.025470043423602914,-0.004616639284177569,-0.015380651129043858,0.0021826040112974316,0.26317368263173685,770,53148,question|f2|best_vs_runnerup,1.0,False,52
assist2009,question,classical,pfa,3,iso_vs_none,isotonic,none,0.020403680984440675,0.026009163760780874,-0.005605482776340199,-0.015550818007707384,0.000819600882927846,0.10018998100189981,770,53148,question|f3|iso_vs_none,1.0,False,52
assist2009,question,classical,pfa,3,best_vs_runnerup,isotonic,none,0.020403680984440675,0.026009163760780874,-0.005605482776340199,-0.015550818007707384,0.000819600882927846,0.10018998100189981,770,53148,question|f3|best_vs_runnerup,1.0,False,52
assist2009,question,classical,pfa,4,iso_vs_none,isotonic,none,0.01138255360476118,0.026110675794539327,-0.014728122189778146,-0.02093598104134916,-0.00895473218067839,0.00019998000199980003,770,53148,question|f4|iso_vs_none,0.010398960103989602,True,52
assist2009,question,classical,pfa,4,best_vs_runnerup,isotonic,none,0.01138255360476118,0.026110675794539327,-0.014728122189778146,-0.02093598104134916,-0.00895473218067839,0.00019998000199980003,770,53148,question|f4|best_vs_runnerup,0.010398960103989602,True,52
assist2009,question,classical,pfa_recency,0,iso_vs_none,isotonic,none,0.011194740907493232,0.022275299452902724,-0.011080558545409493,-0.01589851371336363,-0.005367426877020885,0.00019998000199980003,770,53148,question|f0|iso_vs_none,0.010398960103989602,True,52
assist2009,question,classical,pfa_recency,0,best_vs_runnerup,isotonic,none,0.011194740907493232,0.022275299452902724,-0.011080558545409493,-0.01589851371336363,-0.005367426877020885,0.00019998000199980003,770,53148,question|f0|best_vs_runnerup,0.010398960103989602,True,52
assist2009,question,classical,pfa_recency,1,iso_vs_none,isotonic,none,0.011447581519598167,0.02129856307032397,-0.009850981550725802,-0.0123825562644196,-0.005634786572226828,0.00019998000199980003,770,53148,question|f1|iso_vs_none,0.010398960103989602,True,52
assist2009,question,classical,pfa_recency,1,best_vs_runnerup,isotonic,none,0.011447581519598167,0.02129856307032397,-0.009850981550725802,-0.0123825562644196,-0.005634786572226828,0.00019998000199980003,770,53148,question|f1|best_vs_runnerup,0.010398960103989602,True,52
assist2009,question,classical,pfa_recency,2,iso_vs_none,isotonic,none,0.017666543130706768,0.022785973036810247,-0.005119429906103479,-0.013959984865886553,0.0014025429704006616,0.20357964203579643,770,53148,question|f2|iso_vs_none,1.0,False,52
assist2009,question,classical,pfa_recency,2,best_vs_runnerup,isotonic,none,0.017666543130706768,0.022785973036810247,-0.005119429906103479,-0.013959984865886553,0.0014025429704006616,0.20357964203579643,770,53148,question|f2|best_vs_runnerup,1.0,False,52
assist2009,question,classical,pfa_recency,3,iso_vs_none,isotonic,none,0.015726125194359078,0.01964588596911202,-0.003919760774752944,-0.011759750814267373,0.0007569718653131964,0.11918808119188082,770,53148,question|f3|iso_vs_none,1.0,False,52
assist2009,question,classical,pfa_recency,3,best_vs_runnerup,isotonic,none,0.015726125194359078,0.01964588596911202,-0.003919760774752944,-0.011759750814267373,0.0007569718653131964,0.11918808119188082,770,53148,question|f3|best_vs_runnerup,1.0,False,52
assist2009,question,classical,pfa_recency,4,iso_vs_none,isotonic,none,0.009563379112358312,0.020478428936349848,-0.010915049823991536,-0.01442134692877476,-0.007200143606481854,0.00019998000199980003,770,53148,question|f4|iso_vs_none,0.010398960103989602,True,52
assist2009,question,classical,pfa_recency,4,best_vs_runnerup,isotonic,none,0.009563379112358312,0.020478428936349848,-0.010915049823991536,-0.01442134692877476,-0.007200143606481854,0.00019998000199980003,770,53148,question|f4|best_vs_runnerup,0.010398960103989602,True,52
assist2009,question,classical,elorasch,0,iso_vs_none,isotonic,none,0.007594704742551078,0.06463177057865391,-0.05703706583610283,-0.06279521381862788,-0.04464420628248845,0.00019998000199980003,770,53148,question|f0|iso_vs_none,0.010398960103989602,True,52
assist2009,question,classical,elorasch,0,best_vs_runnerup,isotonic,platt,0.007594704742551078,0.009612672571154062,-0.0020179678286029847,-0.00750457437151324,0.005027788961048015,0.6565343465653435,770,53148,question|f0|best_vs_runnerup,1.0,False,52
assist2009,question,classical,elorasch,1,iso_vs_none,isotonic,none,0.0057941857425661755,0.061891128855077936,-0.05609694311251176,-0.060547538282720345,-0.04288125297388592,0.00019998000199980003,770,53148,question|f1|iso_vs_none,0.010398960103989602,True,52
assist2009,question,classical,elorasch,1,best_vs_runnerup,isotonic,platt,0.0057941857425661755,0.007201805217282465,-0.0014076194747162894,-0.004890407673104244,0.003434087468792441,0.6283371662833717,770,53148,question|f1|best_vs_runnerup,1.0,False,52
assist2009,question,classical,elorasch,2,iso_vs_none,isotonic,none,0.008985303105518582,0.062393522142799134,-0.053408219037280553,-0.06068344734156786,-0.04093968675121305,0.00019998000199980003,770,53148,question|f2|iso_vs_none,0.010398960103989602,True,52
assist2009,question,classical,elorasch,2,best_vs_runnerup,platt,isotonic,0.006294274959158302,0.008985303105518582,-0.0026910281463602796,-0.006202825771401156,0.0027713379147017514,0.4203579642035796,770,53148,question|f2|best_vs_runnerup,1.0,False,52
assist2009,question,classical,elorasch,3,iso_vs_none,isotonic,none,0.008998661779268575,0.06341872480208628,-0.05442006302281771,-0.059759424931013855,-0.044577375029850416,0.00019998000199980003,770,53148,question|f3|iso_vs_none,0.010398960103989602,True,52
assist2009,question,classical,elorasch,3,best_vs_runnerup,isotonic,platt,0.008998661779268575,0.010567237710625281,-0.0015685759313567062,-0.0065307373614728985,0.0005311985608893035,0.10018998100189981,770,53148,question|f3|best_vs_runnerup,1.0,False,52
assist2009,question,classical,elorasch,4,iso_vs_none,isotonic,none,0.01280538834804331,0.06250959716589143,-0.049704208817848115,-0.05675222012631552,-0.03875169609206985,0.00019998000199980003,770,53148,question|f4|iso_vs_none,0.010398960103989602,True,52
assist2009,question,classical,elorasch,4,best_vs_runnerup,platt,isotonic,0.007226356411974962,0.01280538834804331,-0.005579031936068349,-0.009508874586558446,0.0011833227188201296,0.11898810118988101,770,53148,question|f4|best_vs_runnerup,1.0,False,52
assist2012,concept,deep,dkt,0,iso_vs_none,isotonic,none,0.0018169537277223755,0.00733443958922635,-0.005517485861503975,-0.007098710313965584,-0.002624714587238914,0.00039996000399960006,5497,536087,concept|f0|iso_vs_none,0.005599440055994401,True,28
assist2012,concept,deep,dkt,0,best_vs_runnerup,platt,isotonic,0.0014745746934751354,0.0018169537277223755,-0.0003423790342472401,-0.00119346276695435,0.0009612133562150377,0.8529147085291471,5497,536087,concept|f0|best_vs_runnerup,1.0,False,28
assist2012,concept,deep,dkt,1,iso_vs_none,isotonic,none,0.0023389932651084896,0.004062615311561589,-0.0017236220464530998,-0.004177499440223449,0.0014111542666231302,0.28417158284171584,5497,536087,concept|f1|iso_vs_none,1.0,False,28
assist2012,concept,deep,dkt,1,best_vs_runnerup,isotonic,platt,0.0023389932651084896,0.0023714329165505314,-3.2439651442041795e-05,-0.0013387415645837062,0.0008031902890183809,0.8507149285071492,5497,536087,concept|f1|best_vs_runnerup,1.0,False,28
assist2012,concept,deep,dkt,2,iso_vs_none,isotonic,none,0.00205412019124708,0.003411174189277672,-0.0013570539980305922,-0.0021250560470607353,-1.568563569569485e-05,0.047995200479952004,5497,536087,concept|f2|iso_vs_none,0.38396160383961603,False,28
assist2012,concept,deep,dkt,2,best_vs_runnerup,isotonic,platt,0.00205412019124708,0.0026035753058658733,-0.0005494551146187935,-0.0020025443998119698,0.000822797616322374,0.5841415858414158,5497,536087,concept|f2|best_vs_runnerup,1.0,False,28
assist2012,concept,deep,dkt,3,iso_vs_none,isotonic,none,0.0019205243690118088,0.0027990982008084305,-0.0008785738317966217,-0.001627115322066676,0.0007009221307398817,0.26517348265173485,5497,536087,concept|f3|iso_vs_none,1.0,False,28
assist2012,concept,deep,dkt,3,best_vs_runnerup,isotonic,temperature,0.0019205243690118088,0.0024720370061368222,-0.0005515126371250134,-0.0013479528923808232,0.0009416357341323784,0.4557544245575442,5497,536087,concept|f3|best_vs_runnerup,1.0,False,28
assist2012,concept,deep,dkt,4,iso_vs_none,isotonic,none,0.002033991872261407,0.010044976934628259,-0.008010985062366853,-0.009488954962842466,-0.005783458077253255,0.00019998000199980003,5497,536087,concept|f4|iso_vs_none,0.005599440055994401,True,28
assist2012,concept,deep,dkt,4,best_vs_runnerup,platt,isotonic,0.0012198512727260625,0.002033991872261407,-0.0008141405995353444,-0.0012162621329705203,0.0006188967938232723,0.5217478252174782,5497,536087,concept|f4|best_vs_runnerup,1.0,False,28
assist2012,concept,deep,sakt,0,iso_vs_none,isotonic,none,0.0014683367936787607,0.007014077722941315,-0.0055457409292625545,-0.007077371740145415,-0.002975500498833275,0.00019998000199980003,5497,536087,concept|f0|iso_vs_none,0.005599440055994401,True,28
assist2012,concept,deep,sakt,0,best_vs_runnerup,isotonic,platt,0.0014683367936787607,0.0033214177078866977,-0.001853080914207937,-0.0025792560419680183,-0.00022698793195480483,0.019198080191980802,5497,536087,concept|f0|best_vs_runnerup,0.4607539246075393,False,28
assist2012,concept,deep,sakt,1,iso_vs_none,isotonic,none,0.0031506238818682386,0.012012684953517152,-0.008862061071648913,-0.009010298388754343,-0.00781858881389367,0.00019998000199980003,5497,536087,concept|f1|iso_vs_none,0.005599440055994401,True,28
assist2012,concept,deep,sakt,1,best_vs_runnerup,isotonic,platt,0.0031506238818682386,0.004432183880056274,-0.001281559998188035,-0.002519090023540621,-0.0002518029956453493,0.0183981601839816,5497,536087,concept|f1|best_vs_runnerup,0.45995400459954,False,28
assist2012,concept,deep,sakt,2,iso_vs_none,isotonic,none,0.003691685417274694,0.00930167440183071,-0.005609988984556016,-0.00673908876361224,-0.003486513032229203,0.00019998000199980003,5497,536087,concept|f2|iso_vs_none,0.005599440055994401,True,28
assist2012,concept,deep,sakt,2,best_vs_runnerup,isotonic,platt,0.003691685417274694,0.005456971719979631,-0.001765286302704937,-0.0028123580735940914,8.338018310440338e-05,0.06419358064193581,5497,536087,concept|f2|best_vs_runnerup,1.0,False,28
assist2012,concept,deep,sakt,3,iso_vs_none,isotonic,none,0.0036388544452540398,0.007886583676008288,-0.004247729230754249,-0.00534725631064209,-0.002593937595993495,0.00019998000199980003,5497,536087,concept|f3|iso_vs_none,0.005599440055994401,True,28
assist2012,concept,deep,sakt,3,best_vs_runnerup,isotonic,platt,0.0036388544452540398,0.00571450675407381,-0.00207565230881977,-0.0023975537640585506,-0.0002787737214826564,0.022797720227977204,5497,536087,concept|f3|best_vs_runnerup,0.5243475652434757,False,28
assist2012,concept,deep,sakt,4,iso_vs_none,isotonic,none,0.0014704403236961716,0.025628893930610058,-0.024158453606913887,-0.02485888493322288,-0.020953725363858377,0.00019998000199980003,5497,536087,concept|f4|iso_vs_none,0.005599440055994401,True,28
assist2012,concept,deep,sakt,4,best_vs_runnerup,isotonic,platt,0.0014704403236961716,0.004084308677190616,-0.0026138683534944447,-0.002815816667208466,-0.0007753620255119181,0.0035996400359964,5497,536087,concept|f4|best_vs_runnerup,0.08999100089991001,False,28
assist2012,concept,deep,akt,0,iso_vs_none,isotonic,none,0.001851211951803164,0.014982328060999452,-0.013131116109196287,-0.014317368213809533,-0.010573852334423891,0.00019998000199980003,5497,536087,concept|f0|iso_vs_none,0.005599440055994401,True,28
assist2012,concept,deep,akt,0,best_vs_runnerup,platt,isotonic,0.001525833427794468,0.001851211951803164,-0.0003253785240086961,-0.0007026560476101186,0.00048554786684610083,0.5229477052294771,5497,536087,concept|f0|best_vs_runnerup,1.0,False,28
assist2012,concept,deep,akt,1,iso_vs_none,isotonic,none,0.002768246083518108,0.014893701045132421,-0.012125454961614313,-0.013126346117151305,-0.01000991421329531,0.00019998000199980003,5497,536087,concept|f1|iso_vs_none,0.005599440055994401,True,28
assist2012,concept,deep,akt,1,best_vs_runnerup,platt,isotonic,0.0019974084116476105,0.002768246083518108,-0.0007708376718704975,-0.001193586534405075,0.00043685927581543066,0.3511648835116488,5497,536087,concept|f1|best_vs_runnerup,1.0,False,28
assist2012,concept,deep,akt,2,iso_vs_none,isotonic,none,0.002125104448225432,0.014594792535657547,-0.012469688087432115,-0.013287936093048566,-0.010535991581587974,0.00019998000199980003,5497,536087,concept|f2|iso_vs_none,0.005599440055994401,True,28
assist2012,concept,deep,akt,2,best_vs_runnerup,isotonic,platt,0.002125104448225432,0.002428562311073722,-0.0003034578628482898,-0.0009308282255267863,0.00046079253232533536,0.6345365463453655,5497,536087,concept|f2|best_vs_runnerup,1.0,False,28
assist2012,concept,deep,akt,3,iso_vs_none,isotonic,none,0.00219695868553471,0.01399390726731168,-0.01179694858177697,-0.012566673982325824,-0.010394491869791963,0.00019998000199980003,5497,536087,concept|f3|iso_vs_none,0.005599440055994401,True,28
assist2012,concept,deep,akt,3,best_vs_runnerup,platt,temperature,0.0020187438307270617,0.002191131267664149,-0.00017238743693708718,-0.0006292178291725611,0.0005404339318946338,0.7119288071192881,5497,536087,concept|f3|best_vs_runnerup,1.0,False,28
assist2012,concept,deep,akt,4,iso_vs_none,isotonic,none,0.0018666050303576297,0.012408899082193591,-0.010542294051835962,-0.011500688794822711,-0.008330932756885687,0.00019998000199980003,5497,536087,concept|f4|iso_vs_none,0.005599440055994401,True,28
assist2012,concept,deep,akt,4,best_vs_runnerup,platt,isotonic,0.0005990677770281811,0.0018666050303576297,-0.0012675372533294486,-0.001515911588528648,0.00047164201729964553,0.25817418258174185,5497,536087,concept|f4|best_vs_runnerup,1.0,False,28
assist2012,concept,deep,simplekt,0,iso_vs_none,isotonic,none,0.0017542852221148894,0.017429344812549437,-0.015675059590434547,-0.016250799510937195,-0.013407889441045831,0.00019998000199980003,5497,536087,concept|f0|iso_vs_none,0.005599440055994401,True,28
assist2012,concept,deep,simplekt,0,best_vs_runnerup,isotonic,platt,0.0017542852221148894,0.00296305909383362,-0.0012087738717187304,-0.0015039545343859104,0.00010415374279004813,0.0683931606839316,5497,536087,concept|f0|best_vs_runnerup,1.0,False,28
assist2012,concept,deep,simplekt,1,iso_vs_none,isotonic,none,0.0015184862394203315,0.01906458293118119,-0.01754609669176086,-0.019068825991426213,-0.014154580568998052,0.00019998000199980003,5497,536087,concept|f1|iso_vs_none,0.005599440055994401,True,28
assist2012,concept,deep,simplekt,1,best_vs_runnerup,isotonic,platt,0.0015184862394203315,0.0015780055334167395,-5.951929399640801e-05,-0.0012164880475156513,0.00036358542651455293,0.35436456354364565,5497,536087,concept|f1|best_vs_runnerup,1.0,False,28
assist2012,concept,deep,simplekt,2,iso_vs_none,isotonic,none,0.001990736129650325,0.00825049529158506,-0.006259759161934735,-0.007420268110562714,-0.004262653834962535,0.00019998000199980003,5497,536087,concept|f2|iso_vs_none,0.005599440055994401,True,28
assist2012,concept,deep,simplekt,2,best_vs_runnerup,isotonic,platt,0.001990736129650325,0.0053377362974783476,-0.0033470001678280225,-0.004174721119936872,-0.0016438623290566687,0.00019998000199980003,5497,536087,concept|f2|best_vs_runnerup,0.005599440055994401,True,28
assist2012,concept,deep,simplekt,3,iso_vs_none,isotonic,none,0.0026113698856726447,0.015161573310168748,-0.012550203424496103,-0.014003286009610844,-0.009715991131484048,0.00019998000199980003,5497,536087,concept|f3|iso_vs_none,0.005599440055994401,True,28
assist2012,concept,deep,simplekt,3,best_vs_runnerup,isotonic,platt,0.0026113698856726447,0.0031544134723212546,-0.0005430435866486099,-0.002049215233173345,0.0012431717543940023,0.6411358864113589,5497,536087,concept|f3|best_vs_runnerup,1.0,False,28
assist2012,concept,deep,simplekt,4,iso_vs_none,isotonic,none,0.001384523705459907,0.01586400027242074,-0.01447947656696083,-0.015342041089741984,-0.011856146977014674,0.00019998000199980003,5497,536087,concept|f4|iso_vs_none,0.005599440055994401,True,28
assist2012,concept,deep,simplekt,4,best_vs_runnerup,isotonic,platt,0.001384523705459907,0.005426315539568498,-0.004041791834108591,-0.0047983922279254505,-0.0016480262383575062,0.00039996000399960006,5497,536087,concept|f4|best_vs_runnerup,0.010398960103989602,True,28
assist2012,question,deep,dkt,0,iso_vs_none,isotonic,none,0.001882218936421094,0.007334638034498787,-0.005452419098077693,-0.007058762483371705,-0.00260648273290149,0.00039996000399960006,5497,536087,question|f0|iso_vs_none,0.010398960103989602,True,52
assist2012,question,deep,dkt,0,best_vs_runnerup,platt,isotonic,0.001480894172796246,0.001882218936421094,-0.00040132476362484803,-0.0012523945090613462,0.0009389782711033517,0.8101189881011899,5497,536087,question|f0|best_vs_runnerup,1.0,False,52
assist2012,question,deep,dkt,1,iso_vs_none,isotonic,none,0.0023431039466191416,0.004071635014464362,-0.00172853106784522,-0.004180860816333765,0.001417133781835628,0.28357164283571645,5497,536087,question|f1|iso_vs_none,1.0,False,52
assist2012,question,deep,dkt,1,best_vs_runnerup,isotonic,platt,0.0023431039466191416,0.002386991240121594,-4.388729350245221e-05,-0.0013443316274851184,0.0008112461410594306,0.8517148285171483,5497,536087,question|f1|best_vs_runnerup,1.0,False,52
assist2012,question,deep,dkt,2,iso_vs_none,isotonic,none,0.002028849484316957,0.0034123983607158266,-0.0013835488763988698,-0.0021672829671836526,-3.160038179827993e-05,0.044995500449955005,5497,536087,question|f2|iso_vs_none,0.674932506749325,False,52
assist2012,question,deep,dkt,2,best_vs_runnerup,isotonic,platt,0.002028849484316957,0.0026029264147804333,-0.0005740769304634764,-0.0020082015994125784,0.0007872126221081235,0.5453454654534546,5497,536087,question|f2|best_vs_runnerup,1.0,False,52
assist2012,question,deep,dkt,3,iso_vs_none,isotonic,none,0.0019038974930571252,0.002799101078743443,-0.000895203585686318,-0.001640953129853696,0.0007007387065019898,0.26217378262173785,5497,536087,question|f3|iso_vs_none,1.0,False,52
assist2012,question,deep,dkt,3,best_vs_runnerup,isotonic,temperature,0.0019038974930571252,0.002471988232466199,-0.0005680907394090739,-0.001359602833301134,0.000930967084413411,0.45055494450554945,5497,536087,question|f3|best_vs_runnerup,1.0,False,52
assist2012,question,deep,dkt,4,iso_vs_none,isotonic,none,0.002043531612645796,0.010044972737632428,-0.008001441124986632,-0.009482746516515147,-0.005781977494907362,0.00019998000199980003,5497,536087,question|f4|iso_vs_none,0.010398960103989602,True,52
assist2012,question,deep,dkt,4,best_vs_runnerup,platt,isotonic,0.0012045871482757441,0.002043531612645796,-0.0008389444643700518,-0.0012340273748618728,0.000626382228479108,0.5189481051894811,5497,536087,question|f4|best_vs_runnerup,1.0,False,52
assist2012,question,deep,sakt,0,iso_vs_none,isotonic,none,0.001471787841390351,0.0070240975811770206,-0.0055523097397866695,-0.007086009811725254,-0.002974412309641043,0.00019998000199980003,5497,536087,question|f0|iso_vs_none,0.010398960103989602,True,52
assist2012,question,deep,sakt,0,best_vs_runnerup,isotonic,platt,0.001471787841390351,0.0033198687172426304,-0.0018480808758522794,-0.002564122965536096,-0.0002138226764555876,0.0197980201979802,5497,536087,question|f0|best_vs_runnerup,0.7055294470552945,False,52
assist2012,question,deep,sakt,1,iso_vs_none,isotonic,none,0.0031809003730559307,0.012004608766860162,-0.008823708393804232,-0.008975339358564304,-0.007814051678436622,0.00019998000199980003,5497,536087,question|f1|iso_vs_none,0.010398960103989602,True,52
assist2012,question,deep,sakt,1,best_vs_runnerup,isotonic,platt,0.0031809003730559307,0.0044284085881253045,-0.0012475082150693738,-0.0024950285853048613,-0.00022376253228972604,0.019598040195980403,5497,536087,question|f1|best_vs_runnerup,0.6271372862713729,False,52
assist2012,question,deep,sakt,2,iso_vs_none,isotonic,none,0.003684489707029367,0.009292452157952068,-0.005607962450922701,-0.006757666658269685,-0.0034801758592453587,0.00019998000199980003,5497,536087,question|f2|iso_vs_none,0.010398960103989602,True,52
assist2012,question,deep,sakt,2,best_vs_runnerup,isotonic,platt,0.003684489707029367,0.0054487190041070015,-0.0017642292970776346,-0.002841886033402571,7.939760675120155e-05,0.062993700629937,5497,536087,question|f2|best_vs_runnerup,1.0,False,52
assist2012,question,deep,sakt,3,iso_vs_none,isotonic,none,0.0035961631956297445,0.007879482621289723,-0.0042833194256599785,-0.005368058131208876,-0.0026385389693635588,0.00019998000199980003,5497,536087,question|f3|iso_vs_none,0.010398960103989602,True,52
assist2012,question,deep,sakt,3,best_vs_runnerup,isotonic,platt,0.0035961631956297445,0.005703230962405455,-0.0021070677667757104,-0.0023920901561741525,-0.00032611578996492245,0.0193980601939806,5497,536087,question|f3|best_vs_runnerup,0.678932106789321,False,52
assist2012,question,deep,sakt,4,iso_vs_none,isotonic,none,0.0013729054773294672,0.025632309308004777,-0.02425940383067531,-0.024873590741025565,-0.02097829946182277,0.00019998000199980003,5497,536087,question|f4|iso_vs_none,0.010398960103989602,True,52
assist2012,question,deep,sakt,4,best_vs_runnerup,isotonic,platt,0.0013729054773294672,0.0040820768612005835,-0.002709171383871116,-0.0029055975409406974,-0.0007910235328831629,0.0031996800319968005,5497,536087,question|f4|best_vs_runnerup,0.12158784121587841,False,52
assist2012,question,deep,akt,0,iso_vs_none,isotonic,none,0.001847153612434447,0.014994977494324442,-0.013147823881889995,-0.014334418791418285,-0.01059440506118397,0.00019998000199980003,5497,536087,question|f0|iso_vs_none,0.010398960103989602,True,52
assist2012,question,deep,akt,0,best_vs_runnerup,platt,isotonic,0.001521877509248502,0.001847153612434447,-0.000325276103185945,-0.000699864144201486,0.00048445979709498785,0.5275472452754725,5497,536087,question|f0|best_vs_runnerup,1.0,False,52
assist2012,question,deep,akt,1,iso_vs_none,isotonic,none,0.0027338404316571913,0.014901956212330947,-0.012168115780673755,-0.013153960299326172,-0.01003210478424457,0.00019998000199980003,5497,536087,question|f1|iso_vs_none,0.010398960103989602,True,52
assist2012,question,deep,akt,1,best_vs_runnerup,platt,isotonic,0.002010390491820786,0.0027338404316571913,-0.0007234499398364055,-0.001177546735741843,0.00045178757318887065,0.3645635436456354,5497,536087,question|f1|best_vs_runnerup,1.0,False,52
assist2012,question,deep,akt,2,iso_vs_none,isotonic,none,0.002122681980783147,0.014592956740231451,-0.012470274759448305,-0.013312347140995868,-0.010552685560608581,0.00019998000199980003,5497,536087,question|f2|iso_vs_none,0.010398960103989602,True,52
assist2012,question,deep,akt,2,best_vs_runnerup,isotonic,platt,0.002122681980783147,0.002406040254656773,-0.0002833582738736261,-0.0009498966308072559,0.00047344578219243947,0.6615338466153384,5497,536087,question|f2|best_vs_runnerup,1.0,False,52
assist2012,question,deep,akt,3,iso_vs_none,isotonic,none,0.002215162813011216,0.014001369367284787,-0.011786206554273572,-0.012559857698366888,-0.01038040948046298,0.00019998000199980003,5497,536087,question|f3|iso_vs_none,0.010398960103989602,True,52
assist2012,question,deep,akt,3,best_vs_runnerup,platt,temperature,0.0020207078387291673,0.0021856281064016633,-0.00016492026767249597,-0.0006332432649909673,0.0005380078239402147,0.7075292470752925,5497,536087,question|f3|best_vs_runnerup,1.0,False,52
assist2012,question,deep,akt,4,iso_vs_none,isotonic,none,0.0018426502845407154,0.012414885083951504,-0.010572234799410789,-0.011477826554849208,-0.008323215573233228,0.00019998000199980003,5497,536087,question|f4|iso_vs_none,0.010398960103989602,True,52
assist2012,question,deep,akt,4,best_vs_runnerup,platt,isotonic,0.0005830923339792169,0.0018426502845407154,-0.0012595579505614986,-0.0015143705584671696,0.00046262743767687365,0.24957504249575044,5497,536087,question|f4|best_vs_runnerup,1.0,False,52
assist2012,question,deep,simplekt,0,iso_vs_none,isotonic,none,0.001782743790492161,0.01743641162721648,-0.015653667836724318,-0.01625192524267486,-0.013381846098370155,0.00019998000199980003,5497,536087,question|f0|iso_vs_none,0.010398960103989602,True,52
assist2012,question,deep,simplekt,0,best_vs_runnerup,isotonic,platt,0.001782743790492161,0.0029623073003907847,-0.0011795635098986238,-0.0014892115303874207,0.0001215393170049208,0.0741925807419258,5497,536087,question|f0|best_vs_runnerup,1.0,False,52
assist2012,question,deep,simplekt,1,iso_vs_none,isotonic,none,0.0014993504645697084,0.019074716417297872,-0.017575365952728163,-0.01908489303762627,-0.01416705443677186,0.00019998000199980003,5497,536087,question|f1|iso_vs_none,0.010398960103989602,True,52
assist2012,question,deep,simplekt,1,best_vs_runnerup,isotonic,platt,0.0014993504645697084,0.0015951305336626938,-9.578006909298541e-05,-0.0012316740302144454,0.00035650126524043656,0.3457654234576542,5497,536087,question|f1|best_vs_runnerup,1.0,False,52
assist2012,question,deep,simplekt,2,iso_vs_none,isotonic,none,0.0019473050027715994,0.00825488418857309,-0.00630757918580149,-0.007439751483858348,-0.004294420073786804,0.00019998000199980003,5497,536087,question|f2|iso_vs_none,0.010398960103989602,True,52
assist2012,question,deep,simplekt,2,best_vs_runnerup,isotonic,platt,0.0019473050027715994,0.005328788126794586,-0.0033814831240229866,-0.004189840710073311,-0.0016607013230030669,0.00019998000199980003,5497,536087,question|f2|best_vs_runnerup,0.010398960103989602,True,52
assist2012,question,deep,simplekt,3,iso_vs_none,isotonic,none,0.002641907546108689,0.015157823450299536,-0.012515915904190848,-0.013933000063586956,-0.009674687464839652,0.00019998000199980003,5497,536087,question|f3|iso_vs_none,0.010398960103989602,True,52
assist2012,question,deep,simplekt,3,best_vs_runnerup,isotonic,platt,0.002641907546108689,0.003155915175022478,-0.000514007628913789,-0.001990077733948012,0.0012821853084751347,0.680931906809319,5497,536087,question|f3|best_vs_runnerup,1.0,False,52
assist2012,question,deep,simplekt,4,iso_vs_none,isotonic,none,0.001476671828047621,0.01586541214392443,-0.01438874031587681,-0.015322716424866961,-0.011826575049881348,0.00019998000199980003,5497,536087,question|f4|iso_vs_none,0.010398960103989602,True,52
assist2012,question,deep,simplekt,4,best_vs_runnerup,isotonic,platt,0.001476671828047621,0.005434112621425569,-0.003957440793377948,-0.004730245298409603,-0.0016325191335187224,0.00039996000399960006,5497,536087,question|f4|best_vs_runnerup,0.017598240175982403,True,52
assist2012,question,classical,bkt,0,iso_vs_none,isotonic,none,0.002893735586822162,0.007340657323178424,-0.004446921736356262,-0.0069418016036946655,0.0004983885876551052,0.0817918208179182,5497,542817,question|f0|iso_vs_none,0.6543345665433457,False,52
assist2012,question,classical,bkt,0,best_vs_runnerup,isotonic,platt,0.002893735586822162,0.005249609897270944,-0.0023558743104487817,-0.0038424645055622243,-0.0005819814364976181,0.0031996800319968005,5497,542817,question|f0|best_vs_runnerup,0.1311868813118688,False,52
assist2012,question,classical,bkt,1,iso_vs_none,isotonic,none,0.0025472864324056657,0.006948951645808222,-0.004401665213402557,-0.005830468835203926,-0.001689863445388672,0.000999900009999,5497,542817,question|f1|iso_vs_none,0.016998300169983,True,52
assist2012,question,classical,bkt,1,best_vs_runnerup,isotonic,platt,0.0025472864324056657,0.005475004240634651,-0.0029277178082289857,-0.0038174093098584283,-0.001390215578360462,0.00019998000199980003,5497,542817,question|f1|best_vs_runnerup,0.010398960103989602,True,52
assist2012,question,classical,bkt,2,iso_vs_none,isotonic,none,0.0033557343887967214,0.0066292832858996145,-0.003273548897102893,-0.004245049059224489,-0.00181360579388832,0.00019998000199980003,5497,542817,question|f2|iso_vs_none,0.010398960103989602,True,52
assist2012,question,classical,bkt,2,best_vs_runnerup,isotonic,platt,0.0033557343887967214,0.0063923169712202,-0.0030365825824234787,-0.004006565530938422,-0.0020947569610224696,0.00019998000199980003,5497,542817,question|f2|best_vs_runnerup,0.010398960103989602,True,52
assist2012,question,classical,bkt,3,iso_vs_none,isotonic,none,0.0031673869530053893,0.006461021247174903,-0.0032936342941695135,-0.0049317018850822915,-0.00043132939797652824,0.028597140285971403,5497,542817,question|f3|iso_vs_none,0.571942805719428,False,52
assist2012,question,classical,bkt,3,best_vs_runnerup,isotonic,temperature,0.0031673869530053893,0.005648115844874902,-0.002480728891869513,-0.0037443173139619966,-0.00035394795186647623,0.016998300169983,5497,542817,question|f3|best_vs_runnerup,0.6159384061593841,False,52
assist2012,question,classical,bkt,4,iso_vs_none,isotonic,none,0.0028222701917250594,0.006844411418062448,-0.004022141226337389,-0.006049291812743136,0.0012656959612051815,0.1391860813918608,5497,542817,question|f4|iso_vs_none,0.8351164883511648,False,52
assist2012,question,classical,bkt,4,best_vs_runnerup,isotonic,temperature,0.0028222701917250594,0.004923656970910359,-0.0021013867791853,-0.0030355436097403124,-0.0005813746477594601,0.000999900009999,5497,542817,question|f4|best_vs_runnerup,0.03999600039996,True,52
assist2012,question,classical,pfa,0,iso_vs_none,isotonic,none,0.0014185109745155512,0.013489822220156576,-0.012071311245641024,-0.013467255112948924,-0.007519520532066483,0.00019998000199980003,5497,542817,question|f0|iso_vs_none,0.010398960103989602,True,52
assist2012,question,classical,pfa,0,best_vs_runnerup,isotonic,none,0.0014185109745155512,0.013489822220156576,-0.012071311245641024,-0.013467255112948924,-0.007519520532066483,0.00019998000199980003,5497,542817,question|f0|best_vs_runnerup,0.010398960103989602,True,52
assist2012,question,classical,pfa,1,iso_vs_none,isotonic,none,0.002247665675317099,0.014454605040885337,-0.012206939365568239,-0.01406707388099184,-0.008356539832554521,0.00019998000199980003,5497,542817,question|f1|iso_vs_none,0.010398960103989602,True,52
assist2012,question,classical,pfa,1,best_vs_runnerup,isotonic,none,0.002247665675317099,0.014454605040885337,-0.012206939365568239,-0.01406707388099184,-0.008356539832554521,0.00019998000199980003,5497,542817,question|f1|best_vs_runnerup,0.010398960103989602,True,52
assist2012,question,classical,pfa,2,iso_vs_none,isotonic,none,0.0027083669032475443,0.014019052337500316,-0.011310685434252772,-0.013522257962205608,-0.007843218530361202,0.00019998000199980003,5497,542817,question|f2|iso_vs_none,0.010398960103989602,True,52
assist2012,question,classical,pfa,2,best_vs_runnerup,isotonic,none,0.0027083669032475443,0.014019052337500316,-0.011310685434252772,-0.013522257962205608,-0.007843218530361202,0.00019998000199980003,5497,542817,question|f2|best_vs_runnerup,0.010398960103989602,True,52
assist2012,question,classical,pfa,3,iso_vs_none,isotonic,none,0.0022758797086809483,0.014422756525930737,-0.012146876817249788,-0.014012432551340156,-0.008187624963418473,0.00019998000199980003,5497,542817,question|f3|iso_vs_none,0.010398960103989602,True,52
assist2012,question,classical,pfa,3,best_vs_runnerup,isotonic,none,0.0022758797086809483,0.014422756525930737,-0.012146876817249788,-0.014012432551340156,-0.008187624963418473,0.00019998000199980003,5497,542817,question|f3|best_vs_runnerup,0.010398960103989602,True,52
assist2012,question,classical,pfa,4,iso_vs_none,isotonic,none,0.003376443988336228,0.013770379890415256,-0.010393935902079028,-0.012881497117208688,-0.006009266342072175,0.00019998000199980003,5497,542817,question|f4|iso_vs_none,0.010398960103989602,True,52
assist2012,question,classical,pfa,4,best_vs_runnerup,isotonic,none,0.003376443988336228,0.013770379890415256,-0.010393935902079028,-0.012881497117208688,-0.006009266342072175,0.00019998000199980003,5497,542817,question|f4|best_vs_runnerup,0.010398960103989602,True,52
assist2012,question,classical,pfa_recency,0,iso_vs_none,isotonic,none,0.0030073593832620218,0.008978607196700876,-0.0059712478134388534,-0.007609524523775854,-0.004157975394488073,0.00019998000199980003,5497,542817,question|f0|iso_vs_none,0.010398960103989602,True,52
assist2012,question,classical,pfa_recency,0,best_vs_runnerup,isotonic,none,0.0030073593832620218,0.008978607196700876,-0.0059712478134388534,-0.007609524523775854,-0.004157975394488073,0.00019998000199980003,5497,542817,question|f0|best_vs_runnerup,0.010398960103989602,True,52
assist2012,question,classical,pfa_recency,1,iso_vs_none,isotonic,none,0.001698679699654692,0.010376440837476712,-0.00867776113782202,-0.010124522980033303,-0.005078417498806137,0.00019998000199980003,5497,542817,question|f1|iso_vs_none,0.010398960103989602,True,52
assist2012,question,classical,pfa_recency,1,best_vs_runnerup,isotonic,temperature,0.001698679699654692,0.010237836729477987,-0.008539157029823295,-0.009989982445958038,-0.004984287494828398,0.00019998000199980003,5497,542817,question|f1|best_vs_runnerup,0.010398960103989602,True,52
assist2012,question,classical,pfa_recency,2,iso_vs_none,isotonic,none,0.0022049771478214997,0.009647792171606289,-0.007442815023784789,-0.009579527949884394,-0.004078877314581738,0.00019998000199980003,5497,542817,question|f2|iso_vs_none,0.010398960103989602,True,52
assist2012,question,classical,pfa_recency,2,best_vs_runnerup,isotonic,temperature,0.0022049771478214997,0.009447532846318229,-0.007242555698496729,-0.009387393589541923,-0.0038768043540640183,0.00019998000199980003,5497,542817,question|f2|best_vs_runnerup,0.010398960103989602,True,52
assist2012,question,classical,pfa_recency,3,iso_vs_none,isotonic,none,0.0022403351144013174,0.009948566632041725,-0.007708231517640407,-0.009657410031419938,-0.003965555287258696,0.00019998000199980003,5497,542817,question|f3|iso_vs_none,0.010398960103989602,True,52
assist2012,question,classical,pfa_recency,3,best_vs_runnerup,isotonic,none,0.0022403351144013174,0.009948566632041725,-0.007708231517640407,-0.009657410031419938,-0.003965555287258696,0.00019998000199980003,5497,542817,question|f3|best_vs_runnerup,0.010398960103989602,True,52
assist2012,question,classical,pfa_recency,4,iso_vs_none,isotonic,none,0.003276307705445055,0.009797741977716849,-0.006521434272271794,-0.009007379891810784,-0.0031311500049911764,0.00019998000199980003,5497,542817,question|f4|iso_vs_none,0.010398960103989602,True,52
assist2012,question,classical,pfa_recency,4,best_vs_runnerup,isotonic,none,0.003276307705445055,0.009797741977716849,-0.006521434272271794,-0.009007379891810784,-0.0031311500049911764,0.00019998000199980003,5497,542817,question|f4|best_vs_runnerup,0.010398960103989602,True,52
assist2012,question,classical,elorasch,0,iso_vs_none,isotonic,none,0.002779557326080999,0.04803648646244095,-0.04525692913635995,-0.046783889194277214,-0.04211672461765636,0.00019998000199980003,5497,542817,question|f0|iso_vs_none,0.010398960103989602,True,52
assist2012,question,classical,elorasch,0,best_vs_runnerup,isotonic,platt,0.002779557326080999,0.003843318944610915,-0.001063761618529916,-0.00353859565894207,0.0016387741054269057,0.4931506849315068,5497,542817,question|f0|best_vs_runnerup,1.0,False,52
assist2012,question,classical,elorasch,1,iso_vs_none,isotonic,none,0.002362972052461364,0.047326209806491396,-0.04496323775403003,-0.046617678730551025,-0.04160804956448829,0.00019998000199980003,5497,542817,question|f1|iso_vs_none,0.010398960103989602,True,52
assist2012,question,classical,elorasch,1,best_vs_runnerup,isotonic,platt,0.002362972052461364,0.004559065495995315,-0.0021960934435339514,-0.004501541897273965,0.0008615771050438628,0.18958104189581043,5497,542817,question|f1|best_vs_runnerup,1.0,False,52
assist2012,question,classical,elorasch,2,iso_vs_none,isotonic,none,0.0016446149053240436,0.04658045679411992,-0.04493584188879588,-0.04659339845368995,-0.04030942320576964,0.00019998000199980003,5497,542817,question|f2|iso_vs_none,0.010398960103989602,True,52
assist2012,question,classical,elorasch,2,best_vs_runnerup,isotonic,platt,0.0016446149053240436,0.005000030283774465,-0.0033554153784504212,-0.004528957763424899,-0.00021258261399957604,0.033996600339966,5497,542817,question|f2|best_vs_runnerup,1.0,False,52
assist2012,question,classical,elorasch,3,iso_vs_none,isotonic,none,0.0027438219297894985,0.04863166046865498,-0.04588783853886549,-0.04898791180963577,-0.04089598279361602,0.00019998000199980003,5497,542817,question|f3|iso_vs_none,0.010398960103989602,True,52
assist2012,question,classical,elorasch,3,best_vs_runnerup,isotonic,platt,0.0027438219297894985,0.005128276673815171,-0.002384454744025673,-0.0039311522053329115,-0.0006112370353345855,0.015598440155984402,5497,542817,question|f3|best_vs_runnerup,0.6159384061593841,False,52
assist2012,question,classical,elorasch,4,iso_vs_none,isotonic,none,0.0022715455373944022,0.04681261299856168,-0.04454106746116728,-0.046664212432089416,-0.04057062871907484,0.00019998000199980003,5497,542817,question|f4|iso_vs_none,0.010398960103989602,True,52
assist2012,question,classical,elorasch,4,best_vs_runnerup,isotonic,platt,0.0022715455373944022,0.003930598965661587,-0.0016590534282671845,-0.0033033600463375085,0.00026600963380006977,0.10218978102189781,5497,542817,question|f4|best_vs_runnerup,1.0,False,52
assist2015,concept,deep,dkt,0,iso_vs_none,isotonic,none,0.003941079160364768,0.010169932583917777,-0.006228853423553009,-0.008185694353142177,-0.0026098556527298883,0.0011998800119988001,3818,134592,concept|f0|iso_vs_none,0.011998800119988001,True,28
assist2015,concept,deep,dkt,0,best_vs_runnerup,isotonic,platt,0.003941079160364768,0.004076386511636741,-0.00013530735127197362,-0.0020037104756493967,0.0012952474085529378,0.7791220877912208,3818,134592,concept|f0|best_vs_runnerup,1.0,False,28
assist2015,concept,deep,dkt,1,iso_vs_none,isotonic,none,0.0038106940958486327,0.00846752448836041,-0.004656830392511777,-0.005563944712463715,-0.0021027148035972837,0.00019998000199980003,3818,134592,concept|f1|iso_vs_none,0.005599440055994401,True,28
assist2015,concept,deep,dkt,1,best_vs_runnerup,isotonic,platt,0.0038106940958486327,0.004182708141298991,-0.00037201404545035826,-0.001659694949443187,0.0015235251640741535,0.8839116088391161,3818,134592,concept|f1|best_vs_runnerup,1.0,False,28
assist2015,concept,deep,dkt,2,iso_vs_none,isotonic,none,0.0048401153294741995,0.009897714989708024,-0.0050575996602338245,-0.007756730260335665,-0.001041930226976962,0.009999000099990002,3818,134592,concept|f2|iso_vs_none,0.1103889611038896,False,28
assist2015,concept,deep,dkt,2,best_vs_runnerup,platt,isotonic,0.00407677770689845,0.0048401153294741995,-0.0007633376225757499,-0.0023029878559514385,0.0016528851058042434,0.6425357464253575,3818,134592,concept|f2|best_vs_runnerup,1.0,False,28
assist2015,concept,deep,dkt,3,iso_vs_none,isotonic,none,0.002230945009480464,0.009877009624176886,-0.007646064614696422,-0.0095267999600523,-0.0034496447278096866,0.00019998000199980003,3818,134592,concept|f3|iso_vs_none,0.005599440055994401,True,28
assist2015,concept,deep,dkt,3,best_vs_runnerup,isotonic,platt,0.002230945009480464,0.004718396742930133,-0.002487451733449669,-0.004507408247083572,0.0015208904112376418,0.33436656334366566,3818,134592,concept|f3|best_vs_runnerup,1.0,False,28
assist2015,concept,deep,dkt,4,iso_vs_none,isotonic,none,0.004265828009506384,0.0060607287765950466,-0.0017949007670886629,-0.004729404907168132,0.0011878658889913514,0.2343765623437656,3818,134592,concept|f4|iso_vs_none,0.7927207279272073,False,28
assist2015,concept,deep,dkt,4,best_vs_runnerup,temperature,isotonic,0.002510625399840724,0.004265828009506384,-0.0017552026096656595,-0.002636443113683634,0.0004059009968783149,0.11358864113588642,3818,134592,concept|f4|best_vs_runnerup,1.0,False,28
assist2015,concept,deep,sakt,0,iso_vs_none,isotonic,none,0.004992105592376062,0.01793081436119796,-0.012938708768821899,-0.015091889043444863,-0.010069375828695147,0.00019998000199980003,3818,134592,concept|f0|iso_vs_none,0.005599440055994401,True,28
assist2015,concept,deep,sakt,0,best_vs_runnerup,platt,temperature,0.004442332326964232,0.004661611374067854,-0.0002192790471036224,-0.001363350056873292,0.0011673252071326655,0.6773322667733227,3818,134592,concept|f0|best_vs_runnerup,1.0,False,28
assist2015,concept,deep,sakt,1,iso_vs_none,isotonic,none,0.004901221027233545,0.016210547701291333,-0.011309326674057787,-0.011878394214731379,-0.009666406591801442,0.00019998000199980003,3818,134592,concept|f1|iso_vs_none,0.005599440055994401,True,28
assist2015,concept,deep,sakt,1,best_vs_runnerup,isotonic,platt,0.004901221027233545,0.005158238928638502,-0.00025701790140495676,-0.0019021297882268746,0.0011556012756224602,0.6703329667033296,3818,134592,concept|f1|best_vs_runnerup,1.0,False,28
assist2015,concept,deep,sakt,2,iso_vs_none,isotonic,none,0.006327464519325971,0.023231919908354035,-0.016904455389028065,-0.018257053589178767,-0.013104251710579906,0.00019998000199980003,3818,134592,concept|f2|iso_vs_none,0.005599440055994401,True,28
assist2015,concept,deep,sakt,2,best_vs_runnerup,platt,isotonic,0.00524121342582212,0.006327464519325971,-0.0010862510935038504,-0.002654397073500043,0.0006008919049378972,0.24237576242375763,3818,134592,concept|f2|best_vs_runnerup,1.0,False,28
assist2015,concept,deep,sakt,3,iso_vs_none,isotonic,none,0.004115739244370199,0.024044089229820407,-0.01992834998545021,-0.021712046508697007,-0.01720985341734976,0.00019998000199980003,3818,134592,concept|f3|iso_vs_none,0.005599440055994401,True,28
assist2015,concept,deep,sakt,3,best_vs_runnerup,isotonic,platt,0.004115739244370199,0.005305106768290673,-0.001189367523920474,-0.003415246248709504,0.0011593364558044302,0.43815618438156184,3818,134592,concept|f3|best_vs_runnerup,1.0,False,28
assist2015,concept,deep,sakt,4,iso_vs_none,isotonic,none,0.005595101316318244,0.018366832611838805,-0.01277173129552056,-0.01586739886293716,-0.007713255480827371,0.00019998000199980003,3818,134592,concept|f4|iso_vs_none,0.005599440055994401,True,28
assist2015,concept,deep,sakt,4,best_vs_runnerup,isotonic,temperature,0.005595101316318244,0.007611949293676335,-0.0020168479773580907,-0.005280942032024132,0.0023016860437530384,0.38436156384361564,3818,134592,concept|f4|best_vs_runnerup,1.0,False,28
assist2015,concept,deep,akt,0,iso_vs_none,isotonic,none,0.0035757968905397153,0.010453263580218078,-0.006877466689678362,-0.00841245519385363,-0.0035500846855326205,0.00019998000199980003,3818,134592,concept|f0|iso_vs_none,0.005599440055994401,True,28
assist2015,concept,deep,akt,0,best_vs_runnerup,isotonic,platt,0.0035757968905397153,0.003830892932980222,-0.00025509604244050663,-0.0018325950342143011,0.0015597013457440483,0.8775122487751225,3818,134592,concept|f0|best_vs_runnerup,1.0,False,28
assist2015,concept,deep,akt,1,iso_vs_none,isotonic,none,0.0049620943189855535,0.009313152256533374,-0.004351057937547821,-0.005772414338851523,-0.0034940701275849046,0.00019998000199980003,3818,134592,concept|f1|iso_vs_none,0.005599440055994401,True,28
assist2015,concept,deep,akt,1,best_vs_runnerup,platt,temperature,0.003769844670262703,0.0038933843131256987,-0.00012353964286299568,-0.0017897773022633367,0.0014502196239470036,0.8931106889311069,3818,134592,concept|f1|best_vs_runnerup,1.0,False,28
assist2015,concept,deep,akt,2,iso_vs_none,isotonic,none,0.00408679673242298,0.00801587417889812,-0.003929077446475139,-0.005841855057548572,-0.0020237457228173524,0.0011998800119988001,3818,134592,concept|f2|iso_vs_none,0.016798320167983202,True,28
assist2015,concept,deep,akt,2,best_vs_runnerup,platt,isotonic,0.003055995321078736,0.00408679673242298,-0.0010308014113442443,-0.0022856120882219205,0.0008133819123139702,0.31016898310168983,3818,134592,concept|f2|best_vs_runnerup,1.0,False,28
assist2015,concept,deep,akt,3,iso_vs_none,isotonic,none,0.0034056637078867186,0.009175667836781682,-0.005770004128894964,-0.00751761049114523,-0.0030960545415243098,0.00019998000199980003,3818,134592,concept|f3|iso_vs_none,0.005599440055994401,True,28
assist2015,concept,deep,akt,3,best_vs_runnerup,platt,isotonic,0.0026009370300525214,0.0034056637078867186,-0.0008047266778341972,-0.002172293416080075,0.0014296129245764623,0.5631436856314369,3818,134592,concept|f3|best_vs_runnerup,1.0,False,28
assist2015,concept,deep,akt,4,iso_vs_none,isotonic,none,0.004779353907847751,0.009275667007387687,-0.004496313099539936,-0.007810709940307512,9.194499805347728e-05,0.055594440555944404,3818,134592,concept|f4|iso_vs_none,0.277972202779722,False,28
assist2015,concept,deep,akt,4,best_vs_runnerup,temperature,platt,0.0042781025504053175,0.004629992844073122,-0.00035189029366780415,-0.003813080183602643,0.0029208273780956164,0.8593140685931406,3818,134592,concept|f4|best_vs_runnerup,1.0,False,28
assist2015,concept,deep,simplekt,0,iso_vs_none,isotonic,none,0.0055416724130503275,0.027523242638697033,-0.021981570225646705,-0.025249665695782363,-0.017633633448150332,0.00019998000199980003,3818,134592,concept|f0|iso_vs_none,0.005599440055994401,True,28
assist2015,concept,deep,simplekt,0,best_vs_runnerup,isotonic,platt,0.0055416724130503275,0.006709682548844568,-0.0011680101357942401,-0.0022657824872738537,0.00037404702624676097,0.13758624137586242,3818,134592,concept|f0|best_vs_runnerup,1.0,False,28
assist2015,concept,deep,simplekt,1,iso_vs_none,isotonic,none,0.003962887467270335,0.014416878456007339,-0.010453990988737004,-0.013674110962718823,-0.005658523899807097,0.00019998000199980003,3818,134592,concept|f1|iso_vs_none,0.005599440055994401,True,28
assist2015,concept,deep,simplekt,1,best_vs_runnerup,isotonic,platt,0.003962887467270335,0.004810560490994155,-0.00084767302372382,-0.002460743018773382,0.0005450288354936007,0.17898210178982102,3818,134592,concept|f1|best_vs_runnerup,1.0,False,28
assist2015,concept,deep,simplekt,2,iso_vs_none,isotonic,none,0.005517623009457703,0.01449465256038645,-0.008977029550928746,-0.011455535619461709,-0.005424209840119104,0.00019998000199980003,3818,134592,concept|f2|iso_vs_none,0.005599440055994401,True,28
assist2015,concept,deep,simplekt,2,best_vs_runnerup,isotonic,platt,0.005517623009457703,0.006126996465878982,-0.0006093734564212791,-0.002130275912518635,0.0016079063026063036,0.6665333466653335,3818,134592,concept|f2|best_vs_runnerup,1.0,False,28
assist2015,concept,deep,simplekt,3,iso_vs_none,isotonic,none,0.006178570437210883,0.012932458691519533,-0.00675388825430865,-0.01056933631222441,-0.0027456850346482334,0.000999900009999,3818,134592,concept|f3|iso_vs_none,0.015998400159984,True,28
assist2015,concept,deep,simplekt,3,best_vs_runnerup,platt,isotonic,0.005801325392221998,0.006178570437210883,-0.000377245044988885,-0.002850696235795866,0.0027680088271960167,0.8689131086891311,3818,134592,concept|f3|best_vs_runnerup,1.0,False,28
assist2015,concept,deep,simplekt,4,iso_vs_none,isotonic,none,0.004736402789417031,0.031623344135553066,-0.026886941346136034,-0.03000514722722215,-0.022114239636026656,0.00019998000199980003,3818,134592,concept|f4|iso_vs_none,0.005599440055994401,True,28
assist2015,concept,deep,simplekt,4,best_vs_runnerup,isotonic,platt,0.004736402789417031,0.005454720548996508,-0.000718317759579477,-0.0014892639281136647,0.000356198414632833,0.21457854214578542,3818,134592,concept|f4|best_vs_runnerup,1.0,False,28
assist2015,question,classical,bkt,0,iso_vs_none,isotonic,none,0.005838374627810417,0.005716207338815891,0.00012216728899452564,-0.001001747195774696,0.002544600186662707,0.44915508449155084,3818,138458,question|f0|iso_vs_none,1.0,False,52
assist2015,question,classical,bkt,0,best_vs_runnerup,none,isotonic,0.005716207338815891,0.005838374627810417,-0.00012216728899452564,-0.0025446001866627085,0.001001747195774694,0.44915508449155084,3818,138458,question|f0|best_vs_runnerup,1.0,False,52
assist2015,question,classical,bkt,1,iso_vs_none,isotonic,none,0.0066635900724904065,0.006237520487691989,0.00042606958479841743,-0.0015041034658156197,0.0018638152883205137,0.6527347265273473,3818,138458,question|f1|iso_vs_none,1.0,False,52
assist2015,question,classical,bkt,1,best_vs_runnerup,none,isotonic,0.006237520487691989,0.0066635900724904065,-0.00042606958479841743,-0.0018638152883205146,0.0015041034658156197,0.6527347265273473,3818,138458,question|f1|best_vs_runnerup,1.0,False,52
assist2015,question,classical,bkt,2,iso_vs_none,isotonic,none,0.006274616512985455,0.0057266547608667605,0.0005479617521186942,-0.0016698217686773314,0.0031054869842783088,0.6815318468153184,3818,138458,question|f2|iso_vs_none,1.0,False,52
assist2015,question,classical,bkt,2,best_vs_runnerup,none,isotonic,0.0057266547608667605,0.006274616512985455,-0.0005479617521186942,-0.003105486984278309,0.0016698217686773311,0.6815318468153184,3818,138458,question|f2|best_vs_runnerup,1.0,False,52
assist2015,question,classical,bkt,3,iso_vs_none,isotonic,none,0.004977654129647792,0.0064325425407126,-0.0014548884110648077,-0.004516287268602571,0.0019249776948975286,0.41375862413758624,3818,138458,question|f3|iso_vs_none,1.0,False,52
assist2015,question,classical,bkt,3,best_vs_runnerup,platt,temperature,0.002514081464501798,0.0031197647923887424,-0.0006056833278869442,-0.0022552707291302854,0.000968682545787671,0.42615738426157385,3818,138458,question|f3|best_vs_runnerup,1.0,False,52
assist2015,question,classical,bkt,4,iso_vs_none,isotonic,none,0.006254631406537202,0.007720536813389386,-0.0014659054068521839,-0.00659340407903614,0.003929581497892231,0.56994300569943,3818,138458,question|f4|iso_vs_none,1.0,False,52
assist2015,question,classical,bkt,4,best_vs_runnerup,temperature,platt,0.004065224490797282,0.005736563921814491,-0.0016713394310172089,-0.0024205292920286246,0.0004764799957343842,0.1287871212878712,3818,138458,question|f4|best_vs_runnerup,1.0,False,52
assist2015,question,classical,pfa,0,iso_vs_none,isotonic,none,0.0051703422371063654,0.007309787155021244,-0.0021394449179148785,-0.006277708475386619,0.0012675764224694649,0.24497550244975502,3818,138458,question|f0|iso_vs_none,1.0,False,52
assist2015,question,classical,pfa,0,best_vs_runnerup,isotonic,none,0.0051703422371063654,0.007309787155021244,-0.0021394449179148785,-0.006277708475386619,0.0012675764224694649,0.24497550244975502,3818,138458,question|f0|best_vs_runnerup,1.0,False,52
assist2015,question,classical,pfa,1,iso_vs_none,isotonic,none,0.007297196968852417,0.006858981539620096,0.00043821542923232117,-0.004826074304983453,0.004010009017051114,0.926907309269073,3818,138458,question|f1|iso_vs_none,1.0,False,52
assist2015,question,classical,pfa,1,best_vs_runnerup,none,temperature,0.006858981539620096,0.007090946036316816,-0.00023196449669671965,-0.0032761209039585265,0.0023830132803859343,0.8503149685031497,3818,138458,question|f1|best_vs_runnerup,1.0,False,52
assist2015,question,classical,pfa,2,iso_vs_none,isotonic,none,0.006248860019008056,0.00763645469487482,-0.0013875946758667643,-0.005734413454560345,0.0021482146676479815,0.46015398460153983,3818,138458,question|f2|iso_vs_none,1.0,False,52
assist2015,question,classical,pfa,2,best_vs_runnerup,isotonic,none,0.006248860019008056,0.00763645469487482,-0.0013875946758667643,-0.005734413454560345,0.0021482146676479815,0.46015398460153983,3818,138458,question|f2|best_vs_runnerup,1.0,False,52
assist2015,question,classical,pfa,3,iso_vs_none,isotonic,none,0.001162140250450545,0.007842276872282646,-0.006680136621832101,-0.00796625537337277,-0.0015556893473897275,0.003999600039996,3818,138458,question|f3|iso_vs_none,0.09599040095990401,False,52
assist2015,question,classical,pfa,3,best_vs_runnerup,isotonic,none,0.001162140250450545,0.007842276872282646,-0.006680136621832101,-0.00796625537337277,-0.0015556893473897275,0.003999600039996,3818,138458,question|f3|best_vs_runnerup,0.17598240175982402,False,52
assist2015,question,classical,pfa,4,iso_vs_none,isotonic,none,0.005069031500565033,0.00672671491883569,-0.001657683418270657,-0.006427178397728643,0.0019792792492187993,0.38196180381961803,3818,138458,question|f4|iso_vs_none,1.0,False,52
assist2015,question,classical,pfa,4,best_vs_runnerup,isotonic,none,0.005069031500565033,0.00672671491883569,-0.001657683418270657,-0.006427178397728643,0.0019792792492187993,0.38196180381961803,3818,138458,question|f4|best_vs_runnerup,1.0,False,52
assist2015,question,classical,pfa_recency,0,iso_vs_none,isotonic,none,0.005358144709871532,0.004740188721735252,0.0006179559881362802,-0.003193775596358088,0.0034108424942510015,0.6959304069593041,3818,138458,question|f0|iso_vs_none,1.0,False,52
assist2015,question,classical,pfa_recency,0,best_vs_runnerup,none,temperature,0.004740188721735252,0.0047409377175846095,-7.489958493579058e-07,-1.8759526570048813e-05,2.7464858311739594e-05,0.8775122487751225,3818,138458,question|f0|best_vs_runnerup,1.0,False,52
assist2015,question,classical,pfa_recency,1,iso_vs_none,isotonic,none,0.005849521459356602,0.004316367463321091,0.0015331539960355108,-0.0020580496818269653,0.004123355461681789,0.41535846415358463,3818,138458,question|f1|iso_vs_none,1.0,False,52
assist2015,question,classical,pfa_recency,1,best_vs_runnerup,none,temperature,0.004316367463321091,0.0053200485527106125,-0.0010036810893895211,-0.0029009375384830027,0.0009466038340265672,0.29157084291570845,3818,138458,question|f1|best_vs_runnerup,1.0,False,52
assist2015,question,classical,pfa_recency,2,iso_vs_none,isotonic,none,0.0052476748569076715,0.004660818578852313,0.0005868562780553584,-0.0018423153978691436,0.0030363168349586585,0.5831416858314169,3818,138458,question|f2|iso_vs_none,1.0,False,52
assist2015,question,classical,pfa_recency,2,best_vs_runnerup,none,isotonic,0.004660818578852313,0.0052476748569076715,-0.0005868562780553584,-0.0030363168349586585,0.0018423153978691434,0.5831416858314169,3818,138458,question|f2|best_vs_runnerup,1.0,False,52
assist2015,question,classical,pfa_recency,3,iso_vs_none,isotonic,none,0.0021606652330144844,0.005196437248591495,-0.003035772015577011,-0.004146963133365774,0.000811149111743983,0.1511848815118488,3818,138458,question|f3|iso_vs_none,1.0,False,52
assist2015,question,classical,pfa_recency,3,best_vs_runnerup,isotonic,none,0.0021606652330144844,0.005196437248591495,-0.003035772015577011,-0.004146963133365774,0.000811149111743983,0.1511848815118488,3818,138458,question|f3|best_vs_runnerup,1.0,False,52
assist2015,question,classical,pfa_recency,4,iso_vs_none,isotonic,none,0.005374657496089437,0.005261441786205747,0.00011321570988368987,-0.004870173738483412,0.004271571610564961,0.9925007499250075,3818,138458,question|f4|iso_vs_none,1.0,False,52
assist2015,question,classical,pfa_recency,4,best_vs_runnerup,none,isotonic,0.005261441786205747,0.005374657496089437,-0.00011321570988368987,-0.004271571610564962,0.004870173738483411,0.9925007499250075,3818,138458,question|f4|best_vs_runnerup,1.0,False,52
assist2015,question,classical,elorasch,0,iso_vs_none,isotonic,none,0.003795904328289995,0.06305449333564783,-0.05925858900735784,-0.06350104066577206,-0.053772688258306944,0.00019998000199980003,3818,138458,question|f0|iso_vs_none,0.010398960103989602,True,52
assist2015,question,classical,elorasch,0,best_vs_runnerup,isotonic,platt,0.003795904328289995,0.012418992510292305,-0.00862308818200231,-0.01017403564536251,-0.005123030497274874,0.00019998000199980003,3818,138458,question|f0|best_vs_runnerup,0.010398960103989602,True,52
assist2015,question,classical,elorasch,1,iso_vs_none,isotonic,none,0.004561310806951563,0.06344576501934347,-0.05888445421239191,-0.06359380195672523,-0.053465573575959977,0.00019998000199980003,3818,138458,question|f1|iso_vs_none,0.010398960103989602,True,52
assist2015,question,classical,elorasch,1,best_vs_runnerup,isotonic,platt,0.004561310806951563,0.011213232433130656,-0.006651921626179094,-0.008537307737718217,-0.0044552090561984364,0.00019998000199980003,3818,138458,question|f1|best_vs_runnerup,0.010398960103989602,True,52
assist2015,question,classical,elorasch,2,iso_vs_none,isotonic,none,0.0036047127470609053,0.062250018148843365,-0.05864530540178246,-0.06233739002541982,-0.052724421372302634,0.00019998000199980003,3818,138458,question|f2|iso_vs_none,0.010398960103989602,True,52
assist2015,question,classical,elorasch,2,best_vs_runnerup,isotonic,platt,0.0036047127470609053,0.011040500320337423,-0.0074357875732765175,-0.009321127410351892,-0.003535990943359652,0.0005999400059994001,3818,138458,question|f2|best_vs_runnerup,0.025797420257974202,True,52
assist2015,question,classical,elorasch,3,iso_vs_none,isotonic,none,0.004097087310301002,0.06431216411272028,-0.06021507680241928,-0.0641704675685357,-0.054405856297744006,0.00019998000199980003,3818,138458,question|f3|iso_vs_none,0.010398960103989602,True,52
assist2015,question,classical,elorasch,3,best_vs_runnerup,isotonic,platt,0.004097087310301002,0.010755175049808571,-0.006658087739507569,-0.007510293257208775,-0.004120981293109683,0.00019998000199980003,3818,138458,question|f3|best_vs_runnerup,0.010398960103989602,True,52
assist2015,question,classical,elorasch,4,iso_vs_none,isotonic,none,0.003728792723112959,0.06298857596976465,-0.05925978324665169,-0.06232873350636691,-0.05448192641612628,0.00019998000199980003,3818,138458,question|f4|iso_vs_none,0.010398960103989602,True,52
assist2015,question,classical,elorasch,4,best_vs_runnerup,isotonic,platt,0.003728792723112959,0.011484313048923918,-0.007755520325810959,-0.010520744345551005,-0.003439913579107988,0.00039996000399960006,3818,138458,question|f4|best_vs_runnerup,0.017598240175982403,True,52
assist2017,concept,deep,dkt,0,iso_vs_none,isotonic,none,0.005650577503840568,0.013527226616023756,-0.00787664911218319,-0.010185295424943456,-0.004544426670486576,0.00019998000199980003,341,177767,concept|f0|iso_vs_none,0.005599440055994401,True,28
assist2017,concept,deep,dkt,0,best_vs_runnerup,platt,isotonic,0.004974826383479908,0.005650577503840568,-0.0006757511203606594,-0.002963381344494851,0.001213641410216929,0.7927207279272073,341,177767,concept|f0|best_vs_runnerup,1.0,False,28
assist2017,concept,deep,dkt,1,iso_vs_none,isotonic,none,0.004962733832831406,0.022192921308553284,-0.01723018747572188,-0.019026122591902082,-0.012444175924833437,0.00019998000199980003,341,177767,concept|f1|iso_vs_none,0.005599440055994401,True,28
assist2017,concept,deep,dkt,1,best_vs_runnerup,platt,isotonic,0.004792011692579958,0.004962733832831406,-0.0001707221402514475,-0.0022411409564425284,0.001096669622257119,0.7647235276472353,341,177767,concept|f1|best_vs_runnerup,1.0,False,28
assist2017,concept,deep,dkt,2,iso_vs_none,isotonic,none,0.005030126013930807,0.011072484730536371,-0.006042358716605564,-0.006302310998112801,-0.0017530954140428183,0.0091990800919908,341,177767,concept|f2|iso_vs_none,0.1103889611038896,False,28
assist2017,concept,deep,dkt,2,best_vs_runnerup,isotonic,platt,0.005030126013930807,0.005989075709385911,-0.0009589496954551038,-0.001885797380835578,0.0018084835438769505,0.5605439456054394,341,177767,concept|f2|best_vs_runnerup,1.0,False,28
assist2017,concept,deep,dkt,3,iso_vs_none,isotonic,none,0.0034239975599530594,0.01539663047488877,-0.011972632914935711,-0.015668435196234017,-0.0039155115517438025,0.0059994000599940004,341,177767,concept|f3|iso_vs_none,0.077992200779922,False,28
assist2017,concept,deep,dkt,3,best_vs_runnerup,isotonic,platt,0.0034239975599530594,0.004774763545966347,-0.0013507659860132878,-0.003934442346838074,0.0013835556243585033,0.3291670832916708,341,177767,concept|f3|best_vs_runnerup,1.0,False,28
assist2017,concept,deep,dkt,4,iso_vs_none,isotonic,none,0.005679146317254834,0.02314868153095154,-0.017469535213696707,-0.019240836578541632,-0.013335529523984124,0.00019998000199980003,341,177767,concept|f4|iso_vs_none,0.005599440055994401,True,28
assist2017,concept,deep,dkt,4,best_vs_runnerup,platt,isotonic,0.004520352903821429,0.005679146317254834,-0.0011587934134334047,-0.002523283026700335,0.0015009786255858653,0.6085391460853915,341,177767,concept|f4|best_vs_runnerup,1.0,False,28
assist2017,concept,deep,sakt,0,iso_vs_none,isotonic,none,0.00375373684844051,0.010704804440548076,-0.006951067592107566,-0.009757703019414428,-0.0010935847205832518,0.016198380161983803,341,177767,concept|f0|iso_vs_none,0.12958704129587043,False,28
assist2017,concept,deep,sakt,0,best_vs_runnerup,isotonic,platt,0.00375373684844051,0.005226836628016374,-0.0014730997795758638,-0.003912576001133668,0.0020851669207277326,0.45435456454354567,341,177767,concept|f0|best_vs_runnerup,1.0,False,28
assist2017,concept,deep,sakt,1,iso_vs_none,isotonic,none,0.0031622774199812015,0.011052150103483385,-0.007889872683502185,-0.00966981891449613,-0.0031387469916120342,0.0007999200079992001,341,177767,concept|f1|iso_vs_none,0.010398960103989602,True,28
assist2017,concept,deep,sakt,1,best_vs_runnerup,isotonic,platt,0.0031622774199812015,0.005026079804459839,-0.0018638023844786376,-0.0035360831777813653,0.0005233623679367829,0.1725827417258274,341,177767,concept|f1|best_vs_runnerup,1.0,False,28
assist2017,concept,deep,sakt,2,iso_vs_none,isotonic,none,0.003839658476414306,0.012639141051346399,-0.008799482574932092,-0.01230592027358652,-0.003744701404072188,0.00039996000399960006,341,177767,concept|f2|iso_vs_none,0.005999400059994001,True,28
assist2017,concept,deep,sakt,2,best_vs_runnerup,isotonic,platt,0.003839658476414306,0.004842653399858094,-0.0010029949234437881,-0.002606129992263149,0.0012446904886980693,0.6407359264073592,341,177767,concept|f2|best_vs_runnerup,1.0,False,28
assist2017,concept,deep,sakt,3,iso_vs_none,isotonic,none,0.003690997996583294,0.008514041947696982,-0.004823043951113688,-0.008700960110752375,-0.0014223480685487044,0.004399560043995601,341,177767,concept|f3|iso_vs_none,0.06159384061593841,False,28
assist2017,concept,deep,sakt,3,best_vs_runnerup,isotonic,platt,0.003690997996583294,0.0062925631958621235,-0.0026015651992788297,-0.004517529151782011,0.0008399912471035006,0.23577642235776422,341,177767,concept|f3|best_vs_runnerup,1.0,False,28
assist2017,concept,deep,sakt,4,iso_vs_none,isotonic,none,0.005563333287727519,0.010438134159968216,-0.004874800872240697,-0.011297637886189794,0.0034899110533232382,0.2623737626237376,341,177767,concept|f4|iso_vs_none,0.7927207279272073,False,28
assist2017,concept,deep,sakt,4,best_vs_runnerup,platt,temperature,0.004285120774826231,0.004425288424469458,-0.0001401676496432273,-0.0019701499468337018,0.0026039571170506873,0.8043195680431957,341,177767,concept|f4|best_vs_runnerup,1.0,False,28
assist2017,concept,deep,akt,0,iso_vs_none,isotonic,none,0.00397693566965738,0.015605454268369156,-0.011628518598711775,-0.013760017512207743,-0.00791441363641311,0.00019998000199980003,341,177767,concept|f0|iso_vs_none,0.005599440055994401,True,28
assist2017,concept,deep,akt,0,best_vs_runnerup,isotonic,platt,0.00397693566965738,0.004288806540138305,-0.00031187087048092487,-0.0012893911046966838,0.0010011658327354937,0.5325467453254674,341,177767,concept|f0|best_vs_runnerup,1.0,False,28
assist2017,concept,deep,akt,1,iso_vs_none,isotonic,none,0.004745765694858772,0.015451008298344417,-0.010705242603485645,-0.012746769103277487,-0.007315263292938732,0.00019998000199980003,341,177767,concept|f1|iso_vs_none,0.005599440055994401,True,28
assist2017,concept,deep,akt,1,best_vs_runnerup,isotonic,platt,0.004745765694858772,0.005373885579700477,-0.000628119884841705,-0.0023520843431959005,0.0017655219220281896,0.5483451654834517,341,177767,concept|f1|best_vs_runnerup,1.0,False,28
assist2017,concept,deep,akt,2,iso_vs_none,isotonic,none,0.004938786011601032,0.017773417654023436,-0.012834631642422403,-0.014362232856030378,-0.010187601837153181,0.00019998000199980003,341,177767,concept|f2|iso_vs_none,0.005599440055994401,True,28
assist2017,concept,deep,akt,2,best_vs_runnerup,isotonic,platt,0.004938786011601032,0.005164818624429441,-0.00022603261282840882,-0.0010984490635820247,0.0007687128696763595,0.6099390060993901,341,177767,concept|f2|best_vs_runnerup,1.0,False,28
assist2017,concept,deep,akt,3,iso_vs_none,isotonic,none,0.0056123312190396075,0.017107542544003942,-0.011495211324964335,-0.013655867189798098,-0.008279892338648521,0.00019998000199980003,341,177767,concept|f3|iso_vs_none,0.005599440055994401,True,28
assist2017,concept,deep,akt,3,best_vs_runnerup,platt,isotonic,0.0037776746736617626,0.0056123312190396075,-0.001834656545377845,-0.00318922333860239,0.00044423112615486944,0.13938606139386062,341,177767,concept|f3|best_vs_runnerup,1.0,False,28
assist2017,concept,deep,akt,4,iso_vs_none,isotonic,none,0.005803040279668204,0.021251231974563713,-0.01544819169489551,-0.017976759984322424,-0.011569430097958284,0.00019998000199980003,341,177767,concept|f4|iso_vs_none,0.005599440055994401,True,28
assist2017,concept,deep,akt,4,best_vs_runnerup,isotonic,platt,0.005803040279668204,0.006401708593460042,-0.0005986683137918381,-0.002367562177164692,0.0015962055888189596,0.8803119688031197,341,177767,concept|f4|best_vs_runnerup,1.0,False,28
assist2017,concept,deep,simplekt,0,iso_vs_none,isotonic,none,0.0035288128544684557,0.02814247960317303,-0.024613666748704573,-0.026319447141760436,-0.01986565632867761,0.00019998000199980003,341,177767,concept|f0|iso_vs_none,0.005599440055994401,True,28
assist2017,concept,deep,simplekt,0,best_vs_runnerup,isotonic,platt,0.0035288128544684557,0.003940442956014698,-0.00041163010154624197,-0.0017639538005739662,0.0012805566390481165,0.8173182681731826,341,177767,concept|f0|best_vs_runnerup,1.0,False,28
assist2017,concept,deep,simplekt,1,iso_vs_none,isotonic,none,0.003924811663262659,0.02095656718060297,-0.017031755517340312,-0.018013002919491223,-0.012967465946526086,0.00019998000199980003,341,177767,concept|f1|iso_vs_none,0.005599440055994401,True,28
assist2017,concept,deep,simplekt,1,best_vs_runnerup,isotonic,platt,0.003924811663262659,0.007943256568292131,-0.004018444905029473,-0.0057163632560133576,-0.001159726097554613,0.0047995200479952005,341,177767,concept|f1|best_vs_runnerup,0.12478752124787522,False,28
assist2017,concept,deep,simplekt,2,iso_vs_none,isotonic,none,0.006651053189363146,0.019639859795918316,-0.01298880660655517,-0.020807107268870098,-0.002840241181336725,0.0105989401059894,341,177767,concept|f2|iso_vs_none,0.1103889611038896,False,28
assist2017,concept,deep,simplekt,2,best_vs_runnerup,isotonic,temperature,0.006651053189363146,0.007038338766544237,-0.0003872855771810905,-0.008500100733118219,0.0040651342894944915,0.6933306669333067,341,177767,concept|f2|best_vs_runnerup,1.0,False,28
assist2017,concept,deep,simplekt,3,iso_vs_none,isotonic,none,0.0039011636246740226,0.016694348248345526,-0.012793184623671502,-0.017396663894081302,-0.0022014869199406756,0.0197980201979802,341,177767,concept|f3|iso_vs_none,0.17818218178182182,False,28
assist2017,concept,deep,simplekt,3,best_vs_runnerup,isotonic,platt,0.0039011636246740226,0.006173935060838625,-0.0022727714361646025,-0.0026217347943492727,-0.00016717855199638703,0.0217978202179782,341,177767,concept|f3|best_vs_runnerup,0.5231476852314768,False,28
assist2017,concept,deep,simplekt,4,iso_vs_none,isotonic,none,0.0024434476080915407,0.03020499858410498,-0.02776155097601344,-0.028859792478793327,-0.022087800779125817,0.00019998000199980003,341,177767,concept|f4|iso_vs_none,0.005599440055994401,True,28
assist2017,concept,deep,simplekt,4,best_vs_runnerup,isotonic,platt,0.0024434476080915407,0.010601137308035228,-0.008157689699943687,-0.009024304956359723,-0.004190986899123293,0.00019998000199980003,341,177767,concept|f4|best_vs_runnerup,0.005599440055994401,True,28
assist2017,question,deep,dkt,0,iso_vs_none,isotonic,none,0.005629051044179325,0.013515952904644959,-0.007886901860465634,-0.01018362299562286,-0.004562344166044074,0.00019998000199980003,341,177767,question|f0|iso_vs_none,0.010398960103989602,True,52
assist2017,question,deep,dkt,0,best_vs_runnerup,platt,isotonic,0.004968037676631675,0.005629051044179325,-0.0006610133675476497,-0.002959543858695368,0.0012290530396647128,0.7967203279672033,341,177767,question|f0|best_vs_runnerup,1.0,False,52
assist2017,question,deep,dkt,1,iso_vs_none,isotonic,none,0.004971664966661542,0.022204078934785508,-0.017232413968123965,-0.019034915061978352,-0.012439774125516508,0.00019998000199980003,341,177767,question|f1|iso_vs_none,0.010398960103989602,True,52
assist2017,question,deep,dkt,1,best_vs_runnerup,platt,isotonic,0.004814435452441862,0.004971664966661542,-0.0001572295142196799,-0.002269747630149045,0.001056565499126561,0.7549245075492451,341,177767,question|f1|best_vs_runnerup,1.0,False,52
assist2017,question,deep,dkt,2,iso_vs_none,isotonic,none,0.005026558496131272,0.011071386702818787,-0.006044828206687515,-0.006326879630108471,-0.0019233287763221363,0.0081991800819918,341,177767,question|f2|iso_vs_none,0.16398360163983602,False,52
assist2017,question,deep,dkt,2,best_vs_runnerup,isotonic,platt,0.005026558496131272,0.005984498149787362,-0.0009579396536560899,-0.0019150279858432876,0.0016865823472957862,0.5055494450554945,341,177767,question|f2|best_vs_runnerup,1.0,False,52
assist2017,question,deep,dkt,3,iso_vs_none,isotonic,none,0.0034324974075649085,0.015396673173311216,-0.011964175765746307,-0.015612345499429432,-0.003899448043756942,0.0059994000599940004,341,177767,question|f3|iso_vs_none,0.137986201379862,False,52
assist2017,question,deep,dkt,3,best_vs_runnerup,isotonic,platt,0.0034324974075649085,0.0048073646275697286,-0.00137486722000482,-0.003881855796032663,0.0013888656460865493,0.3267673232676732,341,177767,question|f3|best_vs_runnerup,1.0,False,52
assist2017,question,deep,dkt,4,iso_vs_none,isotonic,none,0.005666529836813027,0.023157775065113156,-0.01749124522830013,-0.01924912399909152,-0.013359246691122843,0.00019998000199980003,341,177767,question|f4|iso_vs_none,0.010398960103989602,True,52
assist2017,question,deep,dkt,4,best_vs_runnerup,platt,isotonic,0.00455413412476863,0.005666529836813027,-0.001112395712044397,-0.002523489590121991,0.0015015485265730758,0.6175382461753824,341,177767,question|f4|best_vs_runnerup,1.0,False,52
assist2017,question,deep,sakt,0,iso_vs_none,isotonic,none,0.0037562350960000167,0.010698039568648874,-0.006941804472648857,-0.00973438478159932,-0.0010619656126681642,0.017198280171982803,341,177767,question|f0|iso_vs_none,0.19918008199180082,False,52
assist2017,question,deep,sakt,0,best_vs_runnerup,isotonic,platt,0.0037562350960000167,0.005229208261202431,-0.0014729731652024145,-0.003917132463556208,0.0020779635154748372,0.4617538246175382,341,177767,question|f0|best_vs_runnerup,1.0,False,52
assist2017,question,deep,sakt,1,iso_vs_none,isotonic,none,0.003147690235627464,0.011083586379924355,-0.007935896144296892,-0.009685366193280663,-0.003139678737281742,0.0005999400059994001,341,177767,question|f1|iso_vs_none,0.011398860113988602,True,52
assist2017,question,deep,sakt,1,best_vs_runnerup,isotonic,platt,0.003147690235627464,0.005045166497623029,-0.001897476261995565,-0.003581642121454489,0.0005207053777656032,0.1675832416758324,341,177767,question|f1|best_vs_runnerup,1.0,False,52
assist2017,question,deep,sakt,2,iso_vs_none,isotonic,none,0.0038339590599225292,0.01260878678269879,-0.008774827722776261,-0.012273197276122513,-0.0037352484343574723,0.00039996000399960006,341,177767,question|f2|iso_vs_none,0.010398960103989602,True,52
assist2017,question,deep,sakt,2,best_vs_runnerup,isotonic,platt,0.0038339590599225292,0.004780763745384363,-0.0009468046854618339,-0.0025459993512256984,0.0012557355294290186,0.6741325867413258,341,177767,question|f2|best_vs_runnerup,1.0,False,52
assist2017,question,deep,sakt,3,iso_vs_none,isotonic,none,0.00409758894048689,0.008527695241524132,-0.0044301063010372425,-0.008692293102684205,-0.001079522514030788,0.0093990600939906,341,177767,question|f3|iso_vs_none,0.2067793220677932,False,52
assist2017,question,deep,sakt,3,best_vs_runnerup,isotonic,platt,0.00409758894048689,0.006253238149425182,-0.002155649208938292,-0.004551268956753629,0.0012702049921757325,0.3143685631436856,341,177767,question|f3|best_vs_runnerup,1.0,False,52
assist2017,question,deep,sakt,4,iso_vs_none,isotonic,none,0.005568873451690964,0.010413364122700018,-0.004844490671009054,-0.011344353833054356,0.0035033730897475303,0.2643735626437356,341,177767,question|f4|iso_vs_none,1.0,False,52
assist2017,question,deep,sakt,4,best_vs_runnerup,platt,temperature,0.0043268601453398435,0.004437670508641116,-0.00011081036330127213,-0.0019528639314285346,0.002601901262387854,0.8017198280171983,341,177767,question|f4|best_vs_runnerup,1.0,False,52
assist2017,question,deep,akt,0,iso_vs_none,isotonic,none,0.003976273864726049,0.015587335669725077,-0.011611061804999028,-0.013747544297851699,-0.00791683180254269,0.00019998000199980003,341,177767,question|f0|iso_vs_none,0.010398960103989602,True,52
assist2017,question,deep,akt,0,best_vs_runnerup,isotonic,platt,0.003976273864726049,0.004303928530983641,-0.00032765466625759177,-0.0012853227697146056,0.0010140753942048468,0.5361463853614639,341,177767,question|f0|best_vs_runnerup,1.0,False,52
assist2017,question,deep,akt,1,iso_vs_none,isotonic,none,0.004720777329910962,0.015453217976339913,-0.010732440646428951,-0.012734766580384695,-0.007318313968209434,0.00019998000199980003,341,177767,question|f1|iso_vs_none,0.010398960103989602,True,52
assist2017,question,deep,akt,1,best_vs_runnerup,isotonic,platt,0.004720777329910962,0.005368998444568992,-0.0006482211146580296,-0.002337596412598548,0.0017731772559031556,0.5443455654434557,341,177767,question|f1|best_vs_runnerup,1.0,False,52
assist2017,question,deep,akt,2,iso_vs_none,isotonic,none,0.0048001951187914005,0.01778694583359106,-0.012986750714799659,-0.014447639890582889,-0.010188072337475004,0.00019998000199980003,341,177767,question|f2|iso_vs_none,0.010398960103989602,True,52
assist2017,question,deep,akt,2,best_vs_runnerup,isotonic,platt,0.0048001951187914005,0.00517093667571859,-0.0003707415569271892,-0.0011167469018276228,0.0006454143315816974,0.47955204479552044,341,177767,question|f2|best_vs_runnerup,1.0,False,52
assist2017,question,deep,akt,3,iso_vs_none,isotonic,none,0.005584862326857794,0.01711432155574445,-0.011529459228886655,-0.013675717897888282,-0.008328047835308626,0.00019998000199980003,341,177767,question|f3|iso_vs_none,0.010398960103989602,True,52
assist2017,question,deep,akt,3,best_vs_runnerup,platt,isotonic,0.003784090830760982,0.005584862326857794,-0.0018007714960968117,-0.003163995711669562,0.0004688496834607756,0.1421857814218578,341,177767,question|f3|best_vs_runnerup,1.0,False,52
assist2017,question,deep,akt,4,iso_vs_none,isotonic,none,0.005735826094392344,0.02123777022732007,-0.015501944132927725,-0.01797586828912807,-0.011562330933587077,0.00019998000199980003,341,177767,question|f4|iso_vs_none,0.010398960103989602,True,52
assist2017,question,deep,akt,4,best_vs_runnerup,isotonic,platt,0.005735826094392344,0.006388025759548976,-0.000652199665156632,-0.002313823483619086,0.0016551160310551562,0.8991100889911009,341,177767,question|f4|best_vs_runnerup,1.0,False,52
assist2017,question,deep,simplekt,0,iso_vs_none,isotonic,none,0.003402405035960566,0.0281311852031029,-0.024728780167142334,-0.02644210298849833,-0.01995256247515997,0.00019998000199980003,341,177767,question|f0|iso_vs_none,0.010398960103989602,True,52
assist2017,question,deep,simplekt,0,best_vs_runnerup,isotonic,platt,0.003402405035960566,0.003975399396970698,-0.0005729943610101318,-0.001880371847486196,0.0011519075638793056,0.680931906809319,341,177767,question|f0|best_vs_runnerup,1.0,False,52
assist2017,question,deep,simplekt,1,iso_vs_none,isotonic,none,0.003908353268306056,0.020954364983377053,-0.017046011715070995,-0.018024471295054998,-0.012943885629832862,0.00019998000199980003,341,177767,question|f1|iso_vs_none,0.010398960103989602,True,52
assist2017,question,deep,simplekt,1,best_vs_runnerup,isotonic,platt,0.003908353268306056,0.00795108590254166,-0.0040427326342356035,-0.005732740491442516,-0.0011724801429869177,0.0045995400459954,341,177767,question|f1|best_vs_runnerup,0.1701829817018298,False,52
assist2017,question,deep,simplekt,2,iso_vs_none,isotonic,none,0.0066844901615070295,0.0196387653501493,-0.012954275188642271,-0.020767291058469032,-0.002825237945576287,0.0105989401059894,341,177767,question|f2|iso_vs_none,0.1907809219078092,False,52
assist2017,question,deep,simplekt,2,best_vs_runnerup,isotonic,temperature,0.0066844901615070295,0.007058632985544956,-0.0003741428240379265,-0.00846709409697968,0.0040571980732864565,0.6993300669933007,341,177767,question|f2|best_vs_runnerup,1.0,False,52
assist2017,question,deep,simplekt,3,iso_vs_none,isotonic,none,0.003809332745492994,0.016697776865222523,-0.012888444119729529,-0.017398876499983684,-0.002219242735974808,0.019598040195980403,341,177767,question|f3|iso_vs_none,0.41155884411558846,False,52
assist2017,question,deep,simplekt,3,best_vs_runnerup,isotonic,platt,0.003809332745492994,0.006212116715655572,-0.0024027839701625782,-0.002726169059501538,-0.00022218888391234315,0.015398460153984602,341,177767,question|f3|best_vs_runnerup,0.6159384061593841,False,52
assist2017,question,deep,simplekt,4,iso_vs_none,isotonic,none,0.002449257625436484,0.03020727862876697,-0.027758021003330486,-0.02885234910560801,-0.022091553633795648,0.00019998000199980003,341,177767,question|f4|iso_vs_none,0.010398960103989602,True,52
assist2017,question,deep,simplekt,4,best_vs_runnerup,isotonic,platt,0.002449257625436484,0.010578549419983516,-0.008129291794547033,-0.008985315266351795,-0.004187106545995167,0.00019998000199980003,341,177767,question|f4|best_vs_runnerup,0.010398960103989602,True,52
assist2017,question,classical,bkt,0,iso_vs_none,isotonic,none,0.0034398844013365766,0.01500083303172622,-0.011560948630389645,-0.013086106366730089,-0.004745444138938332,0.004399560043995601,341,178823,question|f0|iso_vs_none,0.06159384061593841,False,52
assist2017,question,classical,bkt,0,best_vs_runnerup,isotonic,platt,0.0034398844013365766,0.014132724342949342,-0.010692839941612766,-0.011472873687686626,-0.003684324489010335,0.00019998000199980003,341,178823,question|f0|best_vs_runnerup,0.010398960103989602,True,52
assist2017,question,classical,bkt,1,iso_vs_none,isotonic,none,0.004975978978773716,0.01495384343228952,-0.009977864453515804,-0.010713041846468414,-0.0063777089314050375,0.00039996000399960006,341,178823,question|f1|iso_vs_none,0.010398960103989602,True,52
assist2017,question,classical,bkt,1,best_vs_runnerup,isotonic,platt,0.004975978978773716,0.014236044461026769,-0.009260065482253051,-0.00955344317312657,-0.003879853378342016,0.00019998000199980003,341,178823,question|f1|best_vs_runnerup,0.010398960103989602,True,52
assist2017,question,classical,bkt,2,iso_vs_none,isotonic,none,0.005223947162521392,0.01463339654846075,-0.009409449385939359,-0.011439965680568195,-0.006108556748820463,0.00019998000199980003,341,178823,question|f2|iso_vs_none,0.010398960103989602,True,52
assist2017,question,classical,bkt,2,best_vs_runnerup,isotonic,none,0.005223947162521392,0.01463339654846075,-0.009409449385939359,-0.011439965680568195,-0.006108556748820463,0.00019998000199980003,341,178823,question|f2|best_vs_runnerup,0.010398960103989602,True,52
assist2017,question,classical,bkt,3,iso_vs_none,isotonic,none,0.007536569498398326,0.015258076917813865,-0.0077215074194155395,-0.014641951088110084,0.003402289319122218,0.17418258174182583,341,178823,question|f3|iso_vs_none,1.0,False,52
assist2017,question,classical,bkt,3,best_vs_runnerup,isotonic,platt,0.007536569498398326,0.009640246211299794,-0.0021036767129014675,-0.00475432033087485,0.0001496225956107701,0.11138886111388861,341,178823,question|f3|best_vs_runnerup,1.0,False,52
assist2017,question,classical,bkt,4,iso_vs_none,isotonic,none,0.006010124224710737,0.014283908636518343,-0.008273784411807605,-0.010028174138685437,-0.004380152618789314,0.0047995200479952005,341,178823,question|f4|iso_vs_none,0.0597940205979402,False,52
assist2017,question,classical,bkt,4,best_vs_runnerup,isotonic,platt,0.006010124224710737,0.01387112460617942,-0.007861000381468683,-0.008863052897446072,-0.0033056564030261213,0.0005999400059994001,341,178823,question|f4|best_vs_runnerup,0.025197480251974803,True,52
assist2017,question,classical,pfa,0,iso_vs_none,isotonic,none,0.0037517308772860177,0.012730619851819322,-0.008978888974533304,-0.010713400494149785,-0.001816195898659389,0.00019998000199980003,341,178823,question|f0|iso_vs_none,0.010398960103989602,True,52
assist2017,question,classical,pfa,0,best_vs_runnerup,isotonic,platt,0.0037517308772860177,0.012454365509207475,-0.008702634631921457,-0.010442440299438601,-0.0015933304700728958,0.00019998000199980003,341,178823,question|f0|best_vs_runnerup,0.010398960103989602,True,52
assist2017,question,classical,pfa,1,iso_vs_none,isotonic,none,0.004133943781645774,0.011725637822542214,-0.007591694040896439,-0.010329499842422119,-0.0011875969227352066,0.007999200079992,341,178823,question|f1|iso_vs_none,0.103989601039896,False,52
assist2017,question,classical,pfa,1,best_vs_runnerup,isotonic,none,0.004133943781645774,0.011725637822542214,-0.007591694040896439,-0.010329499842422119,-0.0011875969227352066,0.007999200079992,341,178823,question|f1|best_vs_runnerup,0.271972802719728,False,52
assist2017,question,classical,pfa,2,iso_vs_none,isotonic,none,0.004786065817175556,0.01195059116049192,-0.007164525343316364,-0.010023592522102776,-0.0008424478548543073,0.0115988401159884,341,178823,question|f2|iso_vs_none,0.19718028197180282,False,52
assist2017,question,classical,pfa,2,best_vs_runnerup,isotonic,platt,0.004786065817175556,0.011457503863545786,-0.00667143804637023,-0.008835999037658198,-0.0027821559404598755,0.0035996400359964,341,178823,question|f2|best_vs_runnerup,0.143985601439856,False,52
assist2017,question,classical,pfa,3,iso_vs_none,isotonic,none,0.010931558539849642,0.01021127074134102,0.0007202877985086221,-0.011672630339154007,0.010223048252102226,0.9255074492550744,341,178823,question|f3|iso_vs_none,1.0,False,52
assist2017,question,classical,pfa,3,best_vs_runnerup,temperature,none,0.009446831506306522,0.01021127074134102,-0.0007644392350344975,-0.0009412581179432991,-4.785828931910767e-05,0.0451954804519548,341,178823,question|f3|best_vs_runnerup,1.0,False,52
assist2017,question,classical,pfa,4,iso_vs_none,isotonic,none,0.0032506734512691474,0.011076841872391354,-0.007826168421122206,-0.008582934724516213,-0.0008345611257472625,0.0045995400459954,341,178823,question|f4|iso_vs_none,0.0597940205979402,False,52
assist2017,question,classical,pfa,4,best_vs_runnerup,isotonic,platt,0.0032506734512691474,0.00984085565250829,-0.006590182201239142,-0.007393321125128532,-0.00033838157348955935,0.017598240175982403,341,178823,question|f4|best_vs_runnerup,0.5983401659834017,False,52
assist2017,question,classical,pfa_recency,0,iso_vs_none,isotonic,none,0.003381844216231654,0.010183382171952745,-0.006801537955721091,-0.008869076389586297,-0.0007128670818964848,0.0165983401659834,341,178823,question|f0|iso_vs_none,0.19918008199180082,False,52
assist2017,question,classical,pfa_recency,0,best_vs_runnerup,isotonic,temperature,0.003381844216231654,0.010164526644491818,-0.006782682428260163,-0.008858143922717934,-0.0006997800996439639,0.019598040195980403,341,178823,question|f0|best_vs_runnerup,0.7055294470552945,False,52
assist2017,question,classical,pfa_recency,1,iso_vs_none,isotonic,none,0.00402151750080814,0.010317640417731309,-0.006296122916923169,-0.009677163721549418,-0.001484876489535397,0.0045995400459954,341,178823,question|f1|iso_vs_none,0.068993100689931,False,52
assist2017,question,classical,pfa_recency,1,best_vs_runnerup,isotonic,none,0.00402151750080814,0.010317640417731309,-0.006296122916923169,-0.009677163721549418,-0.001484876489535397,0.0045995400459954,341,178823,question|f1|best_vs_runnerup,0.1701829817018298,False,52
assist2017,question,classical,pfa_recency,2,iso_vs_none,isotonic,none,0.0046563078431081616,0.00928353805590644,-0.0046272302127982785,-0.008452466335755058,-0.001019352042551915,0.008599140085991401,341,178823,question|f2|iso_vs_none,0.16398360163983602,False,52
assist2017,question,classical,pfa_recency,2,best_vs_runnerup,isotonic,none,0.0046563078431081616,0.00928353805590644,-0.0046272302127982785,-0.008452466335755058,-0.001019352042551915,0.008599140085991401,341,178823,question|f2|best_vs_runnerup,0.31816818318168183,False,52
assist2017,question,classical,pfa_recency,3,iso_vs_none,isotonic,none,0.010225974661311187,0.010664966390238501,-0.00043899172892731403,-0.011245463470164013,0.008339449828810028,0.9503049695030497,341,178823,question|f3|iso_vs_none,1.0,False,52
assist2017,question,classical,pfa_recency,3,best_vs_runnerup,isotonic,none,0.010225974661311187,0.010664966390238501,-0.00043899172892731403,-0.011245463470164013,0.008339449828810028,0.9503049695030497,341,178823,question|f3|best_vs_runnerup,1.0,False,52
assist2017,question,classical,pfa_recency,4,iso_vs_none,isotonic,none,0.0026131227919506503,0.009588073236839623,-0.0069749504448889735,-0.0081732512580455,-0.0007775990697707439,0.0117988201179882,341,178823,question|f4|iso_vs_none,0.11798820117988201,False,52
assist2017,question,classical,pfa_recency,4,best_vs_runnerup,isotonic,platt,0.0026131227919506503,0.009250787513145176,-0.006637664721194526,-0.008207546271897419,-0.0006503602476300144,0.014798520147985201,341,178823,question|f4|best_vs_runnerup,0.5327467253274673,False,52
assist2017,question,classical,elorasch,0,iso_vs_none,isotonic,none,0.005358053813014925,0.027590754861414487,-0.022232701048399563,-0.022967047306395028,-0.016022769626467252,0.00019998000199980003,341,178823,question|f0|iso_vs_none,0.010398960103989602,True,52
assist2017,question,classical,elorasch,0,best_vs_runnerup,isotonic,platt,0.005358053813014925,0.007329230860861563,-0.0019711770478466383,-0.0031035112433629867,0.0023375165910376554,0.41335866413358663,341,178823,question|f0|best_vs_runnerup,1.0,False,52
assist2017,question,classical,elorasch,1,iso_vs_none,isotonic,none,0.004412738823360688,0.026142078611739325,-0.021729339788378637,-0.023916840038808302,-0.014632653797494543,0.00019998000199980003,341,178823,question|f1|iso_vs_none,0.010398960103989602,True,52
assist2017,question,classical,elorasch,1,best_vs_runnerup,isotonic,temperature,0.004412738823360688,0.006913528143596266,-0.0025007893202355783,-0.0054388872414959585,0.0027401743377140513,0.46115388461153883,341,178823,question|f1|best_vs_runnerup,1.0,False,52
assist2017,question,classical,elorasch,2,iso_vs_none,isotonic,none,0.004848702680614524,0.026107858569359182,-0.02125915588874466,-0.023005168081472148,-0.01424260910944646,0.00019998000199980003,341,178823,question|f2|iso_vs_none,0.010398960103989602,True,52
assist2017,question,classical,elorasch,2,best_vs_runnerup,isotonic,temperature,0.004848702680614524,0.007291572662385848,-0.0024428699817713243,-0.004994042619588364,0.0025421915766395023,0.42595740425957407,341,178823,question|f2|best_vs_runnerup,1.0,False,52
assist2017,question,classical,elorasch,3,iso_vs_none,isotonic,none,0.006149792937502245,0.027326840422844632,-0.02117704748534239,-0.025161374253582138,-0.013888789912873295,0.00019998000199980003,341,178823,question|f3|iso_vs_none,0.010398960103989602,True,52
assist2017,question,classical,elorasch,3,best_vs_runnerup,isotonic,temperature,0.006149792937502245,0.007158040068548968,-0.0010082471310467224,-0.005246854512059264,0.0032138788406871335,0.5621437856214379,341,178823,question|f3|best_vs_runnerup,1.0,False,52
assist2017,question,classical,elorasch,4,iso_vs_none,isotonic,none,0.005097730103437645,0.027361807377404346,-0.0222640772739667,-0.02352013229729707,-0.01692191088632088,0.00019998000199980003,341,178823,question|f4|iso_vs_none,0.010398960103989602,True,52
assist2017,question,classical,elorasch,4,best_vs_runnerup,isotonic,temperature,0.005097730103437645,0.0067417231779998,-0.001643993074562155,-0.004148746531375158,0.0021976860322601268,0.36776322367763226,341,178823,question|f4|best_vs_runnerup,1.0,False,52
bridge2algebra2006,concept,deep,dkt,0,iso_vs_none,isotonic,none,0.0031651615479449165,0.006761580731020383,-0.0035964191830754662,-0.005972203226356793,0.0008346171982626479,0.1227877212278772,229,353631,concept|f0|iso_vs_none,0.613938606139386,False,28
bridge2algebra2006,concept,deep,dkt,0,best_vs_runnerup,platt,isotonic,0.002860268612430167,0.0031651615479449165,-0.0003048929355147496,-0.0012158094091096656,0.0009240898150081374,0.9325067493250675,229,353631,concept|f0|best_vs_runnerup,1.0,False,28
bridge2algebra2006,concept,deep,dkt,1,iso_vs_none,isotonic,none,0.0030541403520872768,0.006635081625735952,-0.003580941273648675,-0.004627292957610295,-0.0010643911464451124,0.006199380061993801,229,353631,concept|f1|iso_vs_none,0.06819318068193181,False,28
bridge2algebra2006,concept,deep,dkt,1,best_vs_runnerup,platt,isotonic,0.001980628872831911,0.0030541403520872768,-0.001073511479255366,-0.0014670801293495302,7.128251803663533e-05,0.11378862113788621,229,353631,concept|f1|best_vs_runnerup,1.0,False,28
bridge2algebra2006,concept,deep,dkt,2,iso_vs_none,isotonic,none,0.0033896325313692278,0.004558214192591886,-0.001168581661222658,-0.0037626561399412626,0.0016570910072733393,0.45935406459354067,229,353631,concept|f2|iso_vs_none,1.0,False,28
bridge2algebra2006,concept,deep,dkt,2,best_vs_runnerup,isotonic,platt,0.0033896325313692278,0.003427622096419148,-3.798956504992004e-05,-0.000784289684519772,0.0007628507745264872,0.6199380061993801,229,353631,concept|f2|best_vs_runnerup,1.0,False,28
bridge2algebra2006,concept,deep,dkt,3,iso_vs_none,isotonic,none,0.004780393710307197,0.006199228763091935,-0.0014188350527847386,-0.00422906882357606,0.0007621790323131505,0.2853714628537146,229,353631,concept|f3|iso_vs_none,1.0,False,28
bridge2algebra2006,concept,deep,dkt,3,best_vs_runnerup,isotonic,platt,0.004780393710307197,0.004887789254337446,-0.00010739554403024938,-0.0013990485864278923,-2.7095708720657702e-05,0.0357964203579642,229,353631,concept|f3|best_vs_runnerup,0.7875212478752125,False,28
bridge2algebra2006,concept,deep,dkt,4,iso_vs_none,isotonic,none,0.00236119813503418,0.004964129909091338,-0.002602931774057158,-0.0040941944290982055,-0.00029790520764173546,0.0321967803219678,229,353631,concept|f4|iso_vs_none,0.2015798420157984,False,28
bridge2algebra2006,concept,deep,dkt,4,best_vs_runnerup,platt,isotonic,0.002348876277049416,0.00236119813503418,-1.2321857984763998e-05,-0.0005516703607395962,0.001062144652656333,0.8397160283971603,229,353631,concept|f4|best_vs_runnerup,1.0,False,28
bridge2algebra2006,concept,deep,sakt,0,iso_vs_none,isotonic,none,0.001953266337780984,0.014437186731399458,-0.012483920393618474,-0.014191076151790095,-0.007276493627915991,0.00019998000199980003,229,353631,concept|f0|iso_vs_none,0.005599440055994401,True,28
bridge2algebra2006,concept,deep,sakt,0,best_vs_runnerup,isotonic,platt,0.001953266337780984,0.0023817289142325977,-0.00042846257645161355,-0.0014174412005617109,0.0004223910491043634,0.3381661833816618,229,353631,concept|f0|best_vs_runnerup,1.0,False,28
bridge2algebra2006,concept,deep,sakt,1,iso_vs_none,isotonic,none,0.002335086040975407,0.012355029991690901,-0.010019943950715494,-0.010693618952423852,-0.005249404505091586,0.00019998000199980003,229,353631,concept|f1|iso_vs_none,0.005599440055994401,True,28
bridge2algebra2006,concept,deep,sakt,1,best_vs_runnerup,isotonic,platt,0.002335086040975407,0.0026029911387067508,-0.00026790509773134356,-0.0006607559860984389,0.00036238444294401506,0.5205479452054794,229,353631,concept|f1|best_vs_runnerup,1.0,False,28
bridge2algebra2006,concept,deep,sakt,2,iso_vs_none,isotonic,none,0.003399578863930093,0.01393281647838285,-0.010533237614452757,-0.013324381965478773,-0.006636704392907177,0.00019998000199980003,229,353631,concept|f2|iso_vs_none,0.005599440055994401,True,28
bridge2algebra2006,concept,deep,sakt,2,best_vs_runnerup,platt,isotonic,0.00281540830498693,0.003399578863930093,-0.0005841705589431632,-0.00156527762792927,0.0004993218680355126,0.3281671832816718,229,353631,concept|f2|best_vs_runnerup,1.0,False,28
bridge2algebra2006,concept,deep,sakt,3,iso_vs_none,isotonic,none,0.004335474250869015,0.01188629075368337,-0.0075508165028143545,-0.011856729376129404,-0.002808414310943292,0.0027997200279972004,229,353631,concept|f3|iso_vs_none,0.041995800419958006,True,28
bridge2algebra2006,concept,deep,sakt,3,best_vs_runnerup,platt,isotonic,0.004167771023618963,0.004335474250869015,-0.00016770322725005206,-0.0011719336052731196,0.0003825285986985492,0.6447355264473552,229,353631,concept|f3|best_vs_runnerup,1.0,False,28
bridge2algebra2006,concept,deep,sakt,4,iso_vs_none,isotonic,none,0.0031149473794545987,0.018230350742104457,-0.015115403362649858,-0.017189615086507244,-0.01044943002662676,0.00019998000199980003,229,353631,concept|f4|iso_vs_none,0.005599440055994401,True,28
bridge2algebra2006,concept,deep,sakt,4,best_vs_runnerup,isotonic,platt,0.0031149473794545987,0.0031170999206507877,-2.1525411961890485e-06,-0.0005793007256940989,0.0007981256858356823,0.9543045695430457,229,353631,concept|f4|best_vs_runnerup,1.0,False,28
bridge2algebra2006,concept,deep,akt,0,iso_vs_none,isotonic,none,0.00219062982454538,0.006051513949150985,-0.003860884124605605,-0.0050332356090592644,-0.0004599564677000831,0.031996800319968,229,353631,concept|f0|iso_vs_none,0.19198080191980801,False,28
bridge2algebra2006,concept,deep,akt,0,best_vs_runnerup,isotonic,platt,0.00219062982454538,0.0023099760999643255,-0.00011934627541894567,-0.002050156552339588,0.0015182532832097426,0.6515348465153484,229,353631,concept|f0|best_vs_runnerup,1.0,False,28
bridge2algebra2006,concept,deep,akt,1,iso_vs_none,isotonic,none,0.0022825143252820797,0.006429393982417059,-0.004146879657134979,-0.005316523559277803,-0.0003241935700537227,0.034996500349965,229,353631,concept|f1|iso_vs_none,0.34996500349965,False,28
bridge2algebra2006,concept,deep,akt,1,best_vs_runnerup,isotonic,platt,0.0022825143252820797,0.002526436837701845,-0.0002439225124197652,-0.0010401318880970554,0.0013745494105955136,0.8603139686031397,229,353631,concept|f1|best_vs_runnerup,1.0,False,28
bridge2algebra2006,concept,deep,akt,2,iso_vs_none,isotonic,none,0.0026921142614853484,0.007232700376614015,-0.004540586115128666,-0.006620969025393895,-0.0002506995150841965,0.0347965203479652,229,353631,concept|f2|iso_vs_none,0.31316868313168683,False,28
bridge2algebra2006,concept,deep,akt,2,best_vs_runnerup,isotonic,platt,0.0026921142614853484,0.0032670338834623115,-0.0005749196219769631,-0.00125362179516834,0.0008359945352951599,0.501949805019498,229,353631,concept|f2|best_vs_runnerup,1.0,False,28
bridge2algebra2006,concept,deep,akt,3,iso_vs_none,isotonic,none,0.003962007178189468,0.006270554731012391,-0.002308547552822922,-0.005037173317946095,0.00030218787543881637,0.09099090090990901,229,353631,concept|f3|iso_vs_none,0.7279272072792721,False,28
bridge2algebra2006,concept,deep,akt,3,best_vs_runnerup,isotonic,platt,0.003962007178189468,0.0043504503502253735,-0.0003884431720359051,-0.0008155956303849409,0.00011251133317306464,0.12618738126187382,229,353631,concept|f3|best_vs_runnerup,1.0,False,28
bridge2algebra2006,concept,deep,akt,4,iso_vs_none,isotonic,none,0.002321151876079313,0.008949604482249152,-0.006628452606169839,-0.008003902658442846,-0.0036616871397996487,0.00019998000199980003,229,353631,concept|f4|iso_vs_none,0.005599440055994401,True,28
bridge2algebra2006,concept,deep,akt,4,best_vs_runnerup,isotonic,platt,0.002321151876079313,0.0025599433524939406,-0.00023879147641462772,-0.0006891808427928451,0.0007719543090566828,0.6919308069193081,229,353631,concept|f4|best_vs_runnerup,1.0,False,28
bridge2algebra2006,concept,deep,simplekt,0,iso_vs_none,isotonic,none,0.00196616116063288,0.006857957417849884,-0.004891796257217003,-0.005069073094343516,-0.0015096066275984775,0.006199380061993801,229,353631,concept|f0|iso_vs_none,0.05579442055794421,False,28
bridge2algebra2006,concept,deep,simplekt,0,best_vs_runnerup,isotonic,platt,0.00196616116063288,0.0043318167894764595,-0.0023656556288435796,-0.0033386529324238015,-0.00019993145530321801,0.0165983401659834,229,353631,concept|f0|best_vs_runnerup,0.414958504149585,False,28
bridge2algebra2006,concept,deep,simplekt,1,iso_vs_none,isotonic,none,0.0028861538375881024,0.012604301835641672,-0.00971814799805357,-0.014701797525289979,-0.003285387324067677,0.000999900009999,229,353631,concept|f1|iso_vs_none,0.011998800119988001,True,28
bridge2algebra2006,concept,deep,simplekt,1,best_vs_runnerup,isotonic,platt,0.0028861538375881024,0.008468632280319941,-0.005582478442731839,-0.006621822454510553,-0.0024282981526049146,0.00019998000199980003,229,353631,concept|f1|best_vs_runnerup,0.005599440055994401,True,28
bridge2algebra2006,concept,deep,simplekt,2,iso_vs_none,isotonic,none,0.002538118405439769,0.018963254434421147,-0.01642513602898138,-0.017474411599390505,-0.013138249662764435,0.00019998000199980003,229,353631,concept|f2|iso_vs_none,0.005599440055994401,True,28
bridge2algebra2006,concept,deep,simplekt,2,best_vs_runnerup,isotonic,platt,0.002538118405439769,0.008402642458461462,-0.005864524053021692,-0.007010656431357794,-0.002519218369241844,0.00019998000199980003,229,353631,concept|f2|best_vs_runnerup,0.005599440055994401,True,28
bridge2algebra2006,concept,deep,simplekt,3,iso_vs_none,isotonic,none,0.004675632873492768,0.029777768356392155,-0.025102135482899388,-0.03284963662723158,-0.015095580934015635,0.00019998000199980003,229,353631,concept|f3|iso_vs_none,0.005599440055994401,True,28
bridge2algebra2006,concept,deep,simplekt,3,best_vs_runnerup,isotonic,platt,0.004675632873492768,0.00653234897607881,-0.0018567161025860425,-0.005434483823963956,-0.00021711017742758634,0.001999800019998,229,353631,concept|f3|best_vs_runnerup,0.04999500049995,True,28
bridge2algebra2006,concept,deep,simplekt,4,iso_vs_none,isotonic,none,0.003121219175271127,0.027680635515835095,-0.024559416340563966,-0.025385676113360008,-0.021158266735473788,0.00019998000199980003,229,353631,concept|f4|iso_vs_none,0.005599440055994401,True,28
bridge2algebra2006,concept,deep,simplekt,4,best_vs_runnerup,isotonic,platt,0.003121219175271127,0.0033846780432913734,-0.00026345886802024623,-0.0014170660596851542,0.00021230653093376757,0.21357864213578642,229,353631,concept|f4|best_vs_runnerup,1.0,False,28
bridge2algebra2006,question,deep,dkt,0,iso_vs_none,isotonic,none,0.0031414479997261347,0.0068486919998865066,-0.003707244000160372,-0.0059509553523618254,0.0008525307852975389,0.12258774122587741,229,352370,question|f0|iso_vs_none,0.8581141885811419,False,52
bridge2algebra2006,question,deep,dkt,0,best_vs_runnerup,platt,isotonic,0.0028935584566675654,0.0031414479997261347,-0.0002478895430585693,-0.0011903091606661638,0.0009523772968346709,0.9675032496750325,229,352370,question|f0|best_vs_runnerup,1.0,False,52
bridge2algebra2006,question,deep,dkt,1,iso_vs_none,isotonic,none,0.0030526075047625587,0.006721636064364122,-0.0036690285596015634,-0.004694496980750121,-0.001100838027448036,0.0059994000599940004,229,352370,question|f1|iso_vs_none,0.08399160083991601,False,52
bridge2algebra2006,question,deep,dkt,1,best_vs_runnerup,platt,isotonic,0.0019216631988144281,0.0030526075047625587,-0.0011309443059481306,-0.0014721400764755937,9.080008162354217e-05,0.11398860113988601,229,352370,question|f1|best_vs_runnerup,1.0,False,52
bridge2algebra2006,question,deep,dkt,2,iso_vs_none,isotonic,none,0.0034293442827725384,0.004583208842977748,-0.0011538645602052091,-0.0038294953672470566,0.001717742793595642,0.47535246475352466,229,352370,question|f2|iso_vs_none,1.0,False,52
bridge2algebra2006,question,deep,dkt,2,best_vs_runnerup,isotonic,platt,0.0034293442827725384,0.0034680807554587083,-3.873647268616987e-05,-0.0008334011223110127,0.000791591019094761,0.6655334466553344,229,352370,question|f2|best_vs_runnerup,1.0,False,52
bridge2algebra2006,question,deep,dkt,3,iso_vs_none,isotonic,none,0.004827343666280911,0.006233317819337629,-0.0014059741530567183,-0.0042140511482859,0.0008029436866672362,0.2927707229277072,229,352370,question|f3|iso_vs_none,1.0,False,52
bridge2algebra2006,question,deep,dkt,3,best_vs_runnerup,isotonic,platt,0.004827343666280911,0.004933642558843122,-0.0001062988925622111,-0.0013356228448788295,-2.190183231319017e-05,0.0357964203579642,229,352370,question|f3|best_vs_runnerup,1.0,False,52
bridge2algebra2006,question,deep,dkt,4,iso_vs_none,isotonic,none,0.002313137945425538,0.005061681471180798,-0.0027485435257552596,-0.004198154844337534,-0.00039014573396429407,0.027197280271972803,229,352370,question|f4|iso_vs_none,0.24477552244775522,False,52
bridge2algebra2006,question,deep,dkt,4,best_vs_runnerup,isotonic,platt,0.002313137945425538,0.002444147020073188,-0.00013100907464765011,-0.001188100273186294,0.0004966507438407449,0.6637336266373363,229,352370,question|f4|best_vs_runnerup,1.0,False,52
bridge2algebra2006,question,deep,sakt,0,iso_vs_none,isotonic,none,0.0019694806679368994,0.014443467661832842,-0.012473986993895942,-0.014221511567257452,-0.0071527488599480325,0.00019998000199980003,229,352370,question|f0|iso_vs_none,0.010398960103989602,True,52
bridge2algebra2006,question,deep,sakt,0,best_vs_runnerup,isotonic,platt,0.0019694806679368994,0.002502418878349715,-0.0005329382104128158,-0.0014046560283784903,0.0003121348368137724,0.2923707629237076,229,352370,question|f0|best_vs_runnerup,1.0,False,52
bridge2algebra2006,question,deep,sakt,1,iso_vs_none,isotonic,none,0.002237033489576136,0.012313359536850657,-0.010076326047274521,-0.010759628677421274,-0.00519484799843055,0.00019998000199980003,229,352370,question|f1|iso_vs_none,0.010398960103989602,True,52
bridge2algebra2006,question,deep,sakt,1,best_vs_runnerup,isotonic,platt,0.002237033489576136,0.002561767127059373,-0.000324733637483237,-0.000671965437803741,0.00035406539149281715,0.5115488451154885,229,352370,question|f1|best_vs_runnerup,1.0,False,52
bridge2algebra2006,question,deep,sakt,2,iso_vs_none,isotonic,none,0.003489645084562862,0.013858546130487507,-0.010368901045924646,-0.013300419040701929,-0.006464076776519491,0.00019998000199980003,229,352370,question|f2|iso_vs_none,0.010398960103989602,True,52
bridge2algebra2006,question,deep,sakt,2,best_vs_runnerup,platt,isotonic,0.0026702482178321495,0.003489645084562862,-0.0008193968667307124,-0.0015991096811125865,0.000384479529702199,0.23617638236176383,229,352370,question|f2|best_vs_runnerup,1.0,False,52
bridge2algebra2006,question,deep,sakt,3,iso_vs_none,isotonic,none,0.004360306239617235,0.011774542952010664,-0.007414236712393428,-0.011908223451861178,-0.002627715118281905,0.0035996400359964,229,352370,question|f3|iso_vs_none,0.08999100089991001,False,52
bridge2algebra2006,question,deep,sakt,3,best_vs_runnerup,platt,isotonic,0.004205637174324579,0.004360306239617235,-0.00015466906529265634,-0.0011789848788321291,0.00038508420806632285,0.6377362263773623,229,352370,question|f3|best_vs_runnerup,1.0,False,52
bridge2algebra2006,question,deep,sakt,4,iso_vs_none,isotonic,none,0.0030711449554691153,0.018236910066123643,-0.015165765110654528,-0.01723325905600728,-0.010426643324535748,0.00019998000199980003,229,352370,question|f4|iso_vs_none,0.010398960103989602,True,52
bridge2algebra2006,question,deep,sakt,4,best_vs_runnerup,platt,isotonic,0.0029859291762483454,0.0030711449554691153,-8.521577922076997e-05,-0.0009492997089766813,0.0006553017879913915,0.8325167483251675,229,352370,question|f4|best_vs_runnerup,1.0,False,52
bridge2algebra2006,question,deep,akt,0,iso_vs_none,isotonic,none,0.002171133832207535,0.0061803028067087306,-0.0040091689745011955,-0.005137346300281718,-0.0004942640844809342,0.031596840315968405,229,352370,question|f0|iso_vs_none,0.31596840315968405,False,52
bridge2algebra2006,question,deep,akt,0,best_vs_runnerup,isotonic,platt,0.002171133832207535,0.002258231148291609,-8.70973160840738e-05,-0.002018175769444853,0.001472189173029499,0.6555344465553444,229,352370,question|f0|best_vs_runnerup,1.0,False,52
bridge2algebra2006,question,deep,akt,1,iso_vs_none,isotonic,none,0.002281204412564942,0.006584363878877588,-0.004303159466312646,-0.005359516358765835,-0.00041271498283685965,0.0313968603139686,229,352370,question|f1|iso_vs_none,0.3453654634536546,False,52
bridge2algebra2006,question,deep,akt,1,best_vs_runnerup,isotonic,platt,0.002281204412564942,0.0024936957246202676,-0.00021249131205532557,-0.0010577226128133319,0.0014120309438199665,0.8929107089291071,229,352370,question|f1|best_vs_runnerup,1.0,False,52
bridge2algebra2006,question,deep,akt,2,iso_vs_none,isotonic,none,0.0026591293209423483,0.007337601384907931,-0.004678472063965582,-0.006694412186639921,-0.0002833935888877294,0.033396660333966606,229,352370,question|f2|iso_vs_none,0.5343465653434657,False,52
bridge2algebra2006,question,deep,akt,2,best_vs_runnerup,isotonic,platt,0.0026591293209423483,0.0032144942761010765,-0.0005553649551587282,-0.0012753956810568703,0.000845558697272432,0.5285471452854714,229,352370,question|f2|best_vs_runnerup,1.0,False,52
bridge2algebra2006,question,deep,akt,3,iso_vs_none,isotonic,none,0.004053345809605732,0.0063474577858501375,-0.0022941119762444053,-0.005102998133498561,0.00031557584797939315,0.09299070092990701,229,352370,question|f3|iso_vs_none,1.0,False,52
bridge2algebra2006,question,deep,akt,3,best_vs_runnerup,isotonic,platt,0.004053345809605732,0.004376923112840907,-0.00032357730323517506,-0.0007435441448450525,0.00016952430229919268,0.25237476252374763,229,352370,question|f3|best_vs_runnerup,1.0,False,52
bridge2algebra2006,question,deep,akt,4,iso_vs_none,isotonic,none,0.0023065783381634257,0.009065171836422197,-0.006758593498258771,-0.008219331805518438,-0.003748552382420394,0.00019998000199980003,229,352370,question|f4|iso_vs_none,0.010398960103989602,True,52
bridge2algebra2006,question,deep,akt,4,best_vs_runnerup,isotonic,platt,0.0023065783381634257,0.0026156313090078746,-0.00030905297084444887,-0.000845912188015748,0.0006999545598151009,0.5631436856314369,229,352370,question|f4|best_vs_runnerup,1.0,False,52
bridge2algebra2006,question,deep,simplekt,0,iso_vs_none,isotonic,none,0.0019530895241924359,0.006865889547918525,-0.004912800023726089,-0.005101872836470511,-0.001494796741789508,0.0057994200579942,229,352370,question|f0|iso_vs_none,0.0753924607539246,False,52
bridge2algebra2006,question,deep,simplekt,0,best_vs_runnerup,isotonic,platt,0.0019530895241924359,0.004251902655351881,-0.0022988131311594455,-0.003369620580393928,-0.00015493062771451476,0.0221977802219778,229,352370,question|f0|best_vs_runnerup,0.7547245275472453,False,52
bridge2algebra2006,question,deep,simplekt,1,iso_vs_none,isotonic,none,0.0029135003185185274,0.012628964440786815,-0.009715464122268288,-0.014728418475654599,-0.0034205510043758018,0.0007999200079992001,229,352370,question|f1|iso_vs_none,0.014398560143985602,True,52
bridge2algebra2006,question,deep,simplekt,1,best_vs_runnerup,isotonic,platt,0.0029135003185185274,0.00843763561713265,-0.0055241352986141225,-0.006626780371657966,-0.0023659657543398183,0.00019998000199980003,229,352370,question|f1|best_vs_runnerup,0.010398960103989602,True,52
bridge2algebra2006,question,deep,simplekt,2,iso_vs_none,isotonic,none,0.0025949944205906892,0.019059451996480768,-0.016464457575890077,-0.017515104370394514,-0.013208696629467657,0.00019998000199980003,229,352370,question|f2|iso_vs_none,0.010398960103989602,True,52
bridge2algebra2006,question,deep,simplekt,2,best_vs_runnerup,isotonic,platt,0.0025949944205906892,0.0083861186308019,-0.005791124210211211,-0.0069410152170148,-0.002488959399392295,0.00019998000199980003,229,352370,question|f2|best_vs_runnerup,0.010398960103989602,True,52
bridge2algebra2006,question,deep,simplekt,3,iso_vs_none,isotonic,none,0.004788397183326106,0.029788476317507195,-0.02500007913418109,-0.03286104853988728,-0.015008179153423047,0.00019998000199980003,229,352370,question|f3|iso_vs_none,0.010398960103989602,True,52
bridge2algebra2006,question,deep,simplekt,3,best_vs_runnerup,isotonic,platt,0.004788397183326106,0.00650051553368279,-0.001712118350356684,-0.005363226555448451,-0.00017471419006114602,0.004399560043995601,229,352370,question|f3|best_vs_runnerup,0.18918108189181085,False,52
bridge2algebra2006,question,deep,simplekt,4,iso_vs_none,isotonic,none,0.0031425868718448578,0.027689047308227095,-0.024546460436382235,-0.02538957413805477,-0.021156400183917512,0.00019998000199980003,229,352370,question|f4|iso_vs_none,0.010398960103989602,True,52
bridge2algebra2006,question,deep,simplekt,4,best_vs_runnerup,isotonic,platt,0.0031425868718448578,0.003354505157197659,-0.00021191828535280146,-0.001391515048174621,0.0002453026969195624,0.28017198280171984,229,352370,question|f4|best_vs_runnerup,1.0,False,52
bridge2algebra2006,question,classical,bkt,0,iso_vs_none,isotonic,none,0.0035022324855299575,0.0059929483443283945,-0.002490715858798437,-0.00512160588506219,-0.0018356929534067417,0.00019998000199980003,229,354262,question|f0|iso_vs_none,0.010398960103989602,True,52
bridge2algebra2006,question,classical,bkt,0,best_vs_runnerup,isotonic,platt,0.0035022324855299575,0.005252503285483486,-0.0017502707999535287,-0.003556244762545745,-0.000240622899511476,0.0093990600939906,229,354262,question|f0|best_vs_runnerup,0.3665633436656334,False,52
bridge2algebra2006,question,classical,bkt,1,iso_vs_none,isotonic,none,0.003150286514654936,0.006364771253486061,-0.0032144847388311253,-0.004145248694548033,-0.0015837589524682436,0.00019998000199980003,229,354262,question|f1|iso_vs_none,0.010398960103989602,True,52
bridge2algebra2006,question,classical,bkt,1,best_vs_runnerup,isotonic,platt,0.003150286514654936,0.005580154953165261,-0.002429868438510325,-0.004137920809525065,-0.00014732830606066627,0.0273972602739726,229,354262,question|f1|best_vs_runnerup,0.821917808219178,False,52
bridge2algebra2006,question,classical,bkt,2,iso_vs_none,isotonic,none,0.006451110806815837,0.0056140158430794665,0.0008370949637363703,-0.00721544898938078,0.0024239697934759145,0.9413058694130587,229,354262,question|f2|iso_vs_none,1.0,False,52
bridge2algebra2006,question,classical,bkt,2,best_vs_runnerup,none,isotonic,0.0056140158430794665,0.006451110806815837,-0.0008370949637363703,-0.0024239697934759145,0.007215448989380779,0.9413058694130587,229,354262,question|f2|best_vs_runnerup,1.0,False,52
bridge2algebra2006,question,classical,bkt,3,iso_vs_none,isotonic,none,0.007452873763923818,0.005700392504317693,0.001752481259606125,-0.006464022273983897,0.003628401495698353,0.7201279872012799,229,354262,question|f3|iso_vs_none,1.0,False,52
bridge2algebra2006,question,classical,bkt,3,best_vs_runnerup,none,isotonic,0.005700392504317693,0.007452873763923818,-0.001752481259606125,-0.003628401495698353,0.006464022273983887,0.7201279872012799,229,354262,question|f3|best_vs_runnerup,1.0,False,52
bridge2algebra2006,question,classical,bkt,4,iso_vs_none,isotonic,none,0.004216964296267779,0.00633655787871662,-0.0021195935824488412,-0.006285482961530149,-0.0007495949492127825,0.007999200079992,229,354262,question|f4|iso_vs_none,0.08799120087991201,False,52
bridge2algebra2006,question,classical,bkt,4,best_vs_runnerup,isotonic,platt,0.004216964296267779,0.006028081577340315,-0.001811117281072536,-0.004186649003743136,-7.112233062911662e-05,0.0375962403759624,229,354262,question|f4|best_vs_runnerup,1.0,False,52
bridge2algebra2006,question,classical,pfa,0,iso_vs_none,isotonic,none,0.0035193626003070257,0.010534718279675672,-0.007015355679368646,-0.009288341790794925,-0.0037793853294838743,0.0005999400059994001,229,354262,question|f0|iso_vs_none,0.010798920107989201,True,52
bridge2algebra2006,question,classical,pfa,0,best_vs_runnerup,isotonic,temperature,0.0035193626003070257,0.009885102556447974,-0.006365739956140948,-0.0087302089604958,-0.0032731507987947806,0.00039996000399960006,229,354262,question|f0|best_vs_runnerup,0.017598240175982403,True,52
bridge2algebra2006,question,classical,pfa,1,iso_vs_none,isotonic,none,0.004233007500389262,0.01322025142579408,-0.008987243925404818,-0.011820689988365192,-0.005375249349559947,0.00019998000199980003,229,354262,question|f1|iso_vs_none,0.010398960103989602,True,52
bridge2algebra2006,question,classical,pfa,1,best_vs_runnerup,isotonic,platt,0.004233007500389262,0.010793914949826715,-0.006560907449437454,-0.00954974086195108,-0.003856995740639853,0.00019998000199980003,229,354262,question|f1|best_vs_runnerup,0.010398960103989602,True,52
bridge2algebra2006,question,classical,pfa,2,iso_vs_none,isotonic,none,0.0030989595516914374,0.009077172165842957,-0.00597821261415152,-0.008852591606802648,-0.0035578547153867616,0.00039996000399960006,229,354262,question|f2|iso_vs_none,0.010398960103989602,True,52
bridge2algebra2006,question,classical,pfa,2,best_vs_runnerup,isotonic,none,0.0030989595516914374,0.009077172165842957,-0.00597821261415152,-0.008852591606802648,-0.0035578547153867616,0.00039996000399960006,229,354262,question|f2|best_vs_runnerup,0.017598240175982403,True,52
bridge2algebra2006,question,classical,pfa,3,iso_vs_none,isotonic,none,0.006615833128507638,0.008024741247739867,-0.0014089081192322286,-0.005802102326617588,0.0006737912829528613,0.18718128187181282,229,354262,question|f3|iso_vs_none,1.0,False,52
bridge2algebra2006,question,classical,pfa,3,best_vs_runnerup,isotonic,none,0.006615833128507638,0.008024741247739867,-0.0014089081192322286,-0.005802102326617588,0.0006737912829528613,0.18718128187181282,229,354262,question|f3|best_vs_runnerup,1.0,False,52
bridge2algebra2006,question,classical,pfa,4,iso_vs_none,isotonic,none,0.0041695368411438696,0.010592005238658025,-0.006422468397514156,-0.007645453550951295,-0.004282966242351827,0.00019998000199980003,229,354262,question|f4|iso_vs_none,0.010398960103989602,True,52
bridge2algebra2006,question,classical,pfa,4,best_vs_runnerup,isotonic,temperature,0.0041695368411438696,0.009881986459546776,-0.005712449618402907,-0.007340654674231236,-0.00387027638928417,0.00019998000199980003,229,354262,question|f4|best_vs_runnerup,0.010398960103989602,True,52
bridge2algebra2006,question,classical,pfa_recency,0,iso_vs_none,isotonic,none,0.0035570026824537837,0.008324246681558546,-0.0047672439991047625,-0.00689647423152842,-0.0019728141284532912,0.0033996600339966003,229,354262,question|f0|iso_vs_none,0.050994900509949,False,52
bridge2algebra2006,question,classical,pfa_recency,0,best_vs_runnerup,isotonic,temperature,0.0035570026824537837,0.007698021388875554,-0.004141018706421771,-0.006371840584589376,-0.0017370104635847524,0.0033996600339966003,229,354262,question|f0|best_vs_runnerup,0.135986401359864,False,52
bridge2algebra2006,question,classical,pfa_recency,1,iso_vs_none,isotonic,none,0.0037996493327598123,0.00843175064897604,-0.004632101316216227,-0.007362470935858441,-0.0016959288577255412,0.0015998400159984002,229,354262,question|f1|iso_vs_none,0.025597440255974404,True,52
bridge2algebra2006,question,classical,pfa_recency,1,best_vs_runnerup,isotonic,platt,0.0037996493327598123,0.008101011765422396,-0.004301362432662583,-0.0070341532894876895,-0.0013320438245214149,0.0025997400259974,229,354262,question|f1|best_vs_runnerup,0.0987901209879012,False,52
bridge2algebra2006,question,classical,pfa_recency,2,iso_vs_none,isotonic,none,0.002894335264672131,0.008479525815189879,-0.005585190550517748,-0.008013573944718928,-0.00251876988944697,0.00019998000199980003,229,354262,question|f2|iso_vs_none,0.010398960103989602,True,52
bridge2algebra2006,question,classical,pfa_recency,2,best_vs_runnerup,isotonic,none,0.002894335264672131,0.008479525815189879,-0.005585190550517748,-0.008013573944718928,-0.00251876988944697,0.00019998000199980003,229,354262,question|f2|best_vs_runnerup,0.010398960103989602,True,52
bridge2algebra2006,question,classical,pfa_recency,3,iso_vs_none,isotonic,none,0.005375102662646493,0.007700421909482846,-0.0023253192468363527,-0.00513041362634219,3.1718940700854835e-05,0.054394560543945605,229,354262,question|f3|iso_vs_none,1.0,False,52
bridge2algebra2006,question,classical,pfa_recency,3,best_vs_runnerup,isotonic,none,0.005375102662646493,0.007700421909482846,-0.0023253192468363527,-0.00513041362634219,3.1718940700854835e-05,0.054394560543945605,229,354262,question|f3|best_vs_runnerup,1.0,False,52
bridge2algebra2006,question,classical,pfa_recency,4,iso_vs_none,isotonic,none,0.003731526485116972,0.007373160952773198,-0.003641634467656226,-0.005397482344859135,-0.0014953460589381313,0.0035996400359964,229,354262,question|f4|iso_vs_none,0.0503949605039496,False,52
bridge2algebra2006,question,classical,pfa_recency,4,best_vs_runnerup,isotonic,none,0.003731526485116972,0.007373160952773198,-0.003641634467656226,-0.005397482344859135,-0.0014953460589381313,0.0035996400359964,229,354262,question|f4|best_vs_runnerup,0.1331866813318668,False,52
bridge2algebra2006,question,classical,elorasch,0,iso_vs_none,isotonic,none,0.001884665163098247,0.0735873905778288,-0.07170272541473055,-0.07299379079727117,-0.06472504351794768,0.00019998000199980003,229,354262,question|f0|iso_vs_none,0.010398960103989602,True,52
bridge2algebra2006,question,classical,elorasch,0,best_vs_runnerup,isotonic,platt,0.001884665163098247,0.0040518228143764205,-0.0021671576512781736,-0.003915641867256756,0.001146212916586639,0.26877312268773124,229,354262,question|f0|best_vs_runnerup,1.0,False,52
bridge2algebra2006,question,classical,elorasch,1,iso_vs_none,isotonic,none,0.005148670343631919,0.07331643965156452,-0.0681677693079326,-0.07028446191397923,-0.06438928102975848,0.00019998000199980003,229,354262,question|f1|iso_vs_none,0.010398960103989602,True,52
bridge2algebra2006,question,classical,elorasch,1,best_vs_runnerup,isotonic,platt,0.005148670343631919,0.005186919393615741,-3.824904998382152e-05,-0.0034687761226060944,0.0030972509092211907,0.9825017498250175,229,354262,question|f1|best_vs_runnerup,1.0,False,52
bridge2algebra2006,question,classical,elorasch,2,iso_vs_none,isotonic,none,0.007990415296061131,0.07305776107913842,-0.06506734578307728,-0.06675986549644423,-0.06204195221616976,0.00019998000199980003,229,354262,question|f2|iso_vs_none,0.010398960103989602,True,52
bridge2algebra2006,question,classical,elorasch,2,best_vs_runnerup,platt,isotonic,0.007587652764269255,0.007990415296061131,-0.00040276253179187625,-0.002826834309248279,0.0018383645026949634,0.7769223077692231,229,354262,question|f2|best_vs_runnerup,1.0,False,52
bridge2algebra2006,question,classical,elorasch,3,iso_vs_none,isotonic,none,0.004762161901945351,0.0738584059748705,-0.06909624407292515,-0.07205278925318805,-0.0642568030459318,0.00019998000199980003,229,354262,question|f3|iso_vs_none,0.010398960103989602,True,52
bridge2algebra2006,question,classical,elorasch,3,best_vs_runnerup,isotonic,platt,0.004762161901945351,0.00526904516377588,-0.0005068832618305291,-0.003559673810315915,0.0027244731313101032,0.7435256474352565,229,354262,question|f3|best_vs_runnerup,1.0,False,52
bridge2algebra2006,question,classical,elorasch,4,iso_vs_none,isotonic,none,0.004989461256496413,0.07419303676281004,-0.06920357550631363,-0.07093535142180891,-0.06575293119079399,0.00019998000199980003,229,354262,question|f4|iso_vs_none,0.010398960103989602,True,52
bridge2algebra2006,question,classical,elorasch,4,best_vs_runnerup,isotonic,platt,0.004989461256496413,0.007125777589256281,-0.0021363163327598675,-0.004501619458150347,0.0009487511037103163,0.23577642235776422,229,354262,question|f4|best_vs_runnerup,1.0,False,52
ednet,concept,deep,dkt,0,iso_vs_none,isotonic,none,0.0018369696838786995,0.009849706467740596,-0.008012736783861897,-0.008153389098732434,-0.004686026399050979,0.00019998000199980003,937,301372,concept|f0|iso_vs_none,0.005599440055994401,True,28
ednet,concept,deep,dkt,0,best_vs_runnerup,isotonic,none,0.0018369696838786995,0.009849706467740596,-0.008012736783861897,-0.008153389098732434,-0.004686026399050979,0.00019998000199980003,937,301372,concept|f0|best_vs_runnerup,0.005599440055994401,True,28
ednet,concept,deep,dkt,1,iso_vs_none,isotonic,none,0.011274832545742285,0.00951852281463831,0.0017563097311039753,-0.007942774470558267,0.00876694443243165,0.7407259274072593,937,301372,concept|f1|iso_vs_none,1.0,False,28
ednet,concept,deep,dkt,1,best_vs_runnerup,none,temperature,0.00951852281463831,0.009768715482488574,-0.00025019266785026445,-0.00032386316982489376,0.00010990025511312763,0.20877912208779123,937,301372,concept|f1|best_vs_runnerup,1.0,False,28
ednet,concept,deep,dkt,2,iso_vs_none,isotonic,none,0.003914295618943914,0.010165024317318487,-0.006250728698374573,-0.008288992358468996,-0.0023265719540007603,0.0027997200279972004,937,301372,concept|f2|iso_vs_none,0.036396360363963605,True,28
ednet,concept,deep,dkt,2,best_vs_runnerup,isotonic,none,0.003914295618943914,0.010165024317318487,-0.006250728698374573,-0.008288992358468996,-0.0023265719540007603,0.0027997200279972004,937,301372,concept|f2|best_vs_runnerup,0.06999300069993,False,28
ednet,concept,deep,dkt,3,iso_vs_none,isotonic,none,0.00875782966951253,0.009153744619078944,-0.00039591494956641403,-0.008008805281783039,0.006141771679714917,0.8759124087591241,937,301372,concept|f3|iso_vs_none,1.0,False,28
ednet,concept,deep,dkt,3,best_vs_runnerup,isotonic,none,0.00875782966951253,0.009153744619078944,-0.00039591494956641403,-0.008008805281783039,0.006141771679714917,0.8759124087591241,937,301372,concept|f3|best_vs_runnerup,1.0,False,28
ednet,concept,deep,dkt,4,iso_vs_none,isotonic,none,0.002883746800238771,0.00899190504171857,-0.006108158241479799,-0.0065835867750906355,-0.003243176333373979,0.00019998000199980003,937,301372,concept|f4|iso_vs_none,0.005599440055994401,True,28
ednet,concept,deep,dkt,4,best_vs_runnerup,isotonic,none,0.002883746800238771,0.00899190504171857,-0.006108158241479799,-0.0065835867750906355,-0.003243176333373979,0.00019998000199980003,937,301372,concept|f4|best_vs_runnerup,0.005599440055994401,True,28
ednet,concept,deep,sakt,0,iso_vs_none,isotonic,none,0.002295097173616935,0.022107731149056148,-0.01981263397543921,-0.021866489641607225,-0.009911636977476395,0.00019998000199980003,937,301372,concept|f0|iso_vs_none,0.005599440055994401,True,28
ednet,concept,deep,sakt,0,best_vs_runnerup,isotonic,platt,0.002295097173616935,0.0061879868087852926,-0.0038928896351683577,-0.004079068963516991,-0.0013043930327865697,0.0053994600539946005,937,301372,concept|f0|best_vs_runnerup,0.14038596140385962,False,28
ednet,concept,deep,sakt,1,iso_vs_none,isotonic,none,0.010802616328616685,0.030000731789846677,-0.019198115461229993,-0.028073174073757572,-0.011618926311683098,0.00019998000199980003,937,301372,concept|f1|iso_vs_none,0.005599440055994401,True,28
ednet,concept,deep,sakt,1,best_vs_runnerup,isotonic,platt,0.010802616328616685,0.014125673579849387,-0.003323057251232702,-0.007390061838222881,-0.001506457726307807,0.0005999400059994001,937,301372,concept|f1|best_vs_runnerup,0.016198380161983803,True,28
ednet,concept,deep,sakt,2,iso_vs_none,isotonic,none,0.002514430315596704,0.017771093862790237,-0.015256663547193534,-0.015664527175284635,-0.009439273880885255,0.00019998000199980003,937,301372,concept|f2|iso_vs_none,0.005599440055994401,True,28
ednet,concept,deep,sakt,2,best_vs_runnerup,isotonic,platt,0.002514430315596704,0.007097864731312738,-0.0045834344157160345,-0.005507304798011086,-0.0008568771293021825,0.0011998800119988001,937,301372,concept|f2|best_vs_runnerup,0.031196880311968805,True,28
ednet,concept,deep,sakt,3,iso_vs_none,isotonic,none,0.007522029544838902,0.01620315238169681,-0.008681122836857909,-0.015105981869926743,-0.0018624681294183033,0.008399160083991601,937,301372,concept|f3|iso_vs_none,0.0923907609239076,False,28
ednet,concept,deep,sakt,3,best_vs_runnerup,isotonic,temperature,0.007522029544838902,0.010622791875884404,-0.0031007623310455026,-0.005073967450120472,-0.001475871913422615,0.000999900009999,937,301372,concept|f3|best_vs_runnerup,0.026997300269973,True,28
ednet,concept,deep,sakt,4,iso_vs_none,isotonic,none,0.0010084767979243175,0.013136369845166395,-0.012127893047242077,-0.012470686835643046,-0.005092242728078189,0.00019998000199980003,937,301372,concept|f4|iso_vs_none,0.005599440055994401,True,28
ednet,concept,deep,sakt,4,best_vs_runnerup,isotonic,platt,0.0010084767979243175,0.004763764455652966,-0.003755287657728649,-0.004436975686968374,0.00043793981513645273,0.136986301369863,937,301372,concept|f4|best_vs_runnerup,1.0,False,28
ednet,concept,deep,akt,0,iso_vs_none,isotonic,none,0.0025421243494953213,0.0038764627404491298,-0.0013343383909538084,-0.002090985739060463,0.0003160773305994522,0.1277872212778722,937,301372,concept|f0|iso_vs_none,0.613938606139386,False,28
ednet,concept,deep,akt,0,best_vs_runnerup,isotonic,temperature,0.0025421243494953213,0.0037384298183259857,-0.0011963054688306643,-0.0020361364343568027,0.00034788411188356184,0.1331866813318668,937,301372,concept|f0|best_vs_runnerup,1.0,False,28
ednet,concept,deep,akt,1,iso_vs_none,isotonic,none,0.009257901972535433,0.0027033965110097495,0.0065545054615256835,-0.002036656715992473,0.008149070260223885,0.134986501349865,937,301372,concept|f1|iso_vs_none,1.0,False,28
ednet,concept,deep,akt,1,best_vs_runnerup,none,temperature,0.0027033965110097495,0.005782718542819348,-0.003079322031809598,-0.004686980607479498,0.0032131836825617915,0.4771522847715228,937,301372,concept|f1|best_vs_runnerup,1.0,False,28
ednet,concept,deep,akt,2,iso_vs_none,isotonic,none,0.005096803283437383,0.0023721344792033364,0.002724668804234047,-0.0020041096626635924,0.004061968442874949,0.26777322267773224,937,301372,concept|f2|iso_vs_none,1.0,False,28
ednet,concept,deep,akt,2,best_vs_runnerup,none,temperature,0.0023721344792033364,0.0032988272904099403,-0.0009266928112066039,-0.001112017493516504,0.0011239815274837822,0.6563343665633437,937,301372,concept|f2|best_vs_runnerup,1.0,False,28
ednet,concept,deep,akt,3,iso_vs_none,isotonic,none,0.007208067424070238,0.0030752033198877798,0.004132864104182459,-0.0010774398842847038,0.005623000838993336,0.20317968203179682,937,301372,concept|f3|iso_vs_none,1.0,False,28
ednet,concept,deep,akt,3,best_vs_runnerup,none,temperature,0.0030752033198877798,0.004571680609082496,-0.0014964772891947163,-0.0030584917571106797,0.0022056959393542993,0.6605339466053395,937,301372,concept|f3|best_vs_runnerup,1.0,False,28
ednet,concept,deep,akt,4,iso_vs_none,isotonic,none,0.002113143756953946,0.0047757860648557715,-0.0026626423079018254,-0.004342211297356271,0.002760363395239532,0.43455654434556545,937,301372,concept|f4|iso_vs_none,0.7927207279272073,False,28
ednet,concept,deep,akt,4,best_vs_runnerup,isotonic,platt,0.002113143756953946,0.002784908197660289,-0.000671764440706343,-0.000916544122854423,0.00034318205933728176,0.6377362263773623,937,301372,concept|f4|best_vs_runnerup,1.0,False,28
ednet,concept,deep,simplekt,0,iso_vs_none,isotonic,none,0.002300789528374,0.02157612218570566,-0.01927533265733166,-0.019855195386351967,-0.013123961938191962,0.00019998000199980003,937,301372,concept|f0|iso_vs_none,0.005599440055994401,True,28
ednet,concept,deep,simplekt,0,best_vs_runnerup,isotonic,platt,0.002300789528374,0.009526894587766307,-0.007226105059392307,-0.008197312657391239,-0.0002906886413386623,0.040195980401959805,937,301372,concept|f0|best_vs_runnerup,0.9245075492450755,False,28
ednet,concept,deep,simplekt,1,iso_vs_none,isotonic,none,0.00961870473873502,0.013841951968152195,-0.004223247229417176,-0.013182650181693536,0.002283003237957574,0.21377862213778623,937,301372,concept|f1|iso_vs_none,1.0,False,28
ednet,concept,deep,simplekt,1,best_vs_runnerup,isotonic,temperature,0.00961870473873502,0.011507315070298736,-0.0018886103315637164,-0.004149172646793764,-0.00010999329879024122,0.033396660333966606,937,301372,concept|f1|best_vs_runnerup,0.8015198480151986,False,28
ednet,concept,deep,simplekt,2,iso_vs_none,isotonic,none,0.003844086454645843,0.020684868006620435,-0.016840781551974594,-0.019296117362451615,-0.011976579300835883,0.00019998000199980003,937,301372,concept|f2|iso_vs_none,0.005599440055994401,True,28
ednet,concept,deep,simplekt,2,best_vs_runnerup,isotonic,platt,0.003844086454645843,0.01071652288127002,-0.006872436426624176,-0.009596622053400594,-3.915185266897235e-05,0.046795320467953205,937,301372,concept|f2|best_vs_runnerup,1.0,False,28
ednet,concept,deep,simplekt,3,iso_vs_none,isotonic,none,0.008249321060364008,0.019687309464630702,-0.011437988404266694,-0.020710350757552707,-0.002799841499829301,0.006999300069993001,937,301372,concept|f3|iso_vs_none,0.08399160083991601,False,28
ednet,concept,deep,simplekt,3,best_vs_runnerup,isotonic,temperature,0.008249321060364008,0.016428355692682344,-0.008179034632318337,-0.010303205052476125,-0.00585141916460724,0.00019998000199980003,937,301372,concept|f3|best_vs_runnerup,0.005599440055994401,True,28
ednet,concept,deep,simplekt,4,iso_vs_none,isotonic,none,0.0026910486803624995,0.021461773818945675,-0.018770725138583175,-0.0219399562135217,-0.008631768583348461,0.00019998000199980003,937,301372,concept|f4|iso_vs_none,0.005599440055994401,True,28
ednet,concept,deep,simplekt,4,best_vs_runnerup,isotonic,platt,0.0026910486803624995,0.0035956554547645118,-0.0009046067744020122,-0.0024265938716986043,0.00032442267903680383,0.6135386461353864,937,301372,concept|f4|best_vs_runnerup,1.0,False,28
ednet,question,deep,dkt,0,iso_vs_none,isotonic,none,0.008534013936866527,0.08866279300198934,-0.08012877906512282,-0.08713711343022527,-0.06145094036104543,0.00019998000199980003,937,132209,question|f0|iso_vs_none,0.010398960103989602,True,52
ednet,question,deep,dkt,0,best_vs_runnerup,platt,isotonic,0.007943554471394441,0.008534013936866527,-0.000590459465472086,-0.0017436471510335174,0.0033133431864273226,0.5267473252674733,937,132209,question|f0|best_vs_runnerup,1.0,False,52
ednet,question,deep,dkt,1,iso_vs_none,isotonic,none,0.028358665459831102,0.09157548351473789,-0.06321681805490678,-0.08685359118639034,-0.038404770743079256,0.00019998000199980003,937,132209,question|f1|iso_vs_none,0.010398960103989602,True,52
ednet,question,deep,dkt,1,best_vs_runnerup,isotonic,platt,0.028358665459831102,0.02918090036643234,-0.0008222349066012366,-0.005498514690133835,6.924992714071761e-05,0.06819318068193181,937,132209,question|f1|best_vs_runnerup,1.0,False,52
ednet,question,deep,dkt,2,iso_vs_none,isotonic,none,0.008694424054303103,0.08744860637324227,-0.07875418231893916,-0.082911259306141,-0.06140675041113579,0.00019998000199980003,937,132209,question|f2|iso_vs_none,0.010398960103989602,True,52
ednet,question,deep,dkt,2,best_vs_runnerup,isotonic,platt,0.008694424054303103,0.013513773791285018,-0.004819349736981915,-0.007079764177260036,0.00047501357826394355,0.0993900609939006,937,132209,question|f2|best_vs_runnerup,1.0,False,52
ednet,question,deep,dkt,3,iso_vs_none,isotonic,none,0.02058396272164193,0.08883325946039969,-0.06824929673875776,-0.0847770751824554,-0.044661045312825824,0.00019998000199980003,937,132209,question|f3|iso_vs_none,0.010398960103989602,True,52
ednet,question,deep,dkt,3,best_vs_runnerup,isotonic,platt,0.02058396272164193,0.021729149874584675,-0.0011451871529427442,-0.0019183749295563193,0.0036675036886661748,0.4283571642835716,937,132209,question|f3|best_vs_runnerup,1.0,False,52
ednet,question,deep,dkt,4,iso_vs_none,isotonic,none,0.005968567019630726,0.09047652731659724,-0.08450796029696651,-0.08960034336043753,-0.06074118834237608,0.00019998000199980003,937,132209,question|f4|iso_vs_none,0.010398960103989602,True,52
ednet,question,deep,dkt,4,best_vs_runnerup,isotonic,platt,0.005968567019630726,0.013847629479192616,-0.007879062459561891,-0.01130808207801667,0.0008792158311172244,0.20077992200779923,937,132209,question|f4|best_vs_runnerup,1.0,False,52
ednet,question,deep,sakt,0,iso_vs_none,isotonic,none,0.007619164136671492,0.11849892972490551,-0.11087976558823402,-0.11842776637966128,-0.08716054816814735,0.00019998000199980003,937,132209,question|f0|iso_vs_none,0.010398960103989602,True,52
ednet,question,deep,sakt,0,best_vs_runnerup,isotonic,platt,0.007619164136671492,0.009805684134317424,-0.0021865199976459316,-0.004021389993173267,0.0041465178690107945,0.5267473252674733,937,132209,question|f0|best_vs_runnerup,1.0,False,52
ednet,question,deep,sakt,1,iso_vs_none,isotonic,none,0.02729690488085261,0.13966386025157113,-0.11236695537071852,-0.13610322918281692,-0.08873268768093848,0.00019998000199980003,937,132209,question|f1|iso_vs_none,0.010398960103989602,True,52
ednet,question,deep,sakt,1,best_vs_runnerup,isotonic,platt,0.02729690488085261,0.028634812223590024,-0.0013379073427374141,-0.00204238292420643,-0.0006812470798437978,0.010198980101989802,937,132209,question|f1|best_vs_runnerup,0.3365663433656635,False,52
ednet,question,deep,sakt,2,iso_vs_none,isotonic,none,0.006225584189027512,0.11680650863405677,-0.11058092444502926,-0.11558770342210561,-0.09125657229838725,0.00019998000199980003,937,132209,question|f2|iso_vs_none,0.010398960103989602,True,52
ednet,question,deep,sakt,2,best_vs_runnerup,platt,isotonic,0.002736845153832918,0.006225584189027512,-0.0034887390351945936,-0.004352005624583403,0.0019111845137180406,0.7523247675232477,937,132209,question|f2|best_vs_runnerup,1.0,False,52
ednet,question,deep,sakt,3,iso_vs_none,isotonic,none,0.020085590440894245,0.11243669644275353,-0.09235110600185928,-0.11053905554898102,-0.07057486049211825,0.00019998000199980003,937,132209,question|f3|iso_vs_none,0.010398960103989602,True,52
ednet,question,deep,sakt,3,best_vs_runnerup,isotonic,platt,0.020085590440894245,0.022025120778789813,-0.0019395303378955675,-0.0077847255129302965,-0.0013084764651561027,0.015998400159984,937,132209,question|f3|best_vs_runnerup,0.6159384061593841,False,52
ednet,question,deep,sakt,4,iso_vs_none,isotonic,none,0.004803508406855366,0.11460382424797098,-0.10980031584111562,-0.11810840340534223,-0.08766348110328816,0.00019998000199980003,937,132209,question|f4|iso_vs_none,0.010398960103989602,True,52
ednet,question,deep,sakt,4,best_vs_runnerup,isotonic,platt,0.004803508406855366,0.006221766640971396,-0.0014182582341160299,-0.006231958046243549,0.001447596784188566,0.24277572242775722,937,132209,question|f4|best_vs_runnerup,1.0,False,52
ednet,question,deep,akt,0,iso_vs_none,isotonic,none,0.007367950524143872,0.09424892027017794,-0.08688096974603407,-0.09471210029512064,-0.0665728915617846,0.00019998000199980003,937,132209,question|f0|iso_vs_none,0.010398960103989602,True,52
ednet,question,deep,akt,0,best_vs_runnerup,platt,isotonic,0.006936032201123269,0.007367950524143872,-0.0004319183230206032,-0.003153246779491141,0.006648055931761637,0.700929907009299,937,132209,question|f0|best_vs_runnerup,1.0,False,52
ednet,question,deep,akt,1,iso_vs_none,isotonic,none,0.025427929863352954,0.09110415100333563,-0.06567622113998267,-0.08692858331505825,-0.047092829649325145,0.00019998000199980003,937,132209,question|f1|iso_vs_none,0.010398960103989602,True,52
ednet,question,deep,akt,1,best_vs_runnerup,isotonic,platt,0.025427929863352954,0.026993753621418752,-0.0015658237580657985,-0.011467397726255137,-0.0010283077303641734,0.000999900009999,937,132209,question|f1|best_vs_runnerup,0.038996100389961,True,52
ednet,question,deep,akt,2,iso_vs_none,isotonic,none,0.009196888528624964,0.0921099259505783,-0.08291303742195334,-0.08950481622823477,-0.07063571179692811,0.00019998000199980003,937,132209,question|f2|iso_vs_none,0.010398960103989602,True,52
ednet,question,deep,akt,2,best_vs_runnerup,platt,isotonic,0.0068630664228155145,0.009196888528624964,-0.002333822105809449,-0.005456776061159573,0.004082235048907759,0.9771022897710229,937,132209,question|f2|best_vs_runnerup,1.0,False,52
ednet,question,deep,akt,3,iso_vs_none,isotonic,none,0.01950422581327468,0.09325185577381238,-0.0737476299605377,-0.09059458796393466,-0.053385045582007205,0.00019998000199980003,937,132209,question|f3|iso_vs_none,0.010398960103989602,True,52
ednet,question,deep,akt,3,best_vs_runnerup,isotonic,platt,0.01950422581327468,0.021272036013736634,-0.0017678102004619542,-0.009297151055229045,-0.00022662426919508048,0.026797320267973202,937,132209,question|f3|best_vs_runnerup,0.9111088891110889,False,52
ednet,question,deep,akt,4,iso_vs_none,isotonic,none,0.004329825294768161,0.09430700406175041,-0.08997717876698225,-0.09677897129736718,-0.07131464961316897,0.00019998000199980003,937,132209,question|f4|iso_vs_none,0.010398960103989602,True,52
ednet,question,deep,akt,4,best_vs_runnerup,isotonic,platt,0.004329825294768161,0.0068743248111293636,-0.0025444995163612025,-0.00772746072046167,0.0030660675914709473,0.32396760323967605,937,132209,question|f4|best_vs_runnerup,1.0,False,52
ednet,question,deep,simplekt,0,iso_vs_none,isotonic,none,0.007508835601810948,0.14756729042652106,-0.1400584548247101,-0.14883928924013862,-0.11949223855720921,0.00019998000199980003,937,132209,question|f0|iso_vs_none,0.010398960103989602,True,52
ednet,question,deep,simplekt,0,best_vs_runnerup,isotonic,platt,0.007508835601810948,0.01672825727901734,-0.009219421677206394,-0.0135896027756483,-0.0010399668472358052,0.0027997200279972004,937,132209,question|f0|best_vs_runnerup,0.11758824117588242,False,52
ednet,question,deep,simplekt,1,iso_vs_none,isotonic,none,0.02428916848986519,0.13150474778570304,-0.10721557929583785,-0.1287867292002733,-0.08627336353641864,0.00019998000199980003,937,132209,question|f1|iso_vs_none,0.010398960103989602,True,52
ednet,question,deep,simplekt,1,best_vs_runnerup,isotonic,platt,0.02428916848986519,0.027211973342866683,-0.0029228048530014934,-0.013449580806902176,-0.001756440677563409,0.00019998000199980003,937,132209,question|f1|best_vs_runnerup,0.010398960103989602,True,52
ednet,question,deep,simplekt,2,iso_vs_none,isotonic,none,0.005363536964829677,0.14660199078731448,-0.1412384538224848,-0.14806859794879437,-0.12182128472728522,0.00019998000199980003,937,132209,question|f2|iso_vs_none,0.010398960103989602,True,52
ednet,question,deep,simplekt,2,best_vs_runnerup,isotonic,platt,0.005363536964829677,0.015226778856597623,-0.009863241891767946,-0.013176135314377719,-0.001641406821480578,0.0007999200079992001,937,132209,question|f2|best_vs_runnerup,0.033596640335966405,True,52
ednet,question,deep,simplekt,3,iso_vs_none,isotonic,none,0.01922625549493296,0.14416060026170724,-0.12493434476677429,-0.1450770911410141,-0.10131051546176924,0.00019998000199980003,937,132209,question|f3|iso_vs_none,0.010398960103989602,True,52
ednet,question,deep,simplekt,3,best_vs_runnerup,isotonic,platt,0.01922625549493296,0.02234279225524617,-0.0031165367603132113,-0.011823795819341312,-0.001936325602555305,0.000999900009999,937,132209,question|f3|best_vs_runnerup,0.046995300469953004,True,52
ednet,question,deep,simplekt,4,iso_vs_none,isotonic,none,0.0041985368952779205,0.14370339840706747,-0.13950486151178956,-0.14646040243082037,-0.1181835375908707,0.00019998000199980003,937,132209,question|f4|iso_vs_none,0.010398960103989602,True,52
ednet,question,deep,simplekt,4,best_vs_runnerup,isotonic,platt,0.0041985368952779205,0.028100794395654254,-0.023902257500376334,-0.026010349195598217,-0.007693749703855142,0.00019998000199980003,937,132209,question|f4|best_vs_runnerup,0.010398960103989602,True,52
ednet,question,classical,bkt,0,iso_vs_none,isotonic,none,0.011891919186647745,0.015592798018349808,-0.0037008788317020626,-0.014299246780799319,0.010663382411157264,0.6795320467953204,937,133974,question|f0|iso_vs_none,1.0,False,52
ednet,question,classical,bkt,0,best_vs_runnerup,isotonic,temperature,0.011891919186647745,0.015198738087737584,-0.0033068189010898395,-0.00460410614774825,4.663045948948035e-06,0.050794920507949204,937,133974,question|f0|best_vs_runnerup,1.0,False,52
ednet,question,classical,bkt,1,iso_vs_none,isotonic,none,0.02143013777470374,0.013171835364384524,0.008258302410319216,-0.01129936565270746,0.021280874300292914,0.41155884411558846,937,133974,question|f1|iso_vs_none,1.0,False,52
ednet,question,classical,bkt,1,best_vs_runnerup,none,temperature,0.013171835364384524,0.019002975283074014,-0.00583113991868949,-0.01514712305945591,0.005724182376636486,0.19858014198580143,937,133974,question|f1|best_vs_runnerup,1.0,False,52
ednet,question,classical,bkt,2,iso_vs_none,isotonic,none,0.01501540725375399,0.014235387609630341,0.0007800196441236484,-0.013385972062619633,0.014118115550973028,0.9019098090190981,937,133974,question|f2|iso_vs_none,1.0,False,52
ednet,question,classical,bkt,2,best_vs_runnerup,none,isotonic,0.014235387609630341,0.01501540725375399,-0.0007800196441236484,-0.014118115550973028,0.01338597206261963,0.9019098090190981,937,133974,question|f2|best_vs_runnerup,1.0,False,52
ednet,question,classical,bkt,3,iso_vs_none,isotonic,none,0.014388776678213491,0.011121558427722172,0.003267218250491319,-0.005397084515841289,0.012937525247179778,0.2465753424657534,937,133974,question|f3|iso_vs_none,1.0,False,52
ednet,question,classical,bkt,3,best_vs_runnerup,none,temperature,0.011121558427722172,0.014336587669621221,-0.003215029241899049,-0.005972325267728438,0.005594880745516567,0.2987701229877012,937,133974,question|f3|best_vs_runnerup,1.0,False,52
ednet,question,classical,bkt,4,iso_vs_none,isotonic,none,0.007370253174189995,0.013890263964126102,-0.006520010789936107,-0.010383076997955161,0.005856945827045181,0.5111488851114888,937,133974,question|f4|iso_vs_none,1.0,False,52
ednet,question,classical,bkt,4,best_vs_runnerup,isotonic,temperature,0.007370253174189995,0.008353790483800472,-0.0009835373096104766,-0.0038749288685054764,0.0032897229689129396,0.41555844415558446,937,133974,question|f4|best_vs_runnerup,1.0,False,52
ednet,question,classical,pfa,0,iso_vs_none,isotonic,none,0.010482801993168894,0.04324307961690738,-0.03276027762373849,-0.04025820280413461,-0.025236796510536647,0.00019998000199980003,937,133974,question|f0|iso_vs_none,0.010398960103989602,True,52
ednet,question,classical,pfa,0,best_vs_runnerup,isotonic,platt,0.010482801993168894,0.022571169923467634,-0.01208836793029874,-0.02032613046586564,-0.00221858799949939,0.015598440155984402,937,133974,question|f0|best_vs_runnerup,0.5771422857714229,False,52
ednet,question,classical,pfa,1,iso_vs_none,isotonic,none,0.013671406084033976,0.04405327838075116,-0.030381872296717183,-0.04859267665253647,-0.01726696233614185,0.00019998000199980003,937,133974,question|f1|iso_vs_none,0.010398960103989602,True,52
ednet,question,classical,pfa,1,best_vs_runnerup,isotonic,platt,0.013671406084033976,0.038782319531998025,-0.025110913447964046,-0.030199793414217625,-0.01906523833789176,0.00019998000199980003,937,133974,question|f1|best_vs_runnerup,0.010398960103989602,True,52
ednet,question,classical,pfa,2,iso_vs_none,isotonic,none,0.011280011524883338,0.040604891857249595,-0.029324880332366257,-0.03664602703161339,-0.020482396848576678,0.00019998000199980003,937,133974,question|f2|iso_vs_none,0.010398960103989602,True,52
ednet,question,classical,pfa,2,best_vs_runnerup,isotonic,platt,0.011280011524883338,0.021083557863778482,-0.009803546338895144,-0.01923384279533362,0.0006701243949968214,0.07439256074392561,937,133974,question|f2|best_vs_runnerup,1.0,False,52
ednet,question,classical,pfa,3,iso_vs_none,isotonic,none,0.019793711929754102,0.049337499923380476,-0.029543787993626374,-0.04651291431469133,-0.016378467353123413,0.00019998000199980003,937,133974,question|f3|iso_vs_none,0.010398960103989602,True,52
ednet,question,classical,pfa,3,best_vs_runnerup,isotonic,platt,0.019793711929754102,0.044653381791656205,-0.024859669861902103,-0.030933962420432334,-0.018641463975330015,0.00019998000199980003,937,133974,question|f3|best_vs_runnerup,0.010398960103989602,True,52
ednet,question,classical,pfa,4,iso_vs_none,isotonic,none,0.009114424112539104,0.043058116281789724,-0.03394369216925062,-0.041473227350982605,-0.025464765489970103,0.00019998000199980003,937,133974,question|f4|iso_vs_none,0.010398960103989602,True,52
ednet,question,classical,pfa,4,best_vs_runnerup,isotonic,platt,0.009114424112539104,0.02853080828046852,-0.019416384167929415,-0.025102515966180468,-0.006233922584581193,0.000999900009999,937,133974,question|f4|best_vs_runnerup,0.03999600039996,True,52
ednet,question,classical,pfa_recency,0,iso_vs_none,isotonic,none,0.010246648259485864,0.06165570492547082,-0.051409056665984956,-0.057733961546144394,-0.04359207326905499,0.00019998000199980003,937,133974,question|f0|iso_vs_none,0.010398960103989602,True,52
ednet,question,classical,pfa_recency,0,best_vs_runnerup,isotonic,platt,0.010246648259485864,0.025823560823570516,-0.015576912564084652,-0.021660083716952525,-0.006115970972332583,0.0013998600139986002,937,133974,question|f0|best_vs_runnerup,0.06019398060193981,False,52
ednet,question,classical,pfa_recency,1,iso_vs_none,isotonic,none,0.01466763721968025,0.07267489713806129,-0.058007259918381036,-0.07637647570932324,-0.04084398131381421,0.00019998000199980003,937,133974,question|f1|iso_vs_none,0.010398960103989602,True,52
ednet,question,classical,pfa_recency,1,best_vs_runnerup,isotonic,platt,0.01466763721968025,0.03181807949428908,-0.01715044227460883,-0.024947916817272712,-0.009047382293994334,0.00019998000199980003,937,133974,question|f1|best_vs_runnerup,0.010398960103989602,True,52
ednet,question,classical,pfa_recency,2,iso_vs_none,isotonic,none,0.009778617667488112,0.06193939802969664,-0.05216078036220853,-0.0585376704149124,-0.04538798315461133,0.00019998000199980003,937,133974,question|f2|iso_vs_none,0.010398960103989602,True,52
ednet,question,classical,pfa_recency,2,best_vs_runnerup,isotonic,platt,0.009778617667488112,0.02789701791232181,-0.0181184002448337,-0.025307233882134843,-0.007803388616681911,0.0011998800119988001,937,133974,question|f2|best_vs_runnerup,0.04919508049195081,True,52
ednet,question,classical,pfa_recency,3,iso_vs_none,isotonic,none,0.018210569277086322,0.06758192948264433,-0.049371360205558004,-0.06548663048667308,-0.03161018640560076,0.00019998000199980003,937,133974,question|f3|iso_vs_none,0.010398960103989602,True,52
ednet,question,classical,pfa_recency,3,best_vs_runnerup,isotonic,platt,0.018210569277086322,0.040396257902166464,-0.022185688625080142,-0.029362578463603406,-0.015186203766348539,0.00019998000199980003,937,133974,question|f3|best_vs_runnerup,0.010398960103989602,True,52
ednet,question,classical,pfa_recency,4,iso_vs_none,isotonic,none,0.009677519579453415,0.06432827873916623,-0.05465075915971282,-0.060955234354846115,-0.04347987242507755,0.00019998000199980003,937,133974,question|f4|iso_vs_none,0.010398960103989602,True,52
ednet,question,classical,pfa_recency,4,best_vs_runnerup,isotonic,platt,0.009677519579453415,0.032210850066360076,-0.02253333048690666,-0.029179365866086677,-0.008307177493754302,0.0007999200079992001,937,133974,question|f4|best_vs_runnerup,0.0327967203279672,True,52
ednet,question,classical,elorasch,0,iso_vs_none,isotonic,none,0.005777466784958086,0.047382566387615274,-0.04160509960265719,-0.045748687124102363,-0.03347793630460302,0.00019998000199980003,937,133974,question|f0|iso_vs_none,0.010398960103989602,True,52
ednet,question,classical,elorasch,0,best_vs_runnerup,isotonic,platt,0.005777466784958086,0.006902652124898034,-0.0011251853399399485,-0.002882209214880409,0.002188161072719744,0.6947305269473053,937,133974,question|f0|best_vs_runnerup,1.0,False,52
ednet,question,classical,elorasch,1,iso_vs_none,isotonic,none,0.010547276058205228,0.04644423480247089,-0.03589695874426566,-0.03861230237428583,-0.030691194349233106,0.00019998000199980003,937,133974,question|f1|iso_vs_none,0.010398960103989602,True,52
ednet,question,classical,elorasch,1,best_vs_runnerup,isotonic,temperature,0.010547276058205228,0.01109190663381611,-0.000544630575610881,-0.002816380518111453,0.002502178520333848,0.8215178482151785,937,133974,question|f1|best_vs_runnerup,1.0,False,52
ednet,question,classical,elorasch,2,iso_vs_none,isotonic,none,0.004776343418713842,0.04782757495728394,-0.043051231538570094,-0.047330765027124265,-0.03227584406212575,0.00019998000199980003,937,133974,question|f2|iso_vs_none,0.010398960103989602,True,52
ednet,question,classical,elorasch,2,best_vs_runnerup,isotonic,platt,0.004776343418713842,0.005847586853788485,-0.0010712434350746433,-0.002710487058307456,0.0021644779383959978,0.9313068693130687,937,133974,question|f2|best_vs_runnerup,1.0,False,52
ednet,question,classical,elorasch,3,iso_vs_none,isotonic,none,0.02486731864102851,0.04753336943380643,-0.022666050792777916,-0.02724196783475666,-0.01782924537027667,0.00019998000199980003,937,133974,question|f3|iso_vs_none,0.010398960103989602,True,52
ednet,question,classical,elorasch,3,best_vs_runnerup,temperature,isotonic,0.02293120557953959,0.02486731864102851,-0.0019361130614889213,-0.0048527127275718755,0.0007307295889537597,0.16798320167983202,937,133974,question|f3|best_vs_runnerup,1.0,False,52
ednet,question,classical,elorasch,4,iso_vs_none,isotonic,none,0.008859041109937503,0.04589070600287516,-0.03703166489293766,-0.04183234035381175,-0.030397530227140108,0.00019998000199980003,937,133974,question|f4|iso_vs_none,0.010398960103989602,True,52
ednet,question,classical,elorasch,4,best_vs_runnerup,temperature,isotonic,0.006208905394492388,0.008859041109937503,-0.002650135715445115,-0.004019214489786157,0.0006044132234471287,0.12358764123587641,937,133974,question|f4|best_vs_runnerup,1.0,False,52
