uid,ability_raw,ability_rasch,history_raw,rt_raw,ability_q,ability_rasch_q,history_q,rt_q
1,0.8333333333333334,-0.396385171441782,6.0,,2,1,0,-1
2,0.6,-0.9799038496876706,5.0,,0,0,0,-1
9,0.8333333333333334,-0.08103343786789133,24.0,,2,2,2,-1
14,0.6666666666666666,-0.27211798217454164,6.0,,0,2,0,-1
16,0.7777777777777778,0.24734100806314052,9.0,,2,2,0,-1
21,1.0,2.4570767185195797,6.0,,3,3,0,-1
22,1.0,1.6892402439822112,3.0,,3,3,0,-1
28,0.7931034482758621,-0.5069902062570592,58.0,,2,1,3,-1
30,0.8571428571428571,0.581373296474486,28.0,,2,3,2,-1
37,0.75,0.10972433844403123,28.0,,1,2,2,-1
40,0.9375,0.8157710273614402,16.0,,3,3,1,-1
44,0.631578947368421,-0.5803328820817011,19.0,,0,1,1,-1
48,0.7241379310344828,-0.2763248354852345,203.0,,1,2,3,-1
53,0.9545454545454546,1.5781011239452232,22.0,,3,3,1,-1
58,0.8,0.14369522084272346,95.0,,2,2,3,-1
68,1.0,2.4570767185195797,6.0,,3,3,0,-1
83,0.9324324324324325,1.3507700348796525,74.0,,3,3,3,-1
86,1.0,1.6892402439822112,3.0,,3,3,0,-1
89,0.8285714285714286,0.41467699033842986,35.0,,2,3,2,-1
97,0.78125,-0.2531410152295946,32.0,,2,2,2,-1
99,0.8285714285714286,0.32552402299635014,70.0,,2,3,3,-1
115,0.8571428571428571,0.5056273332971023,28.0,,2,3,2,-1
120,0.7857142857142857,-0.29975145154290245,28.0,,2,2,2,-1
128,0.6785714285714286,-0.7145231939214912,28.0,,1,1,2,-1
131,0.5357142857142857,-1.4008821509771097,28.0,,0,0,2,-1
133,0.8,0.008592832845680501,55.0,,2,2,3,-1
145,0.7428571428571429,-0.23978070442479932,70.0,,1,2,3,-1
146,0.75,-0.2094436307662091,4.0,,1,2,0,-1
147,0.6029411764705882,-0.759498010361523,68.0,,0,1,3,-1
153,0.6923076923076923,-0.38970158236012004,143.0,,1,1,3,-1
155,0.7370517928286853,-0.3312709490659819,251.0,,1,2,3,-1
157,0.7739130434782608,-0.0775549481530455,115.0,,2,2,3,-1
161,0.8235294117647058,0.3248784391658768,34.0,,2,3,2,-1
175,0.7764705882352941,-0.03133468157128989,85.0,,2,2,3,-1
177,0.7045454545454546,-0.5171960353641254,44.0,,1,1,2,-1
178,0.7777777777777778,-0.2205113465186198,72.0,,2,2,3,-1
179,0.7752808988764045,-0.1601930146969826,89.0,,2,2,3,-1
184,0.735191637630662,-0.31312172121605575,287.0,,1,2,3,-1
186,0.576036866359447,-1.070036699541872,217.0,,0,0,3,-1
190,0.8333333333333334,-0.056021860618518944,12.0,,2,2,1,-1
195,0.8255813953488372,-0.10045891817856022,86.0,,2,2,3,-1
198,0.3333333333333333,-0.513204629846064,3.0,,0,1,0,-1
199,0.55,-0.8914291863595735,20.0,,0,0,1,-1
200,0.7083333333333334,-0.6238173863432824,120.0,,1,1,3,-1
201,0.6494845360824743,-0.7738918076841815,194.0,,0,1,3,-1
208,0.7804878048780488,-0.0007881429349984484,82.0,,2,2,3,-1
220,1.0,2.4570767185195797,6.0,,3,3,0,-1
222,0.6904761904761905,-0.8877312890137762,42.0,,1,0,2,-1
238,0.7083333333333334,-0.5801110944144494,24.0,,1,1,2,-1
242,0.75,-0.16526352909857034,20.0,,1,2,1,-1
250,0.6,-0.8639566486087584,40.0,,0,0,2,-1
256,0.8235294117647058,0.020959767851382118,34.0,,2,2,2,-1
264,0.5666666666666667,-1.157048009373548,30.0,,0,0,2,-1
269,0.8888888888888888,-0.17967448284044585,9.0,,3,2,0,-1
276,0.6842105263157895,-0.6087775207099516,19.0,,1,1,1,-1
277,0.3333333333333333,-0.7964426002433012,3.0,,0,1,0,-1
280,0.463768115942029,-1.5783725491207212,69.0,,0,0,3,-1
290,0.8064516129032258,-0.018978496522942943,31.0,,2,2,2,-1
297,0.7407407407407407,-0.2901543839880405,27.0,,1,2,2,-1
306,0.6666666666666666,-0.35939912953478986,3.0,,0,1,0,-1
312,0.717391304347826,-0.48492621999369545,46.0,,1,1,2,-1
318,0.7222222222222222,0.2653645230073457,18.0,,1,2,1,-1
325,0.5945945945945946,-0.9241714084811941,74.0,,0,0,3,-1
330,0.6078431372549019,-0.6871174792129578,51.0,,0,1,3,-1
335,0.8502994011976048,0.35342978597538316,167.0,,2,3,3,-1
345,0.6,-0.7130839215109535,65.0,,0,1,3,-1
347,0.631578947368421,-0.5681396939249579,76.0,,0,1,3,-1
348,0.7830188679245284,-0.11368811300927094,106.0,,2,2,3,-1
350,0.5666666666666667,-0.5919376943330127,60.0,,0,1,3,-1
358,0.6923076923076923,-0.7394140778822057,13.0,,1,1,1,-1
361,0.5327102803738317,-1.1331236168476568,107.0,,0,0,3,-1
369,0.9090909090909091,1.069671693133916,22.0,,3,3,1,-1
375,0.6607142857142857,-0.38784182942656015,56.0,,0,1,3,-1
383,0.6538461538461539,-0.22360745007271507,52.0,,0,2,3,-1
384,0.8,-0.013176643663731169,15.0,,2,2,1,-1
387,0.9130434782608695,1.0146663307054544,23.0,,3,3,2,-1
393,0.75,-0.23340500747497836,4.0,,1,2,0,-1
399,0.7333333333333333,-0.3067218500824489,15.0,,1,2,1,-1
406,0.8163265306122449,0.1648957035858626,98.0,,2,2,3,-1
413,0.7727272727272727,-0.0883042498919053,22.0,,2,2,1,-1
425,0.5737704918032787,-0.7526639423727342,61.0,,0,1,3,-1
426,0.7947019867549668,-0.009392385585132458,151.0,,2,2,3,-1
427,0.7777777777777778,0.4090682645598111,9.0,,2,3,0,-1
429,0.9,0.7404793408870056,20.0,,3,3,1,-1
430,1.0,2.8958404182552195,9.0,,3,3,0,-1
434,0.7424242424242424,-0.13172929151285753,66.0,,1,2,3,-1
448,0.8888888888888888,0.7718327986307243,9.0,,3,3,0,-1
454,0.7037037037037037,-0.5800701788452397,27.0,,1,1,2,-1
455,0.8571428571428571,-0.5136545056171973,7.0,,2,1,0,-1
456,0.5,-0.7479770027673791,16.0,,0,1,1,-1
459,0.85,0.15793185262732268,20.0,,2,2,1,-1
463,0.9411764705882353,0.7601042706872344,17.0,,3,3,1,-1
466,0.9130434782608695,0.8066788602338405,23.0,,3,3,2,-1
471,1.0,1.6892402439822112,3.0,,3,3,0,-1
477,0.8378378378378378,0.3364712286264881,37.0,,2,3,2,-1
478,0.5531914893617021,-1.3100733971816325,94.0,,0,0,3,-1
481,0.8461538461538461,0.49160385254238537,39.0,,2,3,2,-1
483,0.8666666666666667,0.5777981941887698,15.0,,2,3,1,-1
485,0.8846153846153846,1.0615397004481848,26.0,,3,3,2,-1
490,0.7222222222222222,0.2653645230073457,18.0,,1,2,1,-1
495,0.7948717948717948,-0.024418701797591626,39.0,,2,2,2,-1
496,0.5,-0.6522604061222573,6.0,,0,1,0,-1
504,0.4782608695652174,-1.1139167086709685,23.0,,0,0,2,-1
515,0.42424242424242425,-1.4831866037808923,33.0,,0,0,2,-1
516,0.7111111111111111,0.07701525057628326,45.0,,1,2,2,-1
534,0.782608695652174,-0.01665540253583582,23.0,,2,2,2,-1
535,0.7142857142857143,-0.3652233223616613,21.0,,1,1,1,-1
537,0.7647058823529411,-0.06227910217068562,17.0,,1,2,1,-1
538,0.7037037037037037,-0.29217122598000167,27.0,,1,2,2,-1
540,0.8,0.1010759433833811,15.0,,2,2,1,-1
552,0.8,0.03933798947931333,20.0,,2,2,1,-1
556,0.8095238095238095,0.037820822167955424,21.0,,2,2,1,-1
563,0.8666666666666667,0.5002934075717586,15.0,,2,3,1,-1
564,0.5714285714285714,-0.9110986329160267,56.0,,0,0,3,-1
567,0.5,-1.029505690286238,26.0,,0,0,2,-1
573,1.0,1.6892402439822112,3.0,,3,3,0,-1
582,0.2222222222222222,-1.6520036215525336,9.0,,0,0,0,-1
594,0.8648648648648649,0.7437943330294118,37.0,,2,3,2,-1
598,1.0,1.6892402439822112,3.0,,3,3,0,-1
601,0.75,0.21097128571452356,28.0,,1,2,2,-1
602,0.7419354838709677,-0.3179194939549178,31.0,,1,2,2,-1
610,0.7037037037037037,-0.32434953391470417,27.0,,1,2,2,-1
614,1.0,1.6892402439822112,3.0,,3,3,0,-1
621,0.8888888888888888,0.9405044870075142,9.0,,3,3,0,-1
644,0.7166666666666667,-0.2205323682986395,60.0,,1,2,3,-1
645,0.7317073170731707,-0.23186651294113667,41.0,,1,2,2,-1
650,0.8125,-0.1462645876053286,16.0,,2,2,1,-1
651,0.68,-0.5261764550093807,100.0,,1,1,3,-1
656,0.88,0.41735747016647196,25.0,,2,3,2,-1
663,0.6,-0.8848877508250388,10.0,,0,0,1,-1
679,0.6886792452830188,-0.47552573445826923,106.0,,1,1,3,-1
681,0.8490566037735849,0.4379100315672735,53.0,,2,3,3,-1
683,0.96,1.184093996649536,25.0,,3,3,2,-1
684,1.0,3.0969404473007205,11.0,,3,3,1,-1
693,0.9230769230769231,1.1177521831441943,26.0,,3,3,2,-1
696,0.8,0.08464706643453533,140.0,,2,2,3,-1
698,0.9,0.6054160525960173,10.0,,3,3,1,-1
720,0.7006369426751592,-0.47209849297539264,157.0,,1,1,3,-1
722,0.8378378378378378,0.4623247601032121,74.0,,2,3,3,-1
725,0.45,-1.6603851392630518,20.0,,0,0,1,-1
735,0.7788461538461539,0.01372250086173414,104.0,,2,2,3,-1
738,0.7857142857142857,0.002245015959256941,154.0,,2,2,3,-1
739,0.9473684210526315,1.4077927047783505,76.0,,3,3,3,-1
747,0.6545454545454545,-0.5700477442649858,55.0,,0,1,3,-1
749,0.7037037037037037,-0.19945785089583531,27.0,,1,2,2,-1
752,0.6774193548387096,-0.23036647835295612,31.0,,1,2,2,-1
753,0.7857142857142857,0.25337356107515435,28.0,,2,2,2,-1
755,0.8529411764705882,0.4169153469753874,68.0,,2,3,3,-1
761,0.8333333333333334,0.263226784468078,24.0,,2,2,2,-1
774,0.7899159663865546,0.10982641649328655,119.0,,2,2,3,-1
778,0.5373134328358209,-0.7332443033447011,67.0,,0,1,3,-1
779,0.5882352941176471,-0.9184451416892813,68.0,,0,0,3,-1
789,0.6153846153846154,-0.7433171974397887,65.0,,0,1,3,-1
790,0.4,-1.5349138267282016,90.0,,0,0,3,-1
791,0.5,-1.2203174497107858,72.0,,0,0,3,-1
794,0.6,-0.6701121520897806,40.0,,0,1,2,-1
795,0.6951219512195121,-0.4609443248753599,82.0,,1,1,3,-1
796,0.44285714285714284,-1.71988791891844,70.0,,0,0,3,-1
799,0.6707317073170732,-0.8149056008999898,246.0,,1,1,3,-1
804,0.6986899563318777,-0.705689290935904,229.0,,1,1,3,-1
806,0.8296703296703297,0.01275532167844621,182.0,,2,2,3,-1
817,0.6546184738955824,-0.8671657142619043,249.0,,0,0,3,-1
823,0.7415730337078652,-0.7249289585305982,267.0,,1,1,3,-1
824,0.6188340807174888,-1.201088034479697,223.0,,0,0,3,-1
829,0.7719298245614035,-0.46503972077667666,114.0,,2,1,3,-1
836,0.786096256684492,-0.5399026074154295,187.0,,2,1,3,-1
838,0.7878787878787878,-0.4815302445780541,165.0,,2,1,3,-1
840,0.71875,-0.9746155826728257,192.0,,1,0,3,-1
846,0.6035087719298246,-1.456891567163956,285.0,,0,0,3,-1
847,0.8130841121495327,-0.1214565906170947,214.0,,2,2,3,-1
851,0.7194570135746606,-0.8731233915566293,221.0,,1,0,3,-1
854,0.7,-0.6825148437989077,280.0,,1,1,3,-1
862,0.7837837837837838,-0.3006940393681168,222.0,,2,2,3,-1
864,0.8055555555555556,-0.3271465518896847,108.0,,2,2,3,-1
870,0.7023809523809523,-0.8453344821090923,252.0,,1,1,3,-1
874,0.2,-1.6154403300457183,5.0,,0,0,0,-1
875,0.7210526315789474,-0.634179902459451,190.0,,1,1,3,-1
878,0.7088607594936709,-0.7709648741316869,237.0,,1,1,3,-1
880,0.746268656716418,-0.4597703280557025,268.0,,1,1,3,-1
881,0.7541899441340782,-0.7162558873847722,179.0,,1,1,3,-1
893,0.6190476190476191,-0.3250796570031454,42.0,,0,2,2,-1
898,0.6341463414634146,-0.23570357781901077,41.0,,0,2,2,-1
909,0.75,-0.002807918787390966,16.0,,1,2,1,-1
916,0.9473684210526315,1.5500743072038503,19.0,,3,3,1,-1
925,0.8888888888888888,1.098748369754547,27.0,,3,3,2,-1
930,0.7297297297297297,0.13571728484323528,37.0,,1,2,2,-1
931,0.7560975609756098,0.023104634668885144,41.0,,1,2,2,-1
939,0.7647058823529411,-0.2733852744695251,51.0,,1,2,3,-1
955,0.8148148148148148,0.5896512741416085,27.0,,2,3,2,-1
956,0.609375,-0.41140105091721085,64.0,,0,1,3,-1
959,1.0,3.5253709439628755,18.0,,3,3,1,-1
962,0.5,-0.5986812514626683,14.0,,0,1,1,-1
967,0.575,-0.5700260504244097,40.0,,0,1,2,-1
972,0.4166666666666667,-1.0944456968156764,36.0,,0,0,2,-1
973,0.7307692307692307,0.09935212637509007,26.0,,1,2,2,-1
976,0.631578947368421,-0.28554799315655466,38.0,,0,2,2,-1
980,0.6739130434782609,-0.06695137101139798,46.0,,1,2,2,-1
983,0.627906976744186,-0.24482403899436825,43.0,,0,2,2,-1
987,0.6666666666666666,-0.5137682518448861,24.0,,0,1,2,-1
990,0.6862745098039216,-0.04359506330108284,51.0,,1,2,3,-1
992,0.68,-0.37527131184153517,25.0,,1,1,2,-1
1018,0.5925925925925926,-0.5826897700172069,27.0,,0,1,2,-1
1021,0.4918032786885246,-1.0404429684458107,61.0,,0,0,3,-1
1022,0.625,-0.1784123053606258,32.0,,0,2,2,-1
1033,0.8029197080291971,0.08272988145162295,137.0,,2,2,3,-1
1034,0.75,0.1710417220705765,28.0,,1,2,2,-1
1041,0.7222222222222222,0.11285140946009527,36.0,,1,2,2,-1
1067,0.7272727272727273,0.1504093116159007,44.0,,1,2,2,-1
1069,0.5217391304347826,-0.803817767599505,23.0,,0,1,2,-1
1072,0.6666666666666666,-0.6799504777969994,27.0,,0,1,2,-1
1073,0.8125,0.27299422770792275,32.0,,2,2,2,-1
1078,0.7066666666666667,-0.7650160432591603,225.0,,1,1,3,-1
1081,0.46153846153846156,-1.2052388408282557,13.0,,0,0,1,-1
1087,0.6941176470588235,-0.618542258920103,255.0,,1,1,3,-1
1089,0.75,0.26261536889861187,4.0,,1,2,0,-1
1097,0.782608695652174,-0.021029176677187178,23.0,,2,2,2,-1
1102,0.7142857142857143,-0.5357331275486652,7.0,,1,1,0,-1
1107,0.7352941176470589,0.05712000495047297,34.0,,1,2,2,-1
1109,0.5755813953488372,-1.2554394478196946,172.0,,0,0,3,-1
1112,0.8735632183908046,0.435055595721923,87.0,,2,3,3,-1
1114,0.7428571428571429,-0.2220837978016698,140.0,,1,2,3,-1
1116,0.625,-0.5249588659744276,8.0,,0,1,0,-1
1118,0.896551724137931,0.9630794348954447,29.0,,3,3,2,-1
1119,0.8421052631578947,0.16389043968529823,19.0,,2,2,1,-1
1137,0.8111111111111111,-0.048648314715201146,90.0,,2,2,3,-1
1141,0.625,-0.06499010848685234,8.0,,0,2,0,-1
1151,0.3958333333333333,-1.1994274028631216,48.0,,0,0,3,-1
1152,0.7857142857142857,0.3340681067529748,14.0,,2,3,1,-1
1160,0.8,0.45368015129750294,30.0,,2,3,2,-1
1165,0.7222222222222222,0.10474349073335729,36.0,,1,2,2,-1
1166,0.6774193548387096,-0.08955507344586149,31.0,,1,2,2,-1
1167,0.8571428571428571,-0.08082560344660442,7.0,,2,2,0,-1
1168,0.17391304347826086,-2.242637475384082,23.0,,0,0,2,-1
1170,0.5213675213675214,-1.0695184221337404,117.0,,0,0,3,-1
1173,0.5147058823529411,-1.09683911953052,68.0,,0,0,3,-1
1174,0.6756756756756757,-0.10601385075867824,37.0,,1,2,2,-1
1179,0.9,0.626583591617732,10.0,,3,3,1,-1
1186,0.6,-0.652601470126307,5.0,,0,1,0,-1
1188,0.6296296296296297,-0.48580332655507746,27.0,,0,1,2,-1
1192,0.8571428571428571,0.5262219124452042,14.0,,2,3,1,-1
1194,0.8,0.2213422012825951,10.0,,2,2,1,-1
1195,0.8148148148148148,0.1896319484883173,27.0,,2,2,2,-1
1196,0.759493670886076,-0.15386552644710846,79.0,,1,2,3,-1
1199,0.8681318681318682,0.5449311598685415,91.0,,2,3,3,-1
1210,0.8823529411764706,-0.07394214515010444,17.0,,3,2,1,-1
1223,1.0,1.6892402439822112,3.0,,3,3,0,-1
1226,0.8,-0.5012370959353457,25.0,,2,1,2,-1
1227,1.0,2.8958404182552195,9.0,,3,3,0,-1
1231,0.8363636363636363,0.2601576668657996,165.0,,2,2,3,-1
1233,0.696969696969697,-0.6789137541557245,33.0,,1,1,2,-1
1244,0.7926829268292683,0.03070266807765889,82.0,,2,2,3,-1
1264,0.7849462365591398,-0.01944492287587259,93.0,,2,2,3,-1
1269,0.75,-0.5978545794778339,16.0,,1,1,1,-1
1271,0.8571428571428571,0.25308171609852,14.0,,2,2,1,-1
1280,0.7916666666666666,-0.21118501157817243,24.0,,2,2,2,-1
1286,1.0,3.638363602423224,21.0,,3,3,1,-1
1288,0.88,0.706340416219533,25.0,,2,3,2,-1
1290,0.8222222222222222,0.17764316843759698,45.0,,2,2,2,-1
1292,0.7333333333333333,-0.10619816997894793,15.0,,1,2,1,-1
1295,0.8076923076923077,-0.19812685705639696,26.0,,2,2,2,-1
1296,0.7794117647058824,-0.04830533501368254,68.0,,2,2,3,-1
1301,0.9523809523809523,1.1368460635445812,21.0,,3,3,1,-1
1302,0.7272727272727273,-0.15058949317450895,22.0,,1,2,1,-1
1309,0.7647058823529411,-0.5454737349114441,17.0,,1,1,1,-1
1323,0.7894736842105263,-0.1251985641753188,95.0,,2,2,3,-1
1334,0.9696969696969697,1.6438582959589065,33.0,,3,3,2,-1
1338,0.735632183908046,-0.1679019202360245,87.0,,1,2,3,-1
1339,0.7741935483870968,0.1587642855064885,31.0,,2,2,2,-1
1343,0.95,0.9135516932084017,20.0,,3,3,1,-1
1347,1.0,1.6892402439822112,3.0,,3,3,0,-1
1349,0.8695652173913043,0.6262765875542174,23.0,,2,3,2,-1
1361,0.675,-0.3593678534128387,40.0,,1,1,2,-1
1377,0.7142857142857143,-0.184214316030474,14.0,,1,2,1,-1
1382,0.9,0.656676237407782,10.0,,3,3,1,-1
1387,0.8235294117647058,0.37702027648508896,17.0,,2,3,1,-1
1389,0.8571428571428571,-0.2942349154738448,21.0,,2,2,1,-1
1391,0.881578947368421,0.7446033909517616,76.0,,3,3,3,-1
1394,0.8333333333333334,-0.34668881122782225,6.0,,2,1,0,-1
1408,0.8333333333333334,-0.3554868072855213,18.0,,2,1,1,-1
1418,0.75,-0.3525707470839768,8.0,,1,1,0,-1
1422,0.75,-0.3271458186388601,4.0,,1,2,0,-1
1426,0.7889447236180904,0.04588933831821889,199.0,,2,2,3,-1
1427,0.9375,1.3641316769589469,16.0,,3,3,1,-1
1435,0.375,-1.1947848487914225,8.0,,0,0,0,-1
1437,0.6666666666666666,-0.7696018934907571,18.0,,0,1,1,-1
1442,0.875,0.317052535979918,8.0,,2,3,0,-1
1448,0.4782608695652174,-1.2466912913326835,23.0,,0,0,2,-1
1452,0.6363636363636364,-1.140403058554686,11.0,,0,0,1,-1
1456,0.75,-0.3418371331474546,24.0,,1,1,2,-1
1459,1.0,1.6892402439822112,3.0,,3,3,0,-1
1462,0.8378378378378378,0.271568574081834,37.0,,2,2,2,-1
1464,0.8571428571428571,0.2061583376084927,14.0,,2,2,1,-1
1465,0.6470588235294118,-1.8182103026906251,17.0,,0,0,1,-1
1466,0.8125,-1.3069138176141868,16.0,,2,0,1,-1
1472,0.6,-0.678597914967418,5.0,,0,1,0,-1
1480,0.7777777777777778,0.24734100806314052,9.0,,2,2,0,-1
1486,0.5503875968992248,-1.0981523178213262,129.0,,0,0,3,-1
1487,0.660377358490566,-0.3824374863235805,106.0,,0,1,3,-1
1492,0.65,-0.19106646073872452,20.0,,0,2,1,-1
1494,0.7758620689655172,-0.17399406998530909,58.0,,2,2,3,-1
1495,0.7317073170731707,0.002219359098487892,123.0,,1,2,3,-1
1500,0.8181818181818182,-0.5879869903286099,22.0,,2,1,1,-1
1502,0.8,-0.02960360911622765,10.0,,2,2,1,-1
1504,0.723404255319149,-0.4636221610035327,47.0,,1,1,2,-1
1510,0.8061224489795918,-0.12630893153072076,196.0,,2,2,3,-1
1512,0.6666666666666666,-0.6463788789799426,252.0,,0,1,3,-1
1515,0.8125,0.46959637828520867,32.0,,2,3,2,-1
1520,0.7808219178082192,-0.8607411137340573,73.0,,2,1,3,-1
1530,0.5789473684210527,-1.2758577659125183,95.0,,0,0,3,-1
1531,0.6274509803921569,-0.6575910955723034,51.0,,0,1,3,-1
1534,0.6818181818181818,-0.1204678026658551,22.0,,1,2,1,-1
1536,0.7692307692307693,-0.2475716068330652,13.0,,1,2,1,-1
1537,0.7428571428571429,-0.7182987695590092,35.0,,1,1,2,-1
1542,0.6919431279620853,-0.8590919039575997,211.0,,1,1,3,-1
1544,0.7333333333333333,-0.4671194242937441,180.0,,1,1,3,-1
1554,0.5980392156862745,-1.2213265091408303,204.0,,0,0,3,-1
1559,0.75,0.029319696007286986,16.0,,1,2,1,-1
1562,0.7165354330708661,-0.8517063421250712,127.0,,1,1,3,-1
1579,1.0,2.4570767185195797,6.0,,3,3,0,-1
1581,1.0,2.8958404182552195,9.0,,3,3,0,-1
1587,0.7333333333333333,-0.08837805180943153,30.0,,1,2,2,-1
1591,0.8235294117647058,0.11010845888112822,17.0,,2,2,1,-1
1594,1.0,2.4570767185195797,6.0,,3,3,0,-1
1606,0.75,-0.17955815250782015,16.0,,1,2,1,-1
1612,0.75,-0.40449242705634686,8.0,,1,1,0,-1
1619,0.75,-0.33539251020816707,8.0,,1,2,0,-1
1629,0.4444444444444444,-1.1987600730857992,9.0,,0,0,0,-1
1632,1.0,2.4570767185195797,6.0,,3,3,0,-1
1633,0.8,0.018736493127319065,5.0,,2,2,0,-1
1634,0.6666666666666666,-0.09004480095891867,3.0,,0,2,0,-1
1636,0.8666666666666667,0.3545047014474418,15.0,,2,3,1,-1
1643,0.7272727272727273,-0.4802212136708615,11.0,,1,1,1,-1
1656,0.38461538461538464,-1.212358861905082,13.0,,0,0,1,-1
1661,0.9444444444444444,0.39828625243372817,18.0,,3,3,1,-1
1665,0.6363636363636364,-0.9946908676702853,11.0,,0,0,1,-1
1676,0.5,-0.7437828355984194,8.0,,0,1,0,-1
1684,1.0,1.6892402439822112,3.0,,3,3,0,-1
1686,0.7142857142857143,-0.279536671112384,14.0,,1,2,1,-1
1689,0.7272727272727273,-0.23030010643507132,11.0,,1,2,1,-1
1693,0.8823529411764706,-0.18385160619180538,17.0,,3,2,1,-1
1694,1.0,1.6892402439822112,3.0,,3,3,0,-1
1695,1.0,1.6892402439822112,3.0,,3,3,0,-1
1696,1.0,1.6892402439822112,3.0,,3,3,0,-1
1700,0.4782608695652174,-1.119330822381693,23.0,,0,0,2,-1
1703,0.7142857142857143,-0.35790636519229685,14.0,,1,1,1,-1
1704,0.6875,-0.48324777143384673,16.0,,1,1,1,-1
1710,0.9,0.6581620683630895,10.0,,3,3,1,-1
1716,0.47619047619047616,-0.574870737960567,21.0,,0,1,1,-1
1720,0.9166666666666666,0.8649233752829384,12.0,,3,3,1,-1
1721,0.8181818181818182,0.20338308331348276,11.0,,2,2,1,-1
1722,0.8333333333333334,0.08068005762638354,6.0,,2,2,0,-1
1729,0.7586206896551724,-0.8947625195512628,29.0,,1,0,2,-1
1731,0.8,-0.3258669769584396,5.0,,2,2,0,-1
1737,0.75,-0.048904369066904325,4.0,,1,2,0,-1
1739,0.6923076923076923,-1.2363456670680686,91.0,,1,0,3,-1
1741,0.75,-0.9234320548471534,24.0,,1,0,2,-1
1742,0.4090909090909091,-1.7404293943082751,22.0,,0,0,1,-1
1743,0.9019607843137255,0.6817632009524569,51.0,,3,3,3,-1
1746,0.9230769230769231,0.7960537466147142,13.0,,3,3,1,-1
1766,0.6666666666666666,-0.6476777960713845,60.0,,0,1,3,-1
1773,0.5217391304347826,-0.8345603400888735,23.0,,0,1,2,-1
1787,0.8,-0.5515748727711081,25.0,,2,1,2,-1
1795,0.5694444444444444,-1.1854857113081663,72.0,,0,0,3,-1
1797,0.8571428571428571,0.3356359425024873,14.0,,2,3,1,-1
1799,0.8113207547169812,0.5527860928191739,53.0,,2,3,3,-1
1805,0.7066666666666667,-0.4305843255752865,75.0,,1,1,3,-1
1813,0.6989247311827957,-0.5310836894395916,93.0,,1,1,3,-1
1818,0.6363636363636364,-0.6772915887848002,22.0,,0,1,1,-1
1839,0.7037037037037037,-0.20354101766756102,27.0,,1,2,2,-1
1840,0.5833333333333334,-1.1321881575862558,60.0,,0,0,3,-1
1841,0.7647058823529411,0.05622242433475122,34.0,,1,2,2,-1
1844,0.8125,-0.3158917214819689,48.0,,2,2,3,-1
1848,0.7037037037037037,-0.7950313174026694,54.0,,1,1,3,-1
1850,0.5625,-0.49892242619124616,16.0,,0,1,1,-1
1852,0.9375,0.8893610918935202,16.0,,3,3,1,-1
1856,0.6075949367088608,-0.4728077703130498,79.0,,0,1,3,-1
1858,0.6521739130434783,-0.5785061838541056,23.0,,0,1,2,-1
1864,0.7142857142857143,-0.13453697233911902,35.0,,1,2,2,-1
1874,0.75,-0.5203246170101653,4.0,,1,1,0,-1
1884,0.6666666666666666,-0.5298351852026675,39.0,,0,1,2,-1
1888,1.0,1.6892402439822112,3.0,,3,3,0,-1
1892,0.7692307692307693,-0.2901110266250189,13.0,,1,2,1,-1
1894,0.6521739130434783,-0.6660801039245648,23.0,,0,1,2,-1
1898,0.9473684210526315,0.5519248500757921,19.0,,3,3,1,-1
1899,1.0,2.4570767185195797,6.0,,3,3,0,-1
1911,0.9523809523809523,0.6657155030064609,21.0,,3,3,1,-1
1916,0.8571428571428571,0.6230048322680768,7.0,,2,3,0,-1
1918,0.7727272727272727,-0.09361633153329324,22.0,,2,2,1,-1
1920,0.5686274509803921,-1.119528077416002,51.0,,0,0,3,-1
1924,1.0,3.3784804879644224,15.0,,3,3,1,-1
1925,0.6666666666666666,-0.9740535848463779,21.0,,0,0,1,-1
1935,0.8,0.4423240029015283,5.0,,2,3,0,-1
1938,0.7692307692307693,-0.44945389270627295,52.0,,1,1,3,-1
1941,0.625,-0.6372859799320854,48.0,,0,1,3,-1
1942,0.2857142857142857,-1.5274510836599895,7.0,,0,0,0,-1
1948,0.7457627118644068,-0.06849958623463756,59.0,,1,2,3,-1
1952,1.0,1.6892402439822112,3.0,,3,3,0,-1
1954,0.8,0.1351261678962036,20.0,,2,2,1,-1
1955,1.0,1.6892402439822112,3.0,,3,3,0,-1
1964,0.6470588235294118,-0.8833673012549739,17.0,,0,0,1,-1
1979,0.2,-1.3640315610403264,10.0,,0,0,1,-1
1980,0.8421052631578947,0.10050206743860601,76.0,,2,2,3,-1
2004,1.0,2.8958404182552195,9.0,,3,3,0,-1
2008,0.7142857142857143,-1.266348792064578,14.0,,1,0,1,-1
2017,0.9642857142857143,1.5001934526873633,28.0,,3,3,2,-1
2027,0.391304347826087,-1.4862863862688511,23.0,,0,0,2,-1
2029,1.0,1.6892402439822112,3.0,,3,3,0,-1
2031,0.8135593220338984,-0.14309364844409928,59.0,,2,2,3,-1
2036,0.6,-0.7986775269020088,5.0,,0,1,0,-1
2038,0.7142857142857143,-1.1353623259792447,14.0,,1,0,1,-1
2056,0.7857142857142857,-0.8583485415046883,14.0,,2,1,1,-1
2061,0.6785714285714286,-0.7113607136400509,28.0,,1,1,2,-1
2062,0.6666666666666666,0.1231076771945569,9.0,,0,2,0,-1
2064,0.6666666666666666,-0.012462502708433246,12.0,,0,2,1,-1
2070,0.6111111111111112,-1.1827089910271587,36.0,,0,0,2,-1
2077,0.5625,-0.9627318005032086,16.0,,0,0,1,-1
2080,0.5704225352112676,-0.9864199802138144,142.0,,0,0,3,-1
2084,0.75,-0.5178037105715539,4.0,,1,1,0,-1
2107,0.8636363636363636,0.31980464346014853,22.0,,2,3,1,-1
2110,0.75,-0.0028034054883924854,20.0,,1,2,1,-1
2114,0.7105263157894737,-0.40574468519526846,76.0,,1,1,3,-1
2129,0.8,0.0886617250500018,5.0,,2,2,0,-1
2133,0.7894736842105263,-0.18088636883480774,19.0,,2,2,1,-1
2137,1.0,2.4570767185195797,6.0,,3,3,0,-1
2147,0.6,-0.15231717933275268,10.0,,0,2,1,-1
2152,0.9,0.7329100707804429,10.0,,3,3,1,-1
2159,0.647887323943662,-0.5998988549359725,71.0,,0,1,3,-1
2164,0.5,-1.228036410030404,28.0,,0,0,2,-1
2165,0.575,-0.9911218191415658,40.0,,0,0,2,-1
2166,0.6982758620689655,-0.2528173147203093,116.0,,1,2,3,-1
2178,0.7575757575757576,-0.45853834088935613,33.0,,1,1,2,-1
2180,0.75,-0.2073969794951233,16.0,,1,2,1,-1
2182,0.7692307692307693,-0.6781191017047603,13.0,,1,1,1,-1
2190,0.8518518518518519,0.24659110378302423,27.0,,2,2,2,-1
2192,0.7,-1.085276237672025,40.0,,1,0,2,-1
2201,0.34782608695652173,-1.0227140546688136,23.0,,0,0,2,-1
2202,0.5625,-0.5963273883001917,16.0,,0,1,1,-1
2210,0.541958041958042,-1.095524774651341,286.0,,0,0,3,-1
2213,0.8484848484848485,0.11682005354093807,33.0,,2,2,2,-1
2215,0.9090909090909091,0.06808809901319293,22.0,,3,2,1,-1
2220,0.85,-0.2657092780836198,20.0,,2,2,1,-1
2226,1.0,1.6892402439822112,3.0,,3,3,0,-1
2229,0.9166666666666666,0.0401997165168688,12.0,,3,2,1,-1
2237,0.8181818181818182,-0.14608202714874796,11.0,,2,2,1,-1
2238,0.5714285714285714,-1.0356604491430732,7.0,,0,0,0,-1
2242,0.7352941176470589,-0.2621533527636521,102.0,,1,2,3,-1
2249,0.6970954356846473,-0.913319207384344,241.0,,1,0,3,-1
2256,1.0,1.6892402439822112,3.0,,3,3,0,-1
2257,0.3888888888888889,-0.7510795952689313,18.0,,0,1,1,-1
2260,0.42424242424242425,-1.3189039962895301,33.0,,0,0,2,-1
2266,0.7166666666666667,-0.08383450035945719,60.0,,1,2,3,-1
2268,0.7294117647058823,-0.3855645281872262,85.0,,1,1,3,-1
2272,0.8333333333333334,0.5746404854634148,18.0,,2,3,1,-1
2275,0.8947368421052632,0.4410750925686257,19.0,,3,3,1,-1
2280,1.0,3.3784804879644224,15.0,,3,3,1,-1
2281,0.9375,0.7496660942614707,16.0,,3,3,1,-1
2285,0.7391304347826086,-0.4841594260793954,23.0,,1,1,2,-1
2286,0.9,0.27940454884492133,10.0,,3,2,1,-1
2300,0.8333333333333334,0.2633399594425264,18.0,,2,2,1,-1
2304,1.0,1.6892402439822112,3.0,,3,3,0,-1
2306,0.41818181818181815,-1.1725497415097186,55.0,,0,0,3,-1
2311,0.875,0.044465822462987525,8.0,,2,2,0,-1
2322,0.8888888888888888,0.7079612364666013,45.0,,3,3,2,-1
2326,0.8181818181818182,0.4764083408953185,11.0,,2,3,1,-1
2335,0.8636363636363636,0.15403976006363837,22.0,,2,2,1,-1
2336,0.9117647058823529,1.010345941897742,34.0,,3,3,2,-1
2342,0.7931034482758621,-0.2672569774007852,29.0,,2,2,2,-1
2350,0.8958333333333334,0.8824457112610606,48.0,,3,3,3,-1
2354,0.7647058823529411,-0.1987424495025026,153.0,,1,2,3,-1
2360,0.8108108108108109,-0.4180486152891273,111.0,,2,1,3,-1
2372,0.7758620689655172,-0.5540880867540187,116.0,,2,1,3,-1
2375,0.8059701492537313,-0.6193236098762137,134.0,,2,1,3,-1
2379,0.6916666666666667,-0.8600307658480681,120.0,,1,1,3,-1
2385,0.5714285714285714,-0.5870460098325175,7.0,,0,1,0,-1
2391,0.7741935483870968,-0.7026301074863386,62.0,,2,1,3,-1
2392,0.7727272727272727,-0.666047812167518,110.0,,2,1,3,-1
2401,0.6973684210526315,-0.7085365524095876,76.0,,1,1,3,-1
2407,0.6434108527131783,-1.2602653991852946,129.0,,0,0,3,-1
2408,0.9152542372881356,0.7264330073597843,118.0,,3,3,3,-1
2410,0.6759776536312849,-0.9591437022998891,179.0,,1,0,3,-1
2412,0.6666666666666666,-0.3573875268420401,15.0,,0,1,1,-1
2416,0.6346153846153846,-1.2991278781565114,104.0,,0,0,3,-1
2422,0.8125,-0.5691358281267563,16.0,,2,1,1,-1
2424,0.4,-0.997682039225277,5.0,,0,0,0,-1
2426,0.6962025316455697,-1.1933026531850115,79.0,,1,0,3,-1
2427,0.7395833333333334,-0.8729666141789846,96.0,,1,0,3,-1
2446,0.9285714285714286,0.41356687852586166,14.0,,3,3,1,-1
2453,0.5,-1.160332887589,6.0,,0,0,0,-1
2455,0.6363636363636364,-0.6392115563951453,11.0,,0,1,1,-1
2461,0.8571428571428571,0.055567967502577996,7.0,,2,2,0,-1
2464,0.65625,-1.0069544242432182,96.0,,0,0,3,-1
2469,0.6075949367088608,-1.3603642705139551,158.0,,0,0,3,-1
2472,0.8170731707317073,-0.34345116842600387,82.0,,2,1,3,-1
2478,0.75,-0.3444626189950862,4.0,,1,1,0,-1
2479,0.6666666666666666,-0.34778441098421525,15.0,,0,1,1,-1
2480,0.7290322580645161,-0.8093812828867952,155.0,,1,1,3,-1
2486,0.7333333333333333,-0.21454653799008794,15.0,,1,2,1,-1
2491,0.8823529411764706,0.23097012927259228,17.0,,3,2,1,-1
2493,0.7333333333333333,-0.1525920567893595,60.0,,1,2,3,-1
2495,0.0,-3.3312708219470086,4.0,,0,0,0,-1
2501,0.6,-0.5126173287815743,5.0,,0,1,0,-1
2502,0.5,-0.9583346443765192,4.0,,0,0,0,-1
2507,0.6111111111111112,-0.8032884673787029,18.0,,0,1,1,-1
2509,0.675,-0.8665991348604235,40.0,,1,0,2,-1
2513,0.6,-0.6009630479131244,35.0,,0,1,2,-1
2520,0.9411764705882353,1.2653783832062744,17.0,,3,3,1,-1
2522,0.8909090909090909,0.9989165618408942,110.0,,3,3,3,-1
2527,0.828125,0.15922906598841796,64.0,,2,2,3,-1
2534,0.39285714285714285,-1.3413389567611251,28.0,,0,0,2,-1
2537,0.8372093023255814,-0.28303730543036726,43.0,,2,2,2,-1
2540,1.0,2.4570767185195797,6.0,,3,3,0,-1
2542,0.5882352941176471,-0.7681800709930717,17.0,,0,1,1,-1
2544,0.6666666666666666,-0.4859992811072764,57.0,,0,1,3,-1
2547,0.7912087912087912,0.09851609795180766,91.0,,2,2,3,-1
2561,0.8636363636363636,0.530136887091537,22.0,,2,3,1,-1
2562,0.5,-1.2049400045628489,24.0,,0,0,2,-1
2566,0.5263157894736842,-1.2997832260779747,76.0,,0,0,3,-1
2570,0.4375,-1.454757822284721,16.0,,0,0,1,-1
2576,0.7543859649122807,-0.2782658972790554,57.0,,1,2,3,-1
2584,0.71875,-0.6448783560202997,96.0,,1,1,3,-1
2585,0.4375,-1.4410579891035724,16.0,,0,0,1,-1
2603,0.5714285714285714,-1.1577868213205376,7.0,,0,0,0,-1
2605,0.6363636363636364,-1.09781374466856,55.0,,0,0,3,-1
2608,0.6153846153846154,-0.33506365163037105,26.0,,0,2,2,-1
2609,0.39080459770114945,-1.3354265576151927,87.0,,0,0,3,-1
2618,0.7692307692307693,-0.47318877979942864,26.0,,1,1,2,-1
2623,0.8260869565217391,-0.07095795609547179,23.0,,2,2,2,-1
2624,0.8333333333333334,-0.03158071993888937,6.0,,2,2,0,-1
2627,0.6176470588235294,-0.8535748789332407,34.0,,0,1,2,-1
2637,1.0,1.6892402439822112,3.0,,3,3,0,-1
2638,0.78125,-0.08970998899497881,32.0,,2,2,2,-1
2652,0.7037037037037037,-0.39447994170825823,162.0,,1,1,3,-1
2654,0.6890756302521008,-0.38434436477861844,119.0,,1,1,3,-1
2656,0.7235772357723578,-0.3427722867293412,123.0,,1,1,3,-1
2659,0.875,0.22370547347744513,16.0,,2,2,1,-1
2666,0.627906976744186,-0.7371412838387238,43.0,,0,1,2,-1
2667,0.6722689075630253,-0.6130315094751441,119.0,,1,1,3,-1
2678,0.7857142857142857,-0.1876455109749847,14.0,,2,2,1,-1
2681,0.7380952380952381,-0.3374741041620808,42.0,,1,1,2,-1
2683,0.5,-0.8903681479135499,20.0,,0,0,1,-1
2684,0.75,0.048812357324706214,20.0,,1,2,1,-1
2691,0.9130434782608695,-0.3366618481003595,23.0,,3,2,2,-1
2692,0.825,-0.777355978324016,80.0,,2,1,3,-1
2694,0.5882352941176471,-0.9993929706878543,17.0,,0,0,1,-1
2698,0.7692307692307693,0.0017834795712169146,13.0,,1,2,1,-1
2708,1.0,1.6892402439822112,3.0,,3,3,0,-1
2710,0.9090909090909091,0.4873914290173455,22.0,,3,3,1,-1
2713,0.5454545454545454,-1.7929459957370337,22.0,,0,0,1,-1
2717,0.6176470588235294,-1.5182814217715852,34.0,,0,0,2,-1
2719,0.6896551724137931,-0.45746271111126113,29.0,,1,1,2,-1
2720,0.8292682926829268,0.43346891133458026,41.0,,2,3,2,-1
2721,0.75,-0.18420627023790054,12.0,,1,2,1,-1
2724,0.75,-0.3444626189950862,4.0,,1,1,0,-1
2727,0.7567567567567568,-0.06939723780290893,37.0,,1,2,2,-1
2729,0.6956521739130435,-0.5706123376637665,276.0,,1,1,3,-1
2734,0.75,-0.048904369066904325,4.0,,1,2,0,-1
2740,0.8571428571428571,0.17272459235969892,7.0,,2,2,0,-1
2742,0.9021739130434783,0.8958435767977605,92.0,,3,3,3,-1
2747,0.7341772151898734,-0.10674325023209826,79.0,,1,2,3,-1
2753,0.76,0.18781506969412173,100.0,,1,2,3,-1
2756,0.6666666666666666,-0.40230141172116507,6.0,,0,1,0,-1
2758,0.75,-0.12998576355991395,16.0,,1,2,1,-1
2760,0.8,0.08882361987695286,5.0,,2,2,0,-1
2762,0.631578947368421,-0.6933196126315504,19.0,,0,1,1,-1
2770,0.7,-0.24250243863290302,10.0,,1,2,1,-1
2775,1.0,2.8958404182552195,9.0,,3,3,0,-1
2781,0.8,-0.016214930694958753,10.0,,2,2,1,-1
2788,0.75,-0.3302414578270367,4.0,,1,2,0,-1
2795,0.7692307692307693,-0.18593299242819689,13.0,,1,2,1,-1
2798,0.3,-1.6431168770766644,20.0,,0,0,1,-1
2799,0.7777777777777778,0.059722449276687024,9.0,,2,2,0,-1
2800,0.8571428571428571,0.36231429538222165,14.0,,2,3,1,-1
2804,0.6,-1.9707063863810887,40.0,,0,0,2,-1
2805,1.0,1.6892402439822112,3.0,,3,3,0,-1
2819,1.0,3.3784804879644224,15.0,,3,3,1,-1
2822,0.5961538461538461,-1.8225575645139767,52.0,,0,0,3,-1
2824,0.9,0.7068779426684634,10.0,,3,3,1,-1
2846,0.75,-0.7789509355378396,4.0,,1,1,0,-1
2848,0.5476190476190477,-0.8656412859590866,42.0,,0,0,2,-1
2852,0.7666666666666667,-0.2892771517682125,30.0,,1,2,2,-1
2857,0.5625,-1.0956274554831058,48.0,,0,0,3,-1
2858,0.9310344827586207,1.0476923772904159,29.0,,3,3,2,-1
2861,0.8333333333333334,-0.024666037555737683,24.0,,2,2,2,-1
2877,0.8285714285714286,-0.37823590489975223,35.0,,2,1,2,-1
2888,0.7857142857142857,-0.578009251159566,154.0,,2,1,3,-1
2889,0.7575757575757576,-0.6432789445187845,132.0,,1,1,3,-1
2894,0.7142857142857143,-0.8521415018579495,154.0,,1,1,3,-1
2900,0.6178010471204188,-1.2443281038891911,191.0,,0,0,3,-1
2903,0.6764705882352942,-0.5772288012864562,34.0,,1,1,2,-1
2906,0.5405405405405406,-1.3156753729573847,37.0,,0,0,2,-1
2913,0.7638888888888888,-0.7837826707547794,144.0,,1,1,3,-1
2922,0.6415094339622641,-0.8283310202436804,53.0,,0,1,3,-1
2924,0.9444444444444444,0.014357239600612387,18.0,,3,2,1,-1
2927,0.631578947368421,-0.8867439734887411,38.0,,0,0,2,-1
2931,0.49230769230769234,-1.4266886088929867,65.0,,0,0,3,-1
2932,0.4857142857142857,-1.523371297846136,70.0,,0,0,3,-1
2937,0.5925925925925926,-1.0213571435714452,54.0,,0,0,3,-1
2939,0.64,-0.698204375784804,25.0,,0,1,2,-1
2941,0.75,-0.3037793652452897,32.0,,1,2,2,-1
2951,0.896551724137931,0.6726883893402804,29.0,,3,3,2,-1
2964,0.6829268292682927,-0.7656574147795611,41.0,,1,1,2,-1
2965,0.5517241379310345,-1.2723643562649205,58.0,,0,0,3,-1
2972,0.45569620253164556,-1.4612852350281096,79.0,,0,0,3,-1
2974,0.6,-0.7772626557648428,30.0,,0,1,2,-1
2975,0.5,-0.9411782360880124,6.0,,0,0,0,-1
2977,0.5,-1.251551727907445,48.0,,0,0,3,-1
2988,0.36363636363636365,-1.6213515858174887,110.0,,0,0,3,-1
2995,0.9230769230769231,0.7297270071250496,26.0,,3,3,2,-1
3012,0.5945945945945946,-0.9407472361778085,37.0,,0,0,2,-1
3015,0.9583333333333334,1.3179542405990896,24.0,,3,3,2,-1
3021,0.8333333333333334,0.04002199054816551,24.0,,2,2,2,-1
3027,1.0,2.8958404182552195,9.0,,3,3,0,-1
3035,0.5990783410138248,-1.6339967260190418,217.0,,0,0,3,-1
3036,0.375,-1.356962967095833,8.0,,0,0,0,-1
3040,0.9130434782608695,1.1901411857164532,23.0,,3,3,2,-1
3045,0.6666666666666666,-0.11592472986336967,36.0,,0,2,2,-1
3059,0.8823529411764706,0.7473518828948398,17.0,,3,3,1,-1
3063,0.8387096774193549,0.4557179987303889,31.0,,2,3,2,-1
3065,0.7391304347826086,-0.021203476848685582,46.0,,1,2,2,-1
3071,0.6125,-0.720866750136826,80.0,,0,1,3,-1
3072,0.5595238095238095,-0.7979378779339393,84.0,,0,1,3,-1
3076,0.5641025641025641,-0.6917149827297243,39.0,,0,1,2,-1
3081,0.7,-0.6748887823197032,10.0,,1,1,1,-1
3084,0.8333333333333334,0.0452261831327459,12.0,,2,2,1,-1
3092,0.8518518518518519,0.18383254353322062,27.0,,2,2,2,-1
3093,0.75,-0.19756089971810767,20.0,,1,2,1,-1
3108,0.9069767441860465,0.2012140895563668,43.0,,3,2,2,-1
3114,0.7407407407407407,-0.4668481530675071,54.0,,1,1,3,-1
3121,0.9302325581395349,0.4471769769890039,43.0,,3,3,2,-1
3132,0.84,0.07120492114381946,25.0,,2,2,2,-1
3134,0.5813953488372093,-1.890468727014003,86.0,,0,0,3,-1
3136,0.6451612903225806,-0.28066818861515,31.0,,0,2,2,-1
3138,0.7818181818181819,-0.6784017954780162,55.0,,2,1,3,-1
3139,0.7777777777777778,-0.022069753111822604,171.0,,2,2,3,-1
3144,0.7692307692307693,0.11409096631501862,26.0,,1,2,2,-1
3145,0.8444444444444444,-0.3091430449401519,45.0,,2,2,2,-1
3151,0.6052631578947368,-1.568567892167743,76.0,,0,0,3,-1
3166,0.7608695652173914,-0.02475607934545345,92.0,,1,2,3,-1
3168,0.7435897435897436,-0.12696845035972848,78.0,,1,2,3,-1
3170,0.8545454545454545,0.39583928330765383,55.0,,2,3,3,-1
3171,0.48214285714285715,-1.0929241072342906,56.0,,0,0,3,-1
3174,0.6666666666666666,-0.22608692378016035,9.0,,0,2,0,-1
3175,0.88,0.3420074188887142,25.0,,2,3,2,-1
3181,0.546875,-1.250853491124843,64.0,,0,0,3,-1
3188,0.7272727272727273,0.04832765462711525,22.0,,1,2,1,-1
3189,0.7021276595744681,-0.15996135379069198,47.0,,1,2,2,-1
3198,0.7142857142857143,0.005512342741503492,7.0,,1,2,0,-1
3199,0.3,-1.1761055694256597,10.0,,0,0,1,-1
3201,0.7777777777777778,0.23593828856339552,9.0,,2,2,0,-1
3207,0.6857142857142857,-0.34684657183209633,35.0,,1,1,2,-1
3211,0.6666666666666666,-0.8092892658598629,3.0,,0,1,0,-1
3213,0.7924528301886793,-0.5722704365289327,53.0,,2,1,3,-1
3214,0.8032786885245902,-0.35046746645155696,61.0,,2,1,3,-1
3215,1.0,1.6892402439822112,3.0,,3,3,0,-1
3218,0.8888888888888888,0.45028182875965483,9.0,,3,3,0,-1
3220,0.48148148148148145,-1.2600608701403941,27.0,,0,0,2,-1
3224,0.8461538461538461,0.06580282714459748,26.0,,2,2,2,-1
3237,0.6923076923076923,-0.31952404133305384,104.0,,1,2,3,-1
3239,0.22580645161290322,-1.9179934998055876,31.0,,0,0,2,-1
3244,0.6774193548387096,-0.5404007661117355,62.0,,1,1,3,-1
3247,0.696969696969697,-0.3191748951754863,33.0,,1,2,2,-1
3253,0.75,-0.17281778920082627,4.0,,1,2,0,-1
3254,0.6617647058823529,-0.7696366374522179,68.0,,0,1,3,-1
3266,0.6804123711340206,-0.5785641838955324,97.0,,1,1,3,-1
3276,0.7142857142857143,-0.4699100514936221,84.0,,1,1,3,-1
3277,0.7903225806451613,-0.23784756079764227,62.0,,2,2,3,-1
3283,0.6571428571428571,-0.8701801802160177,70.0,,0,0,3,-1
3291,0.6451612903225806,-0.8203000272734172,93.0,,0,1,3,-1
3293,0.8571428571428571,0.4268979276239369,21.0,,2,3,1,-1
3300,0.6888888888888889,-0.786951617404583,90.0,,1,1,3,-1
3302,0.6351351351351351,-0.9096193833574239,74.0,,0,0,3,-1
3319,0.7439024390243902,-0.3148524964552127,82.0,,1,2,3,-1
3340,0.7538461538461538,-0.43879653130963997,65.0,,1,1,3,-1
3341,0.5483870967741935,-1.3621200033000582,62.0,,0,0,3,-1
3366,0.72,-0.5281529606872543,25.0,,1,1,2,-1
3370,0.0975609756097561,-3.748503558321349,41.0,,0,0,2,-1
3375,0.7619047619047619,-0.849608523151267,21.0,,1,1,1,-1
3378,1.0,1.6892402439822112,3.0,,3,3,0,-1
3392,0.8,0.08092957465605388,5.0,,2,2,0,-1
3394,0.6333333333333333,-0.17279133075293102,30.0,,0,2,2,-1
3398,0.5909090909090909,-0.5828675374896279,66.0,,0,1,3,-1
3399,0.5,-1.18766561676816,14.0,,0,0,1,-1
3413,0.8260869565217391,0.037266827604243824,23.0,,2,2,2,-1
3417,0.5454545454545454,-0.5755940113144552,22.0,,0,1,1,-1
3420,0.6666666666666666,-0.3372448804957894,3.0,,0,2,0,-1
3426,0.4482758620689655,-1.9021195311989778,29.0,,0,0,2,-1
3430,0.6190476190476191,-0.9853095400028292,21.0,,0,0,1,-1
3444,0.0,-2.810759756017789,3.0,,0,0,0,-1
3459,0.7619047619047619,-0.05151508943898108,21.0,,1,2,1,-1
3466,0.7236842105263158,-0.3625884581817881,76.0,,1,1,3,-1
3470,0.8260869565217391,0.6555644623029274,23.0,,2,3,2,-1
3472,0.9259259259259259,0.170835284449666,27.0,,3,2,2,-1
3476,0.5981308411214953,-0.8281473212751068,107.0,,0,1,3,-1
3482,0.5392156862745098,-1.086706094208449,102.0,,0,0,3,-1
3485,0.6944444444444444,-0.6176689723778369,72.0,,1,1,3,-1
3487,0.75,-0.20792572188548106,8.0,,1,2,0,-1
3492,0.625,-0.3324483244136986,16.0,,0,2,1,-1
3507,0.8571428571428571,0.09276862189362692,21.0,,2,2,1,-1
3509,0.5,-1.6021763842249699,46.0,,0,0,2,-1
3514,0.7878787878787878,0.28158397781006983,33.0,,2,2,2,-1
3518,0.7931034482758621,0.2303406307916626,29.0,,2,2,2,-1
3519,0.9444444444444444,0.8941500686213473,18.0,,3,3,1,-1
3521,0.8214285714285714,0.3409906197756384,28.0,,2,3,2,-1
3522,0.6942675159235668,-1.1386872429212154,157.0,,1,0,3,-1
3527,0.8,0.1356519934153713,35.0,,2,2,2,-1
3528,0.8813559322033898,0.6708422933941229,59.0,,3,3,3,-1
3529,0.7941176470588235,0.14631403882433625,68.0,,2,2,3,-1
3531,0.7857142857142857,-0.602784909317708,42.0,,2,1,2,-1
3538,0.8571428571428571,0.17290711739400477,7.0,,2,2,0,-1
3540,0.8571428571428571,0.17290711739400477,7.0,,2,2,0,-1
3545,0.72,-0.14758757075840162,25.0,,1,2,2,-1
3546,0.9117647058823529,0.9784368826091255,34.0,,3,3,2,-1
3557,0.9090909090909091,0.8302195469683882,66.0,,3,3,3,-1
3564,0.0,-3.747679674690385,5.0,,0,0,0,-1
3576,0.819047619047619,0.14151922878729944,105.0,,2,2,3,-1
3579,0.7922077922077922,-0.24299674244419978,77.0,,2,2,3,-1
3581,0.7916666666666666,0.11296690159775245,48.0,,2,2,3,-1
3586,0.4642857142857143,-1.3699006552642086,28.0,,0,0,2,-1
3587,0.5695067264573991,-1.489578811436988,223.0,,0,0,3,-1
3590,0.45454545454545453,-0.7399435170040018,11.0,,0,1,1,-1
3599,0.6,-0.800216424000016,30.0,,0,1,2,-1
3601,0.8181818181818182,0.12185053502777717,11.0,,2,2,1,-1
3603,0.125,-2.070443654019327,8.0,,0,0,0,-1
3610,0.8846153846153846,0.8686648038254426,26.0,,3,3,2,-1
3617,0.5,-0.848617306963639,8.0,,0,1,0,-1
3626,0.7647058823529411,-0.37542877812214626,17.0,,1,1,1,-1
3634,1.0,2.8958404182552195,9.0,,3,3,0,-1
3636,0.7142857142857143,-0.2386908014613376,14.0,,1,2,1,-1
3640,0.8076923076923077,0.19064943412994045,52.0,,2,2,3,-1
3642,0.7142857142857143,-0.7125872723190924,91.0,,1,1,3,-1
3644,0.6896551724137931,-0.834884786856706,29.0,,1,1,2,-1
3649,0.7654320987654321,-0.6612340592862993,81.0,,1,1,3,-1
3653,0.8064516129032258,0.05595729528630249,31.0,,2,2,2,-1
3654,0.8888888888888888,0.5354627355231119,27.0,,3,3,2,-1
3658,0.9,0.4683820412094537,10.0,,3,3,1,-1
3670,0.5238095238095238,-0.6272542370175588,21.0,,0,1,1,-1
3671,0.34615384615384615,-1.4170420664130667,26.0,,0,0,2,-1
3674,0.7377049180327869,-0.5525055605887154,61.0,,1,1,3,-1
3678,0.4666666666666667,-0.7998254881708813,15.0,,0,1,1,-1
3680,0.7333333333333333,-0.007627645941128691,15.0,,1,2,1,-1
3683,0.48,-1.0332014210569982,25.0,,0,0,2,-1
3693,0.8823529411764706,0.850655920151117,17.0,,3,3,1,-1
3697,0.9090909090909091,0.7291713125410738,11.0,,3,3,1,-1
3712,0.7808219178082192,-0.052502615554751664,73.0,,2,2,3,-1
3714,0.8857142857142857,0.7002327966550623,35.0,,3,3,2,-1
3721,0.8166666666666667,0.056100323874999254,60.0,,2,2,3,-1
3729,0.8367346938775511,-0.24024328863883315,49.0,,2,2,3,-1
3732,0.8571428571428571,-0.11614113367608773,7.0,,2,2,0,-1
3736,0.8823529411764706,0.057054153767590265,17.0,,3,2,1,-1
3737,0.8125,-0.37314351402308094,16.0,,2,1,1,-1
3738,1.0,3.179746341613574,12.0,,3,3,1,-1
3746,0.9285714285714286,0.45469026532739204,14.0,,3,3,1,-1
3747,0.7058823529411765,-0.8137791075947384,17.0,,1,1,1,-1
3748,1.0,3.179746341613574,12.0,,3,3,1,-1
3765,0.8070175438596491,-0.39887541166938156,57.0,,2,1,3,-1
3771,0.6818181818181818,-1.4436485927087503,22.0,,1,0,1,-1
3774,0.75,-1.0385031593747627,20.0,,1,0,1,-1
3782,1.0,3.3784804879644224,15.0,,3,3,1,-1
3786,0.9047619047619048,0.8109839229509559,42.0,,3,3,2,-1
3788,0.875,0.4482798609300355,8.0,,2,3,0,-1
3789,0.8297872340425532,0.26173790866437907,47.0,,2,2,2,-1
3797,0.6966292134831461,-0.4824721745710763,89.0,,1,1,3,-1
3798,0.75,-0.8251639916946282,12.0,,1,1,1,-1
3801,1.0,2.8958404182552195,9.0,,3,3,0,-1
3811,0.627906976744186,-1.1674007860408748,43.0,,0,0,2,-1
3825,0.7692307692307693,-0.4730096433872779,13.0,,1,1,1,-1
3834,0.7391304347826086,-0.9157563276380748,23.0,,1,0,2,-1
3835,0.7283950617283951,-0.7762106688814877,81.0,,1,1,3,-1
3836,0.7346938775510204,-0.9027091886682567,49.0,,1,0,3,-1
3840,0.8108108108108109,-0.5078195635479998,37.0,,2,1,2,-1
3850,0.7692307692307693,-0.4181425485588939,78.0,,1,1,3,-1
3852,0.875,-0.2726181187277363,8.0,,2,2,0,-1
3858,0.7567567567567568,-0.4134403043810438,37.0,,1,1,2,-1
3860,0.8333333333333334,-0.34668881122782225,6.0,,2,1,0,-1
3863,0.625,-0.9955124529347412,40.0,,0,0,2,-1
3864,0.5652173913043478,-1.3819584764180435,23.0,,0,0,2,-1
3865,1.0,1.6892402439822112,3.0,,3,3,0,-1
3872,0.7916666666666666,-0.20547785648786135,24.0,,2,2,2,-1
3877,0.5945945945945946,-1.6397570460176212,37.0,,0,0,2,-1
3878,0.7142857142857143,-0.7797370545337464,21.0,,1,1,1,-1
3889,0.7391304347826086,-0.5673926922185206,23.0,,1,1,2,-1
3890,0.8461538461538461,-0.05861049821622693,13.0,,2,2,1,-1
3891,0.6881720430107527,-1.0991324672637528,93.0,,1,0,3,-1
3893,0.7317073170731707,-0.8869361781457945,41.0,,1,0,2,-1
3894,0.71875,-1.0546759771822256,32.0,,1,0,2,-1
3895,0.7368421052631579,-0.6781480909321852,19.0,,1,1,1,-1
3899,0.6610169491525424,-1.3681504265670967,118.0,,0,0,3,-1
3904,0.6027397260273972,-1.8442872505518009,73.0,,0,0,3,-1
3913,0.7142857142857143,-0.45823439650580944,35.0,,1,1,2,-1
3914,0.6976744186046512,-0.4149299195048093,43.0,,1,1,2,-1
3928,0.8888888888888888,0.29186173195069043,9.0,,3,3,0,-1
3934,0.7608695652173914,0.014464005436367184,46.0,,1,2,2,-1
3938,0.7857142857142857,-0.23193430047093505,28.0,,2,2,2,-1
3944,0.875,-0.020407657514030945,16.0,,2,2,1,-1
3946,0.9743589743589743,1.1906092710270035,39.0,,3,3,2,-1
3951,0.8823529411764706,0.6469251191121066,34.0,,3,3,2,-1
3958,0.75,-0.3012037406766516,48.0,,1,2,3,-1
3963,0.875,0.8204603449822729,96.0,,2,3,3,-1
3968,0.75,0.08077856632405082,4.0,,1,2,0,-1
3972,0.8333333333333334,0.37776948769201446,6.0,,2,3,0,-1
3973,1.0,1.6892402439822112,3.0,,3,3,0,-1
3974,1.0,1.6892402439822112,3.0,,3,3,0,-1
3976,0.65,-1.1016540108896835,20.0,,0,0,1,-1
3988,0.7222222222222222,-1.0550064406398096,18.0,,1,0,1,-1
3991,0.6451612903225806,-0.24885428730032022,31.0,,0,2,2,-1
3992,0.6031746031746031,-1.0615290212327089,63.0,,0,0,3,-1
3994,0.8,-0.14960565200666204,10.0,,2,2,1,-1
3997,1.0,1.6892402439822112,3.0,,3,3,0,-1
3999,0.8947368421052632,0.24564618915161565,19.0,,3,2,1,-1
4000,0.6382978723404256,-0.9116959212270712,47.0,,0,0,2,-1
4002,0.5,-1.184522066166997,32.0,,0,0,2,-1
4007,0.9230769230769231,0.58122724997668,13.0,,3,3,1,-1
4010,0.47058823529411764,-1.4181792988980648,17.0,,0,0,1,-1
4026,0.851063829787234,-0.35200527045827,47.0,,2,1,2,-1
4027,0.7363636363636363,-0.6541353229735232,110.0,,1,1,3,-1
4029,0.8181818181818182,-0.6533438027578792,77.0,,2,1,3,-1
4036,0.875,0.3255473148281433,16.0,,2,3,1,-1
4040,0.5909090909090909,-2.090277066864245,44.0,,0,0,2,-1
4045,0.6666666666666666,-0.3829076772851989,15.0,,0,1,1,-1
4046,0.75,-0.25276604727149954,4.0,,1,2,0,-1
4051,0.7857142857142857,0.08159053085457262,14.0,,2,2,1,-1
4053,1.0,1.6892402439822112,3.0,,3,3,0,-1
4056,0.9230769230769231,0.40840391168749907,26.0,,3,3,2,-1
4059,0.6956521739130435,-1.068641586302539,23.0,,1,0,2,-1
4068,0.6,-0.2556976997409858,5.0,,0,2,0,-1
4069,1.0,1.6892402439822112,3.0,,3,3,0,-1
4072,1.0,1.6892402439822112,3.0,,3,3,0,-1
4073,0.6333333333333333,-1.398533152969738,30.0,,0,0,2,-1
4078,1.0,1.6892402439822112,3.0,,3,3,0,-1
4080,0.8,-0.28965745634107115,15.0,,2,2,1,-1
4084,0.7894736842105263,-0.31660599563200303,19.0,,2,2,1,-1
4086,0.6764705882352942,-1.1096320375488387,34.0,,1,0,2,-1
4090,0.8235294117647058,-0.3321292562727206,17.0,,2,2,1,-1
4091,0.6060606060606061,-0.8364220007896375,33.0,,0,1,2,-1
4108,0.7777777777777778,0.006289698982507004,18.0,,2,2,1,-1
4110,0.6326530612244898,-1.2628886418331826,49.0,,0,0,3,-1
4117,0.9298245614035088,0.6306577499950651,57.0,,3,3,3,-1
4133,0.6666666666666666,-1.0063838435153782,15.0,,0,0,1,-1
4134,0.43283582089552236,-2.1461389437716596,67.0,,0,0,3,-1
4136,0.6052631578947368,-1.4711305942368011,76.0,,0,0,3,-1
4137,0.6944444444444444,-0.8804382235674618,36.0,,1,0,2,-1
4152,0.7368421052631579,-0.16850918346532484,19.0,,1,2,1,-1
4159,0.7916666666666666,0.2258205262329965,24.0,,2,2,2,-1
4161,0.7903225806451613,-0.8678857578641868,62.0,,2,0,3,-1
4163,0.78125,-0.23531995826501437,32.0,,2,2,2,-1
4164,0.875,0.08744201994620777,24.0,,2,2,2,-1
4175,0.9,0.3858139656279539,10.0,,3,3,1,-1
4176,0.43478260869565216,-1.8083600164102722,23.0,,0,0,2,-1
4177,0.6818181818181818,-0.6514876132516484,22.0,,1,1,1,-1
4187,0.6923076923076923,-0.8692306223349776,13.0,,1,0,1,-1
4197,0.5555555555555556,-1.3710184832166146,18.0,,0,0,1,-1
4199,0.691358024691358,-0.7853803679620602,81.0,,1,1,3,-1
4204,1.0,1.6892402439822112,3.0,,3,3,0,-1
4212,1.0,3.0030937670794864,10.0,,3,3,1,-1
4213,0.8888888888888888,0.04909871040422393,18.0,,3,2,1,-1
4214,0.6285714285714286,-1.3135964908343238,35.0,,0,0,2,-1
4222,0.9,0.5304552622170068,10.0,,3,3,1,-1
4223,0.6666666666666666,-0.45539645939591883,9.0,,0,1,0,-1
4224,0.75,-0.21829298889420043,4.0,,1,2,0,-1
4226,0.8333333333333334,0.11339794453093242,6.0,,2,2,0,-1
4230,1.0,2.4570767185195797,6.0,,3,3,0,-1
4232,0.6363636363636364,-0.8180393415799074,22.0,,0,1,1,-1
4233,1.0,2.4570767185195797,6.0,,3,3,0,-1
4234,0.8571428571428571,0.14369932728459955,7.0,,2,2,0,-1
4236,0.8181818181818182,-0.04487073756906221,11.0,,2,2,1,-1
4237,0.8695652173913043,0.3049406424308277,23.0,,2,3,2,-1
4242,0.7777777777777778,-0.6321269064478902,18.0,,2,1,1,-1
4247,0.6896551724137931,-0.8466672742653948,29.0,,1,1,2,-1
4248,0.6744186046511628,-1.4332961172660206,43.0,,1,0,2,-1
4254,0.6363636363636364,-1.303296770622108,11.0,,0,0,1,-1
4266,0.8533333333333334,-0.27273775715393445,75.0,,2,2,3,-1
4273,0.7016129032258065,-0.37904756369054876,124.0,,1,1,3,-1
4275,0.36363636363636365,-1.368341935791501,11.0,,0,0,1,-1
4278,0.0,-3.3312708219470086,4.0,,0,0,0,-1
4281,0.7692307692307693,-0.6082113373582142,13.0,,1,1,1,-1
4292,0.6,-0.7834390986990529,5.0,,0,1,0,-1
4296,0.75,-0.9850663522094469,24.0,,1,0,2,-1
4312,1.0,1.6892402439822112,3.0,,3,3,0,-1
4314,0.6875,-0.6105250668326287,16.0,,1,1,1,-1
4315,0.5882352941176471,-0.9260866575181493,17.0,,0,0,1,-1
4330,0.7241379310344828,0.0005745531496469338,58.0,,1,2,3,-1
4332,0.6129032258064516,-1.4225957992490936,31.0,,0,0,2,-1
4340,0.875,-0.07868511108925481,16.0,,2,2,1,-1
4348,0.6923076923076923,-0.7137271672952462,26.0,,1,1,2,-1
4352,0.9444444444444444,0.9041362132359999,18.0,,3,3,1,-1
4353,1.0,2.4570767185195797,6.0,,3,3,0,-1
4356,0.6666666666666666,-0.5764013542676548,9.0,,0,1,0,-1
4366,0.6966292134831461,-0.8851871573981891,89.0,,1,0,3,-1
4367,0.9423076923076923,1.0331971686156929,52.0,,3,3,3,-1
4371,1.0,1.6892402439822112,3.0,,3,3,0,-1
4379,1.0,1.6892402439822112,3.0,,3,3,0,-1
4388,0.6904761904761905,-1.1497053065243044,42.0,,1,0,2,-1
4390,0.9795918367346939,1.9383709819634385,49.0,,3,3,3,-1
4395,0.6363636363636364,-1.0361439759835223,22.0,,0,0,1,-1
4402,0.6666666666666666,-0.816173298247622,90.0,,0,1,3,-1
4406,0.7659574468085106,-0.7270643860686115,47.0,,1,1,2,-1
4417,0.5841584158415841,-1.0038370685752558,101.0,,0,0,3,-1
4418,0.75,-0.4354834896679614,80.0,,1,1,3,-1
4419,0.75,-0.43463236568457325,4.0,,1,1,0,-1
4424,0.8840579710144928,0.26247419423976,69.0,,3,2,3,-1
4432,0.7313432835820896,-0.7202883832917476,67.0,,1,1,3,-1
4435,1.0,1.6892402439822112,3.0,,3,3,0,-1
4437,0.8333333333333334,-0.17411786344847135,6.0,,2,2,0,-1
4438,0.6086956521739131,-0.6807054622014657,23.0,,0,1,2,-1
4444,0.9230769230769231,0.8777899072810232,13.0,,3,3,1,-1
4448,0.75,-0.4039350611660579,8.0,,1,1,0,-1
4454,0.7241379310344828,-0.321427235762613,29.0,,1,2,2,-1
4456,0.7888198757763976,-0.12234129993012588,161.0,,2,2,3,-1
4457,0.8015873015873016,-0.13071028105676222,126.0,,2,2,3,-1
4458,0.9772727272727273,2.1817000137816343,88.0,,3,3,3,-1
4468,0.7017543859649122,-1.4044456903200415,57.0,,1,0,3,-1
4475,0.6240601503759399,-0.759071596133752,133.0,,0,1,3,-1
4477,0.759493670886076,0.0563683969910967,79.0,,1,2,3,-1
4483,0.8536585365853658,0.1918750677954753,41.0,,2,2,2,-1
4493,0.7857142857142857,-0.6795432067487955,42.0,,2,1,2,-1
4497,0.625,-1.0705242412353362,16.0,,0,0,1,-1
4498,0.7857142857142857,-0.9855887096757421,56.0,,2,0,3,-1
4502,0.7560975609756098,-0.912508417945254,41.0,,1,0,2,-1
4504,0.6666666666666666,-1.6770439968768036,12.0,,0,0,1,-1
4513,0.7647058823529411,0.2038871062791346,17.0,,1,2,1,-1
4518,0.8571428571428571,-0.002373703234544481,70.0,,2,2,3,-1
4521,0.96,2.05376649971789,25.0,,3,3,2,-1
4522,0.9130434782608695,1.0895222766371646,23.0,,3,3,2,-1
4524,0.5333333333333333,-0.4823667919040786,15.0,,0,1,1,-1
4525,0.6428571428571429,-0.3430210901781556,14.0,,0,1,1,-1
4526,0.8333333333333334,-0.3599480554930293,6.0,,2,1,0,-1
4530,0.7654320987654321,-0.4315053118013542,81.0,,1,1,3,-1
4533,1.0,1.6892402439822112,3.0,,3,3,0,-1
4544,0.6046511627906976,-1.0223099339481245,43.0,,0,0,2,-1
4546,1.0,1.6892402439822112,3.0,,3,3,0,-1
4550,0.6545454545454545,-0.7939886401616747,55.0,,0,1,3,-1
4559,0.64,-1.0075688409567805,25.0,,0,0,2,-1
4563,0.7,-0.6822940852326583,120.0,,1,1,3,-1
4566,0.7333333333333333,-0.5685597200541513,105.0,,1,1,3,-1
4570,0.6470588235294118,-0.6776829209622669,17.0,,0,1,1,-1
4581,0.9574468085106383,1.1470512162827005,47.0,,3,3,2,-1
4597,1.0,2.8958404182552195,9.0,,3,3,0,-1
4598,1.0,2.8958404182552195,9.0,,3,3,0,-1
4600,0.8666666666666667,0.39741115956179884,15.0,,2,3,1,-1
4615,0.5737704918032787,-1.3478934436908112,61.0,,0,0,3,-1
4626,0.5,-1.2137156882557918,6.0,,0,0,0,-1
4632,0.75,-0.4790587367541886,100.0,,1,1,3,-1
4637,0.8571428571428571,0.07201933967519303,14.0,,2,2,1,-1
4640,0.75,-0.6508557986956268,8.0,,1,1,0,-1
4642,0.8333333333333334,-0.2982627561137959,6.0,,2,2,0,-1
4646,0.8947368421052632,-0.032380051227056506,19.0,,3,2,1,-1
4647,1.0,1.6892402439822112,3.0,,3,3,0,-1
4649,0.5267857142857143,-1.0724323347056304,112.0,,0,0,3,-1
4654,0.72,-0.42854661758609314,50.0,,1,1,3,-1
4662,0.6888888888888889,-0.6732048594992416,90.0,,1,1,3,-1
4669,0.6785714285714286,-1.3559118549533022,252.0,,1,0,3,-1
4672,0.6973684210526315,-0.709563844278115,152.0,,1,1,3,-1
4675,0.6153846153846154,-1.0170225708947709,13.0,,0,0,1,-1
4684,0.6764705882352942,-0.4319492157852652,34.0,,1,1,2,-1
4694,1.0,2.4570767185195797,6.0,,3,3,0,-1
4695,0.8208955223880597,-0.40095387753821854,67.0,,2,1,3,-1
4696,1.0,1.6892402439822112,3.0,,3,3,0,-1
4698,0.7441860465116279,-0.36879370527018085,43.0,,1,1,2,-1
4704,0.8214285714285714,-0.09416481386857231,56.0,,2,2,3,-1
4707,0.726027397260274,-0.7837057879170979,146.0,,1,1,3,-1
4709,0.8,-0.1323930552751567,105.0,,2,2,3,-1
4712,0.8571428571428571,-0.06368472509913067,14.0,,2,2,1,-1
4717,0.7956989247311828,-0.21805742939552927,93.0,,2,2,3,-1
4729,0.7777777777777778,-0.40205942143156875,9.0,,2,1,0,-1
4733,0.9714285714285714,1.9906366627379595,35.0,,3,3,2,-1
4734,0.6666666666666666,-0.4443905808983002,3.0,,0,1,0,-1
4737,0.8666666666666667,0.4945486471476939,45.0,,2,3,2,-1
4744,0.746031746031746,-0.8361455595259684,189.0,,1,1,3,-1
4750,0.7989130434782609,-0.6265667832732912,184.0,,2,1,3,-1
4758,0.8695652173913043,-0.6203871255338669,46.0,,2,1,2,-1
4760,0.8888888888888888,0.4514793682332,27.0,,3,3,2,-1
4764,0.6666666666666666,-0.7618124245382473,9.0,,0,1,0,-1
4765,0.7922077922077922,-0.4054794468132568,77.0,,2,1,3,-1
4768,0.8333333333333334,-0.6773530828882599,6.0,,2,1,0,-1
4786,0.9666666666666667,1.4935079875277912,30.0,,3,3,2,-1
4789,0.6417910447761194,-1.3791042228450807,67.0,,0,0,3,-1
4791,0.9714285714285714,1.7022850899439301,35.0,,3,3,2,-1
4794,0.6764705882352942,-0.11368148464701654,34.0,,1,2,2,-1
4800,0.8333333333333334,0.4516245617851213,84.0,,2,3,3,-1
4801,0.8333333333333334,-0.6446278212511761,30.0,,2,1,2,-1
4805,0.62,-1.4680819116648964,50.0,,0,0,3,-1
4806,0.4642857142857143,-1.1061077781341504,28.0,,0,0,2,-1
4808,0.648936170212766,-0.7025134843590438,94.0,,0,1,3,-1
4810,0.5855130784708249,-0.7799615744413094,497.0,,0,1,3,-1
4817,0.7485714285714286,0.01948704086653495,175.0,,1,2,3,-1
4822,0.52,-1.1585605734655349,25.0,,0,0,2,-1
4835,0.6756756756756757,-0.32802859355999897,37.0,,1,2,2,-1
4840,0.7586206896551724,-0.009008545337777918,29.0,,1,2,2,-1
4846,0.9,0.24464508828984158,10.0,,3,2,1,-1
4862,0.8412698412698413,0.48794892597317996,126.0,,2,3,3,-1
4873,0.8313253012048193,0.5230569939073213,83.0,,2,3,3,-1
4877,0.7850877192982456,0.35086354518420826,228.0,,2,3,3,-1
4881,0.8,0.2828077320065709,120.0,,2,2,3,-1
4882,0.9230769230769231,0.38780638701508585,13.0,,3,3,1,-1
4887,0.625,-1.9422052758953228,40.0,,0,0,2,-1
4891,0.7171717171717171,-0.029112002360051757,99.0,,1,2,3,-1
4893,0.8222222222222222,0.24301452768034734,45.0,,2,2,2,-1
4895,1.0,2.8958404182552195,9.0,,3,3,0,-1
4900,0.6176470588235294,-0.7715296857842713,34.0,,0,1,2,-1
4903,0.8125,0.33331117441183533,16.0,,2,3,1,-1
4905,1.0,3.179746341613574,12.0,,3,3,1,-1
4907,0.5746606334841629,-1.0579342960795506,221.0,,0,0,3,-1
4911,0.3333333333333333,-0.9813551959456069,3.0,,0,0,0,-1
4914,0.5882352941176471,-0.978774279845875,17.0,,0,0,1,-1
4927,0.6923076923076923,-0.7122606868628513,13.0,,1,1,1,-1
4928,0.45918367346938777,-2.032437466273187,98.0,,0,0,3,-1
4929,0.8703703703703703,-0.36209444217242204,54.0,,2,1,3,-1
4935,0.6802973977695167,-0.20565107156634013,269.0,,1,2,3,-1
4939,0.8380952380952381,0.46300510869687694,105.0,,2,3,3,-1
4945,1.0,1.6892402439822112,3.0,,3,3,0,-1
4946,0.8235294117647058,0.3112705593629874,85.0,,2,3,3,-1
4948,0.755868544600939,0.1726919264500964,213.0,,1,2,3,-1
4952,0.6466666666666666,-0.7796735571630001,150.0,,0,1,3,-1
4960,0.7142857142857143,-1.101383589539006,21.0,,1,0,1,-1
4961,0.6666666666666666,-1.298883424267958,9.0,,0,0,0,-1
4974,0.8987341772151899,0.879680490400234,79.0,,3,3,3,-1
4975,0.84251968503937,0.6384532924764801,127.0,,2,3,3,-1
4978,0.8625,0.6890940739019314,160.0,,2,3,3,-1
4981,0.7,-0.33434900670861545,10.0,,1,2,1,-1
4983,0.7864077669902912,0.2781660410743818,103.0,,2,2,3,-1
4987,0.803921568627451,0.1408057317031513,102.0,,2,2,3,-1
4993,0.8181818181818182,0.45994066002428674,66.0,,2,3,3,-1
5002,0.5,-0.9222473328850058,6.0,,0,0,0,-1
5005,0.8666666666666667,-0.0791007865162226,15.0,,2,2,1,-1
5009,0.647887323943662,-1.3008012695792706,71.0,,0,0,3,-1
5010,0.8695652173913043,-0.497517122505759,23.0,,2,1,2,-1
5025,0.6948356807511737,-0.2735174505828276,213.0,,1,2,3,-1
5030,0.6,-0.5849477960129286,5.0,,0,1,0,-1
5033,0.9565217391304348,0.7559544343553459,46.0,,3,3,2,-1
5041,0.8571428571428571,-0.12662604878576933,7.0,,2,2,0,-1
5059,0.6857142857142857,-1.2081079804766761,35.0,,1,0,2,-1
5060,1.0,1.6892402439822112,3.0,,3,3,0,-1
5064,0.6923076923076923,-1.6115766476769513,13.0,,1,0,1,-1
5066,0.7887323943661971,-0.07867756497065212,71.0,,2,2,3,-1
5083,0.8571428571428571,0.5104769179016717,84.0,,2,3,3,-1
5087,0.6521739130434783,-0.37562414427584023,23.0,,0,1,2,-1
5107,1.0,1.6892402439822112,3.0,,3,3,0,-1
5114,0.5079365079365079,-1.188412721483926,63.0,,0,0,3,-1
5118,0.6180904522613065,-1.019568028263034,199.0,,0,0,3,-1
5122,0.7016129032258065,-0.8741316038079162,124.0,,1,0,3,-1
5125,0.7777777777777778,0.021921902850569913,54.0,,2,2,3,-1
5129,0.782608695652174,-1.1983801981729778,23.0,,2,0,2,-1
5134,0.25,-1.4860650337820391,4.0,,0,0,0,-1
5139,0.5,-1.39651856339327,8.0,,0,0,0,-1
5144,0.8,-0.4415241590800229,5.0,,2,1,0,-1
5146,1.0,1.6892402439822112,3.0,,3,3,0,-1
5152,0.8292682926829268,-0.6525207440744579,41.0,,2,1,2,-1
5154,0.7846153846153846,-0.8590019431624107,65.0,,2,1,3,-1
5157,0.7840909090909091,-0.6119459708422048,88.0,,2,1,3,-1
5163,0.7611940298507462,-1.1035230483043668,67.0,,1,0,3,-1
5164,0.7727272727272727,-0.9700640709270485,44.0,,2,0,2,-1
5166,0.875,0.2902935741926613,8.0,,2,3,0,-1
5172,0.6666666666666666,-0.4198478274836916,9.0,,0,1,0,-1
5174,0.6428571428571429,-0.6435530308212416,14.0,,0,1,1,-1
5176,1.0,2.4570767185195797,6.0,,3,3,0,-1
5177,0.7692307692307693,-0.19608599324127582,13.0,,1,2,1,-1
5184,0.684931506849315,-1.0403241088351967,73.0,,1,0,3,-1
5187,0.8823529411764706,-0.3225009231877818,17.0,,3,2,1,-1
5188,0.8,-0.673857376252029,10.0,,2,1,1,-1
5189,0.3181818181818182,-2.926831770480139,22.0,,0,0,1,-1
5208,0.8205128205128205,0.4324849096520887,117.0,,2,3,3,-1
5209,1.0,1.6892402439822112,3.0,,3,3,0,-1
5218,0.7209302325581395,-1.4416957557802688,43.0,,1,0,2,-1
5219,0.8387096774193549,-0.6928871652769845,31.0,,2,1,2,-1
5227,0.8571428571428571,0.23966194967960483,7.0,,2,2,0,-1
5229,0.8571428571428571,0.23966194967960483,7.0,,2,2,0,-1
5233,0.8888888888888888,0.47791101648245593,9.0,,3,3,0,-1
5236,0.875,0.3633797555210253,8.0,,2,3,0,-1
5246,0.782608695652174,-0.03327494566449049,207.0,,2,2,3,-1
5256,0.9,-0.45667486961626236,10.0,,3,1,1,-1
5258,0.782608695652174,-0.002123069575291427,23.0,,2,2,2,-1
5261,0.8666666666666667,0.13190837358259028,15.0,,2,2,1,-1
5268,1.0,1.6892402439822112,3.0,,3,3,0,-1
5272,0.8888888888888888,-0.10645233907365613,9.0,,3,2,0,-1
5285,0.3888888888888889,-3.009190330066144,54.0,,0,0,3,-1
5291,0.7865168539325843,-0.33205933612833965,89.0,,2,2,3,-1
5298,1.0,3.179746341613574,12.0,,3,3,1,-1
5310,0.90625,0.2456901374874655,32.0,,3,2,2,-1
5311,0.3333333333333333,-0.8560945019767983,3.0,,0,1,0,-1
5312,0.6190476190476191,-1.5059134352922598,21.0,,0,0,1,-1
5313,1.0,2.8958404182552195,9.0,,3,3,0,-1
5316,0.9230769230769231,-0.04786584989810558,13.0,,3,2,1,-1
5319,0.5882352941176471,-1.3933409519657909,17.0,,0,0,1,-1
5321,0.55,-1.167923602036627,40.0,,0,0,2,-1
5324,1.0,1.6892402439822112,3.0,,3,3,0,-1
5331,0.6,-0.4867690100948782,5.0,,0,1,0,-1
5332,0.25,-1.1011624004096388,4.0,,0,0,0,-1
5345,0.6521739130434783,-1.5919440514775764,23.0,,0,0,2,-1
5347,0.25,-1.73222490943355,4.0,,0,0,0,-1
5348,0.8333333333333334,-0.6720418427219373,24.0,,2,1,2,-1
5354,0.7142857142857143,-0.7751002750609506,7.0,,1,1,0,-1
5358,0.6774193548387096,-0.33666569144070435,31.0,,1,2,2,-1
5365,0.6666666666666666,-0.5389095949107352,24.0,,0,1,2,-1
5375,0.8235294117647058,-0.5136245383096789,17.0,,2,1,1,-1
5378,0.7894736842105263,-0.8766826795334264,19.0,,2,0,1,-1
5379,0.9166666666666666,-0.2105062994765621,12.0,,3,2,1,-1
5384,0.7368421052631579,-1.0660508510591549,19.0,,1,0,1,-1
5414,0.5681818181818182,-1.4360309876000066,44.0,,0,0,2,-1
5415,1.0,1.6892402439822112,3.0,,3,3,0,-1
5417,1.0,2.4570767185195797,6.0,,3,3,0,-1
5418,0.75,0.0018379547393185302,8.0,,1,2,0,-1
5426,0.5714285714285714,-0.9548734373379304,42.0,,0,0,2,-1
5432,0.7,-0.14226533892925836,10.0,,1,2,1,-1
5435,0.6122448979591837,-0.4429332835019762,49.0,,0,1,3,-1
5436,0.7105263157894737,-0.3556823899264932,38.0,,1,1,2,-1
5440,0.4583333333333333,-1.325946753652042,24.0,,0,0,2,-1
5442,0.6,-0.22920084726991102,10.0,,0,2,1,-1
5450,0.75,-0.4700625212162662,4.0,,1,1,0,-1
5456,0.7142857142857143,-0.26991556763227775,7.0,,1,2,0,-1
5457,0.0,-3.3312708219470086,4.0,,0,0,0,-1
5460,1.0,1.6892402439822112,3.0,,3,3,0,-1
5462,0.75,-0.12461815393426927,4.0,,1,2,0,-1
5465,1.0,1.6892402439822112,3.0,,3,3,0,-1
5467,1.0,1.6892402439822112,3.0,,3,3,0,-1
5476,1.0,1.6892402439822112,3.0,,3,3,0,-1
5480,0.6756756756756757,-1.3731083156832382,37.0,,1,0,2,-1
5483,0.5,-1.5822063581087944,10.0,,0,0,1,-1
5484,0.5666666666666667,-0.8384358707801732,30.0,,0,1,2,-1
5492,0.6511627906976745,-0.2845422877834599,43.0,,0,2,2,-1
5496,0.5573770491803278,-0.7562221662356772,61.0,,0,1,3,-1
5497,0.7272727272727273,-0.15591852991987132,33.0,,1,2,2,-1
5503,0.7222222222222222,-0.8885569149717373,18.0,,1,0,1,-1
5508,0.7209302325581395,-0.05949885001665098,43.0,,1,2,2,-1
5511,0.7027027027027027,-0.4628379429683043,37.0,,1,1,2,-1
5522,0.7777777777777778,-0.3989472741379658,27.0,,2,1,2,-1
5530,0.8888888888888888,-0.04937877400469834,9.0,,3,2,0,-1
5544,0.7297297297297297,-1.074789898194035,296.0,,1,0,3,-1
5547,0.25,-1.4860650337820391,4.0,,0,0,0,-1
5555,0.5571428571428572,-1.4717860913030223,70.0,,0,0,3,-1
5556,0.6190476190476191,-1.0261616556369941,21.0,,0,0,1,-1
5564,0.65625,-1.0871901567991409,128.0,,0,0,3,-1
5569,0.5,-0.7437828355984194,8.0,,0,1,0,-1
5570,0.5,-0.5371764923291817,4.0,,0,1,0,-1
5572,0.75,-0.048904369066904325,4.0,,1,2,0,-1
5573,0.6,-0.40159100211402,5.0,,0,1,0,-1
5583,0.8,-0.4800387242706582,35.0,,2,1,2,-1
5584,0.9090909090909091,0.25092334168277364,11.0,,3,2,1,-1
5592,0.8,-0.27830985672313313,25.0,,2,2,2,-1
5597,0.825,-0.11462255365198161,40.0,,2,2,2,-1
5607,1.0,2.4570767185195797,6.0,,3,3,0,-1
5612,0.7878787878787878,-0.569357259003874,33.0,,2,1,2,-1
5613,0.9090909090909091,-0.05888679996585457,11.0,,3,2,1,-1
5615,1.0,3.179746341613574,12.0,,3,3,1,-1
5624,0.75,-0.048904369066904325,4.0,,1,2,0,-1
5626,0.5555555555555556,-0.6335380022639495,9.0,,0,1,0,-1
5629,0.7142857142857143,-0.1705412249924999,7.0,,1,2,0,-1
5637,1.0,1.6892402439822112,3.0,,3,3,0,-1
5638,0.625,-0.4294286090918192,8.0,,0,1,0,-1
5643,0.5833333333333334,-0.6156528529833635,12.0,,0,1,1,-1
5645,0.8333333333333334,-0.2623731485582681,18.0,,2,2,1,-1
5646,0.8823529411764706,-0.15983730361407592,17.0,,3,2,1,-1
5651,0.75,-0.6494838074499333,32.0,,1,1,2,-1
5664,0.7678571428571429,-0.5006839036719569,56.0,,1,1,3,-1
5675,0.8571428571428571,-0.2644101823496606,7.0,,2,2,0,-1
5687,0.8387096774193549,0.07441584165659555,93.0,,2,2,3,-1
5689,0.8245614035087719,0.3315621844896533,57.0,,2,3,3,-1
5696,0.9047619047619048,0.061562879363666445,21.0,,3,2,1,-1
5701,0.7083333333333334,-0.0914085628788504,24.0,,1,2,2,-1
5708,0.6153846153846154,-0.08610636064133204,13.0,,0,2,1,-1
5709,0.55,-0.30034133470050617,20.0,,0,2,1,-1
5713,0.75,0.3175664564582027,8.0,,1,3,0,-1
5724,0.6666666666666666,-0.7073432827219943,54.0,,0,1,3,-1
5731,0.7142857142857143,-0.6400723918315169,14.0,,1,1,1,-1
5735,0.525,-1.0442581805098954,40.0,,0,0,2,-1
5736,0.6521739130434783,-0.5930346426062575,23.0,,0,1,2,-1
5737,0.8181818181818182,-0.07330514756483553,22.0,,2,2,1,-1
5742,1.0,1.6892402439822112,3.0,,3,3,0,-1
5748,0.9411764705882353,0.6346178044972324,17.0,,3,3,1,-1
5750,0.7647058823529411,-0.5842651051890764,17.0,,1,1,1,-1
5761,0.8888888888888888,0.30222706677654304,9.0,,3,3,0,-1
5762,0.9230769230769231,0.42627283562428264,13.0,,3,3,1,-1
5767,0.9375,0.8678560330735866,16.0,,3,3,1,-1
5770,0.875,0.19488070638679622,8.0,,2,2,0,-1
5772,0.8461538461538461,-0.3747995467562323,13.0,,2,1,1,-1
5775,0.8541666666666666,0.02337956861673779,48.0,,2,2,3,-1
5783,0.875,0.23419721151760578,16.0,,2,2,1,-1
5791,0.6428571428571429,-0.01273622867829826,14.0,,0,2,1,-1
5807,0.75,0.3292506169216117,8.0,,1,3,0,-1
5813,0.5,-0.4703416745953646,18.0,,0,1,1,-1
5834,0.8571428571428571,-0.6387136155326105,14.0,,2,1,1,-1
5838,0.8085106382978723,-0.4141504944091101,94.0,,2,1,3,-1
5839,0.8666666666666667,0.09438203645664811,15.0,,2,2,1,-1
5841,0.8333333333333334,-0.04132184020239512,18.0,,2,2,1,-1
5853,0.8333333333333334,-0.7983177693614966,12.0,,2,1,1,-1
5860,0.8055555555555556,-0.5547254606454413,36.0,,2,1,2,-1
5868,0.8181818181818182,-0.8472402273916774,11.0,,2,1,1,-1
5869,0.6521739130434783,-1.5597662853447924,23.0,,0,0,2,-1
5872,0.6875,-1.3781958490044453,16.0,,1,0,1,-1
5873,0.6666666666666666,-1.2958144193056842,9.0,,0,0,0,-1
5875,0.5652173913043478,-0.7378265709563485,46.0,,0,1,2,-1
5894,0.9166666666666666,0.036247749941915784,12.0,,3,2,1,-1
5899,0.5333333333333333,-2.0763883903089564,15.0,,0,0,1,-1
5900,0.75,-1.207786776489994,20.0,,1,0,1,-1
5901,0.9333333333333333,0.3987814080852107,15.0,,3,3,1,-1
5903,0.7307692307692307,-0.7519935864683761,26.0,,1,1,2,-1
5909,0.75,-0.7054903222544024,8.0,,1,1,0,-1
5915,1.0,3.179746341613574,12.0,,3,3,1,-1
5926,0.7051282051282052,-0.3604828982825967,78.0,,1,1,3,-1
5928,0.6410256410256411,-1.1404301073726058,39.0,,0,0,2,-1
5929,0.7777777777777778,-1.1937248030530774,18.0,,2,0,1,-1
5930,0.9523809523809523,0.8916239341022614,21.0,,3,3,1,-1
5951,0.75,-0.4638244811022406,16.0,,1,1,1,-1
5953,0.9230769230769231,0.5668886137065994,13.0,,3,3,1,-1
5962,0.9411764705882353,0.8802085441584327,17.0,,3,3,1,-1
5964,0.8888888888888888,0.3114311865160622,18.0,,3,3,1,-1
5967,0.8113207547169812,0.14933650404802704,53.0,,2,2,3,-1
5982,0.8,-1.0050396910589463,30.0,,2,0,2,-1
5983,0.8,-1.1452150418722469,20.0,,2,0,1,-1
5984,0.8421052631578947,-0.06972285241192419,19.0,,2,2,1,-1
5993,0.7931034482758621,-0.7729793315033682,29.0,,2,1,2,-1
6005,0.703125,-0.787553153207238,64.0,,1,1,3,-1
6007,0.6607142857142857,-0.9246002640141123,56.0,,0,0,3,-1
6017,0.8089887640449438,0.29859947792751274,89.0,,2,3,3,-1
6021,0.7894736842105263,-0.13332462395994793,152.0,,2,2,3,-1
6029,0.7542372881355932,-0.432692287979987,118.0,,1,1,3,-1
6032,0.8,0.046056579767293195,145.0,,2,2,3,-1
6036,0.5,-1.3259248894728755,42.0,,0,0,2,-1
6037,0.68,-0.5325867718972231,150.0,,1,1,3,-1
6051,0.7927927927927928,0.07050015159682523,111.0,,2,2,3,-1
6054,0.7035398230088495,-0.6772056095795781,226.0,,1,1,3,-1
6055,0.7439613526570048,-0.3528653834996104,207.0,,1,1,3,-1
6056,0.7298387096774194,-0.35964240291479205,248.0,,1,1,3,-1
6057,0.7037037037037037,-0.8032865118626024,81.0,,1,1,3,-1
6062,0.6292517006802721,-1.0093725132108045,294.0,,0,0,3,-1
6065,0.8666666666666667,0.16317168688037736,15.0,,2,2,1,-1
6071,0.6363636363636364,-0.8860974454701586,22.0,,0,0,1,-1
6075,0.8235294117647058,-0.07438004193609606,17.0,,2,2,1,-1
6081,1.0,1.6892402439822112,3.0,,3,3,0,-1
6083,0.9230769230769231,0.5752254979745899,13.0,,3,3,1,-1
6088,0.7586206896551724,-0.28626439824088273,29.0,,1,2,2,-1
6096,0.7272727272727273,-0.5383037950804703,22.0,,1,1,1,-1
6098,0.7,-0.6769993636653779,20.0,,1,1,1,-1
6102,0.6666666666666666,-0.7131426412412595,30.0,,0,1,2,-1
6107,0.6666666666666666,-1.2995637786705339,27.0,,0,0,2,-1
6109,0.7727272727272727,-0.09546987012470715,44.0,,2,2,2,-1
6120,0.5357142857142857,-0.9827459220348407,28.0,,0,0,2,-1
6125,0.6039603960396039,-1.5930747321685754,101.0,,0,0,3,-1
6126,0.625,-0.8158543699807704,8.0,,0,1,0,-1
6128,0.7314814814814815,-0.4567614048453732,108.0,,1,1,3,-1
6129,0.6470588235294118,-0.7522276603761153,255.0,,0,1,3,-1
6141,0.7115384615384616,-0.3199562895801668,104.0,,1,2,3,-1
6159,0.75,-0.18875618768405794,212.0,,1,2,3,-1
6160,0.7362637362637363,-0.29669093613839825,182.0,,1,2,3,-1
6168,0.6539589442815249,-0.7336030065754641,341.0,,0,1,3,-1
6178,0.9285714285714286,0.6158503546039386,14.0,,3,3,1,-1
6187,0.625,-0.9155418117018723,24.0,,0,0,2,-1
6196,0.7083333333333334,-0.6143623518623207,24.0,,1,1,2,-1
6200,0.8461538461538461,0.2751871119868036,39.0,,2,2,2,-1
6201,1.0,3.3784804879644224,15.0,,3,3,1,-1
6203,0.8235294117647058,0.17825188351781554,34.0,,2,2,2,-1
6217,0.5370370370370371,-1.5045842354434342,108.0,,0,0,3,-1
6218,0.6862745098039216,-1.048527828226705,102.0,,1,0,3,-1
6229,0.6428571428571429,-0.6708093963250563,84.0,,0,1,3,-1
6230,0.7916666666666666,0.14201095557449078,48.0,,2,2,3,-1
6231,0.6056338028169014,-1.2911209416365899,71.0,,0,0,3,-1
6232,0.8214285714285714,-0.6862619638940418,28.0,,2,1,2,-1
6242,0.8421052631578947,0.015445094196606047,19.0,,2,2,1,-1
6244,0.8571428571428571,0.4491006846225273,70.0,,2,3,3,-1
6246,0.56,-1.0485162875701926,25.0,,0,0,2,-1
6247,0.9230769230769231,0.5511698795487184,13.0,,3,3,1,-1
6249,0.875,0.2137862432463816,16.0,,2,2,1,-1
6250,0.7142857142857143,-0.20378834811973823,21.0,,1,2,1,-1
6253,0.7647058823529411,-0.03578158306034664,17.0,,1,2,1,-1
6256,0.8,-0.6986668751576738,5.0,,2,1,0,-1
6274,1.0,3.5253709439628755,18.0,,3,3,1,-1
6281,0.8235294117647058,0.2039268174360333,119.0,,2,2,3,-1
6286,1.0,1.6892402439822112,3.0,,3,3,0,-1
6289,1.0,1.6892402439822112,3.0,,3,3,0,-1
6292,0.7333333333333333,-1.299355319272702,60.0,,1,0,3,-1
6299,0.5806451612903226,-1.9155731246279848,31.0,,0,0,2,-1
6309,1.0,1.6892402439822112,3.0,,3,3,0,-1
6313,0.8235294117647058,-0.151094247140469,17.0,,2,2,1,-1
6321,0.6,-1.3049413538010386,5.0,,0,0,0,-1
6322,0.55,-1.4688516758930747,20.0,,0,0,1,-1
6334,0.7358490566037735,-0.18745523007880427,106.0,,1,2,3,-1
6342,0.9,-0.17798637325445021,10.0,,3,2,1,-1
6344,0.85,-0.45535898456400264,20.0,,2,1,1,-1
6349,0.7083333333333334,-1.6253368525586012,24.0,,1,0,2,-1
6350,0.8571428571428571,-0.7048424939106342,7.0,,2,1,0,-1
6351,0.6567164179104478,-0.6262574631721695,67.0,,0,1,3,-1
6360,0.75,-0.5908401320266342,4.0,,1,1,0,-1
6361,0.8571428571428571,-0.3298530031626406,7.0,,2,2,0,-1
6365,0.6333333333333333,-1.2933962959331988,90.0,,0,0,3,-1
6366,0.8235294117647058,-0.07438004193609606,17.0,,2,2,1,-1
6370,1.0,1.6892402439822112,3.0,,3,3,0,-1
6378,0.9230769230769231,0.7748531151407795,13.0,,3,3,1,-1
6385,0.7647058823529411,-0.29702909185588444,17.0,,1,2,1,-1
6393,0.7222222222222222,-0.6383283857114175,18.0,,1,1,1,-1
6395,0.5818181818181818,-1.3640998166752432,55.0,,0,0,3,-1
6402,0.76,-0.2929777938184351,25.0,,1,2,2,-1
6407,0.6923076923076923,-0.6714346197711706,78.0,,1,1,3,-1
6416,0.4782608695652174,-1.6118505885588177,23.0,,0,0,2,-1
6422,0.8333333333333334,-0.021110338191270787,18.0,,2,2,1,-1
6439,0.6,-0.7932884176057904,65.0,,0,1,3,-1
6444,1.0,1.6892402439822112,3.0,,3,3,0,-1
6448,1.0,1.6892402439822112,3.0,,3,3,0,-1
6450,0.8571428571428571,0.6135398336382741,28.0,,2,3,2,-1
6463,0.6857142857142857,-0.4981864047579078,105.0,,1,1,3,-1
6465,0.5857142857142857,-0.9211455618726554,70.0,,0,0,3,-1
6467,0.5,-0.4661058700969326,12.0,,0,1,1,-1
6468,0.875,0.16547400177862617,8.0,,2,2,0,-1
6469,0.5714285714285714,-0.5139354255483961,7.0,,0,1,0,-1
6480,0.6052631578947368,-0.9064160568637698,76.0,,0,0,3,-1
6482,0.5,-1.0007402014152555,6.0,,0,0,0,-1
6484,0.85,-0.2866280211682833,20.0,,2,2,1,-1
6485,0.5964912280701754,-1.5558311449086877,57.0,,0,0,3,-1
6486,0.9333333333333333,0.7198543501969986,15.0,,3,3,1,-1
6512,0.6470588235294118,-1.4442351205017134,17.0,,0,0,1,-1
6517,0.6666666666666666,-0.8915921685440232,12.0,,0,0,1,-1
6525,0.5,-1.0716956509544495,108.0,,0,0,3,-1
6527,0.7307692307692307,-0.13138045488792308,52.0,,1,2,3,-1
6535,0.6022727272727273,-0.887547804484045,176.0,,0,0,3,-1
6541,0.5,-0.6128902772040979,4.0,,0,1,0,-1
6543,0.7368421052631579,-0.6908636004753148,38.0,,1,1,2,-1
6544,0.7777777777777778,-0.356877453516853,9.0,,2,1,0,-1
6548,0.8205128205128205,0.3435778063928884,39.0,,2,3,2,-1
6551,0.7333333333333333,-0.17687107398602175,15.0,,1,2,1,-1
6574,0.5733333333333334,-1.2007423488035949,75.0,,0,0,3,-1
6583,0.6481481481481481,-1.15450725349408,54.0,,0,0,3,-1
6597,0.36363636363636365,-2.1166089396456087,11.0,,0,0,1,-1
6599,0.5652173913043478,-1.3618428796072772,23.0,,0,0,2,-1
6603,0.47058823529411764,-1.7026593476340055,17.0,,0,0,1,-1
6621,0.5588235294117647,-1.3596765464256408,34.0,,0,0,2,-1
6634,0.6774193548387096,-0.3799967608881483,62.0,,1,1,3,-1
6639,0.7,-0.36821145962418694,60.0,,1,1,3,-1
6644,0.6666666666666666,-0.6610022139444828,81.0,,0,1,3,-1
6647,0.819672131147541,-0.16495534060603412,61.0,,2,2,3,-1
6651,0.7894736842105263,-0.6405222288722944,38.0,,2,1,2,-1
6652,0.8076923076923077,-0.012969149529583685,130.0,,2,2,3,-1
6667,0.75,0.06850193016948498,8.0,,1,2,0,-1
6668,0.6307692307692307,-0.6315875030602617,65.0,,0,1,3,-1
6669,1.0,3.4808586845694047,17.0,,3,3,1,-1
6687,0.5833333333333334,-1.2858289806563847,12.0,,0,0,1,-1
6690,1.0,1.6892402439822112,3.0,,3,3,0,-1
6703,0.7105263157894737,-1.2256398786082905,38.0,,1,0,2,-1
6711,0.5,-0.9457677414766543,26.0,,0,0,2,-1
6721,0.6129032258064516,-0.6401164100456685,31.0,,0,1,2,-1
6723,0.6666666666666666,-0.3901640088886427,21.0,,0,1,1,-1
6726,0.6190476190476191,-0.5696559906454596,21.0,,0,1,1,-1
6735,0.7586206896551724,-0.5768038458444693,29.0,,1,1,2,-1
6742,0.819672131147541,-0.08315984118697134,61.0,,2,2,3,-1
6753,0.7837837837837838,-0.2257734756724884,74.0,,2,2,3,-1
6755,0.6463414634146342,-0.9121276038727062,164.0,,0,0,3,-1
6757,0.7727272727272727,-0.5856745882626707,44.0,,2,1,2,-1
6772,0.7551020408163265,-0.1499760031099389,49.0,,1,2,3,-1
6778,0.6190476190476191,-1.0243654170370622,168.0,,0,0,3,-1
6780,0.9166666666666666,-0.11818624432768549,24.0,,3,2,2,-1
6781,0.7142857142857143,-1.2884280786305318,21.0,,1,0,1,-1
6787,0.7721518987341772,-0.3727459802695483,79.0,,2,1,3,-1
6791,0.45,-2.05722920360826,20.0,,0,0,1,-1
6794,0.625,-1.4080419396029558,8.0,,0,0,0,-1
6797,0.8,-0.3568298334958021,120.0,,2,1,3,-1
6802,0.8333333333333334,-0.41625993927171273,6.0,,2,1,0,-1
6803,0.6727272727272727,-0.8676779008877294,110.0,,1,0,3,-1
6804,0.9090909090909091,1.0634471149417448,66.0,,3,3,3,-1
6827,0.6470588235294118,-1.120740937379099,17.0,,0,0,1,-1
6828,0.75,-0.5734676876559714,4.0,,1,1,0,-1
6831,1.0,2.4570767185195797,6.0,,3,3,0,-1
6832,0.6923076923076923,-0.8523659023784071,13.0,,1,1,1,-1
6835,0.8571428571428571,-0.3651996878552536,14.0,,2,1,1,-1
6840,0.6538461538461539,-1.2580914878063634,26.0,,0,0,2,-1
6843,0.75,-0.8522244151904446,132.0,,1,1,3,-1
6844,0.6894409937888198,-0.6773914478469836,161.0,,1,1,3,-1
6846,0.6271186440677966,-1.1091991348264818,59.0,,0,0,3,-1
6849,0.8360655737704918,0.062272031782289676,61.0,,2,2,3,-1
6860,0.875,0.3349959792310638,8.0,,2,3,0,-1
6863,0.6666666666666666,-0.8284373548590623,30.0,,0,1,2,-1
6868,0.5660377358490566,-1.705958281854299,53.0,,0,0,3,-1
6885,0.7368421052631579,-0.24004256805929308,19.0,,1,2,1,-1
6896,0.7,-0.7417084427647145,50.0,,1,1,3,-1
6904,0.5147058823529411,-1.6534747692744798,136.0,,0,0,3,-1
6916,0.6296296296296297,-1.2514229731667557,54.0,,0,0,3,-1
6920,0.6666666666666666,-0.7756117778051459,171.0,,0,1,3,-1
6921,0.8320610687022901,-0.005012861164731809,131.0,,2,2,3,-1
6925,0.5869565217391305,-1.3264087128426614,92.0,,0,0,3,-1
6928,0.5894736842105263,-1.1619397150948652,190.0,,0,0,3,-1
6932,0.6535433070866141,-1.0220098368644714,127.0,,0,0,3,-1
6937,0.47368421052631576,-1.5056803679594817,19.0,,0,0,1,-1
6938,0.5833333333333334,-1.313634773555646,120.0,,0,0,3,-1
6940,0.6114649681528662,-0.9143197862526974,157.0,,0,0,3,-1
6949,0.8133333333333334,-0.24808123617695443,75.0,,2,2,3,-1
6953,0.5833333333333334,-1.247387950000475,12.0,,0,0,1,-1
6955,0.39622641509433965,-1.5595514276359947,53.0,,0,0,3,-1
6957,0.6296296296296297,-1.1913422795074584,27.0,,0,0,2,-1
6962,0.7916666666666666,-0.3649362683338761,24.0,,2,1,2,-1
6963,0.5135135135135135,-1.7077809857026265,37.0,,0,0,2,-1
6970,0.6666666666666666,-0.9753398464212453,18.0,,0,0,1,-1
6972,0.43478260869565216,-1.2017168867194796,23.0,,0,0,2,-1
6974,0.625,-0.5931155766683969,120.0,,0,1,3,-1
6976,0.6904761904761905,-0.31873101823362104,84.0,,1,2,3,-1
6980,0.6875,-0.2777288658961944,96.0,,1,2,3,-1
6984,0.49019607843137253,-1.3311591215172467,51.0,,0,0,3,-1
6986,0.6170212765957447,-0.49630024077533463,141.0,,0,1,3,-1
6988,0.5517241379310345,-0.8338952829606475,145.0,,0,1,3,-1
6991,0.46987951807228917,-1.2303845755741822,166.0,,0,0,3,-1
7000,0.6341463414634146,-1.0583035263662623,82.0,,0,0,3,-1
7001,0.6636363636363637,-0.7754869448337981,110.0,,0,1,3,-1
7004,0.7798165137614679,-0.1322662148995833,109.0,,2,2,3,-1
7006,0.68,-0.6240920566828613,100.0,,1,1,3,-1
7012,0.16666666666666666,-1.5179684851625568,6.0,,0,0,0,-1
7014,0.64,-0.502822199777686,75.0,,0,1,3,-1
7016,0.09090909090909091,-2.38981146242316,11.0,,0,0,1,-1
7054,0.6896551724137931,-0.2961906137488469,87.0,,1,2,3,-1
7062,0.6511627906976745,-0.5736452249306223,86.0,,0,1,3,-1
7066,0.9193548387096774,1.232511515249072,62.0,,3,3,3,-1
7069,0.6764705882352942,-1.1068107200273556,34.0,,1,0,2,-1
7073,0.7142857142857143,-0.22464187291569848,21.0,,1,2,1,-1
7087,0.5882352941176471,-0.6217848833202879,119.0,,0,1,3,-1
7105,0.7368421052631579,-0.813539487954378,19.0,,1,1,1,-1
7108,0.7692307692307693,-0.1713459930300672,13.0,,1,2,1,-1
7110,0.4230769230769231,-1.523499967933816,26.0,,0,0,2,-1
7119,0.6,-1.0590275875034136,40.0,,0,0,2,-1
7122,0.5783132530120482,-1.503244936598324,83.0,,0,0,3,-1
7133,0.7307692307692307,0.08499499049962625,26.0,,1,2,2,-1
7141,0.7142857142857143,-0.8593701824045353,35.0,,1,1,2,-1
7145,0.5641025641025641,-1.5592840560963972,39.0,,0,0,2,-1
7148,0.5862068965517241,-1.9669587650814886,58.0,,0,0,3,-1
7152,0.7631578947368421,-0.8618820798648754,38.0,,1,1,2,-1
7155,0.8,-0.5717226032557597,25.0,,2,1,2,-1
7166,0.9230769230769231,0.10224176432976134,13.0,,3,2,1,-1
7174,0.74,-0.0684785463001107,50.0,,1,2,3,-1
7175,0.8518518518518519,0.5187983760694822,27.0,,2,3,2,-1
7200,0.75,-0.3302414578270367,4.0,,1,2,0,-1
7204,0.42105263157894735,-2.135986939827292,19.0,,0,0,1,-1
7206,0.625,-1.4679040382147854,32.0,,0,0,2,-1
7211,0.36363636363636365,-2.3792148535591915,22.0,,0,0,1,-1
7217,0.3333333333333333,-1.4720673897657388,6.0,,0,0,0,-1
7225,0.5555555555555556,-1.2721176800359797,18.0,,0,0,1,-1
7229,0.45714285714285713,-1.8343794100827326,35.0,,0,0,2,-1
7237,0.75,-0.48619949029107185,12.0,,1,1,1,-1
7241,0.875,0.10601421807819406,8.0,,2,2,0,-1
7244,0.8,-0.24543843804012822,10.0,,2,2,1,-1
7245,0.7,-0.6058123760315852,10.0,,1,1,1,-1
7252,0.7857142857142857,-0.9281342763959526,14.0,,2,0,1,-1
7255,0.5,-1.1558084441883507,8.0,,0,0,0,-1
7263,0.8918918918918919,0.6808253335593656,37.0,,3,3,2,-1
7277,0.6666666666666666,-0.7588967123325177,9.0,,0,1,0,-1
7283,0.76,-0.22845328483330152,25.0,,1,2,2,-1
7286,0.96,1.5138372684667927,25.0,,3,3,2,-1
7288,0.609375,-0.6464274161342228,128.0,,0,1,3,-1
7295,0.38095238095238093,-1.6960093578308246,21.0,,0,0,1,-1
7311,0.5483870967741935,-1.414895018361692,31.0,,0,0,2,-1
7314,0.8,-0.23015876589340772,30.0,,2,2,2,-1
7325,0.7719298245614035,-0.5646238572250384,57.0,,2,1,3,-1
7333,0.6571428571428571,-1.2085800813054774,70.0,,0,0,3,-1
7338,0.723404255319149,-0.7438558243654997,47.0,,1,1,2,-1
7343,1.0,1.6892402439822112,3.0,,3,3,0,-1
7346,0.7846153846153846,-0.5561910395146288,65.0,,2,1,3,-1
7359,0.5074626865671642,-1.6331648082638386,67.0,,0,0,3,-1
7362,0.8,-0.5369355549696563,55.0,,2,1,3,-1
7374,0.6666666666666666,-0.5882069516275713,21.0,,0,1,1,-1
7376,0.65625,-0.8450830240304787,32.0,,0,1,2,-1
7392,0.7241379310344828,-1.335476442516598,87.0,,1,0,3,-1
7407,0.775,-0.5616951378111723,40.0,,2,1,2,-1
7411,0.2972972972972973,-2.17285321849855,37.0,,0,0,2,-1
7412,0.7142857142857143,-0.969676007523862,42.0,,1,0,2,-1
7415,0.7346938775510204,-0.8477277750584282,49.0,,1,1,3,-1
7416,0.5245901639344263,-1.5309210162367404,61.0,,0,0,3,-1
7419,0.6626506024096386,-1.0653761904188062,83.0,,0,0,3,-1
7420,0.6739130434782609,-1.012900332416804,46.0,,1,0,2,-1
7427,0.7441860465116279,-0.5921700701344833,43.0,,1,1,2,-1
7428,0.7678571428571429,-0.7169320413363834,56.0,,1,1,3,-1
7435,0.6,-1.5242063435738322,80.0,,0,0,3,-1
7436,0.7037037037037037,-1.0146073644676366,54.0,,1,0,3,-1
7437,0.6595744680851063,-1.0538084185527072,47.0,,0,0,2,-1
7445,0.4782608695652174,-0.8081466828546123,23.0,,0,1,2,-1
7451,0.6153846153846154,-0.5756711152373559,26.0,,0,1,2,-1
7462,0.7083333333333334,-0.7990169971011304,24.0,,1,1,2,-1
7466,0.5,-1.094895818960515,8.0,,0,0,0,-1
7467,0.68,-0.8848841678202926,25.0,,1,0,2,-1
7472,0.8260869565217391,-0.6553360606796322,23.0,,2,1,2,-1
7473,0.8,-0.24543843804012822,10.0,,2,2,1,-1
7476,0.9,0.2622841740800489,10.0,,3,2,1,-1
7479,0.7647058823529411,-0.44411778497847276,17.0,,1,1,1,-1
7481,0.8461538461538461,-0.21920805227712048,13.0,,2,2,1,-1
7484,0.8076923076923077,-0.9567480922456237,26.0,,2,0,2,-1
7492,0.8235294117647058,-0.6432327797179034,17.0,,2,1,1,-1
7500,0.7802197802197802,-1.0054174264006033,91.0,,2,0,3,-1
7511,1.0,1.6892402439822112,3.0,,3,3,0,-1
7515,1.0,1.6892402439822112,3.0,,3,3,0,-1
7525,0.7954545454545454,-0.7290909623251328,44.0,,2,1,2,-1
7532,0.7878787878787878,-0.4704543096039508,66.0,,2,1,3,-1
7533,0.5166666666666667,-1.6451789677301598,60.0,,0,0,3,-1
7544,0.8333333333333334,-0.5133644152144746,30.0,,2,1,2,-1
7550,1.0,2.4570767185195797,6.0,,3,3,0,-1
7556,0.5454545454545454,-1.1896031200407964,11.0,,0,0,1,-1
7559,0.9166666666666666,0.08973673846727771,24.0,,3,2,2,-1
7562,0.8571428571428571,-0.30109682166142804,7.0,,2,2,0,-1
7579,0.8,-0.14438403342184403,5.0,,2,2,0,-1
7581,0.75,-0.2562000607499063,4.0,,1,2,0,-1
7583,0.5652173913043478,-1.1055305942560723,23.0,,0,0,2,-1
7587,0.5,-0.8671480911694008,6.0,,0,0,0,-1
7590,0.6153846153846154,-0.8512401445797094,13.0,,0,1,1,-1
7600,0.8108108108108109,-0.7278565367721707,37.0,,2,1,2,-1
7602,0.2,-0.9470110223659429,5.0,,0,0,0,-1
7603,0.9090909090909091,-0.21681643650692647,33.0,,3,2,2,-1
7613,0.5454545454545454,-1.2081051525375481,22.0,,0,0,1,-1
7616,0.5,-0.5373218948511213,12.0,,0,1,1,-1
7619,0.8157894736842105,-0.749780423477277,38.0,,2,1,2,-1
7626,0.5,-0.7602969082721015,4.0,,0,1,0,-1
7636,0.9375,0.36931875371004785,32.0,,3,3,2,-1
7637,0.75,-0.6654071411687527,12.0,,1,1,1,-1
7643,0.6396396396396397,-0.8518703437054181,111.0,,0,1,3,-1
7645,0.7634408602150538,-0.31730987664915344,93.0,,1,2,3,-1
7647,0.7222222222222222,-1.180367526289737,54.0,,1,0,3,-1
7648,0.9142857142857143,0.12880136377618434,35.0,,3,2,2,-1
7658,0.5294117647058824,-1.1409391463865513,17.0,,0,0,1,-1
7661,0.5909090909090909,-0.94787700997359,44.0,,0,0,2,-1
7671,0.5555555555555556,-1.086152110258166,27.0,,0,0,2,-1
7685,0.6341463414634146,-0.38724410415846616,41.0,,0,1,2,-1
7686,0.6896551724137931,-0.29621193911471655,29.0,,1,2,2,-1
7689,0.7575757575757576,-0.9720474506963092,33.0,,1,0,2,-1
7696,0.8260869565217391,-0.5593848058610299,23.0,,2,1,2,-1
7701,0.5625,-0.32761676055544287,32.0,,0,2,2,-1
7708,0.7142857142857143,-0.6922921266395425,14.0,,1,1,1,-1
7713,0.8260869565217391,-0.6646895470437054,23.0,,2,1,2,-1
7716,0.7619047619047619,-0.8762895501085084,21.0,,1,0,1,-1
7722,0.8043478260869565,-0.689437241428829,46.0,,2,1,2,-1
7727,0.7758620689655172,-0.588208438220776,58.0,,2,1,3,-1
7732,0.7261904761904762,-1.1408571259436182,84.0,,1,0,3,-1
7741,0.7,0.16608476306626568,10.0,,1,2,1,-1
7743,0.92,1.0944636007518649,25.0,,3,3,2,-1
7750,0.7303370786516854,-0.6527762596474808,89.0,,1,1,3,-1
7751,0.6666666666666666,-0.1931884890851428,27.0,,0,2,2,-1
7753,0.0,-4.37229295380545,7.0,,0,0,0,-1
7762,0.6923076923076923,-0.45100359280140395,26.0,,1,1,2,-1
7765,0.8260869565217391,0.04505775196415224,69.0,,2,2,3,-1
7769,0.7391304347826086,-0.5385018247289147,23.0,,1,1,2,-1
7784,0.7142857142857143,0.22094665727573254,14.0,,1,2,1,-1
7785,0.6078431372549019,-1.04151762949555,51.0,,0,0,3,-1
7788,0.6296296296296297,-1.1279176653491607,27.0,,0,0,2,-1
7796,0.6,-1.108118353857331,5.0,,0,0,0,-1
7800,1.0,1.6892402439822112,3.0,,3,3,0,-1
7808,0.36,-1.3892399532188024,25.0,,0,0,2,-1
7818,0.5,-0.8711970268955087,14.0,,0,0,1,-1
7824,0.75,0.21430121471826197,4.0,,1,2,0,-1
7825,0.5,-0.84430399250842,6.0,,0,1,0,-1
7830,0.75,-0.21569835566835263,8.0,,1,2,0,-1
7835,0.3333333333333333,-1.4947680362157785,15.0,,0,0,1,-1
7836,0.38461538461538464,-1.8458497900812993,13.0,,0,0,1,-1
7839,0.5,-0.865712960653733,12.0,,0,0,1,-1
7847,0.5,-0.84430399250842,6.0,,0,1,0,-1
7857,0.2727272727272727,-1.5887537699096985,11.0,,0,0,1,-1
7858,0.7272727272727273,-0.1489065965031036,11.0,,1,2,1,-1
7860,0.6,-0.7505718450189862,5.0,,0,1,0,-1
7867,0.3,-1.347201451366961,10.0,,0,0,1,-1
7870,0.47058823529411764,-0.9738086506699412,17.0,,0,0,1,-1
7874,0.5,-1.0926286962435177,12.0,,0,0,1,-1
7882,1.0,1.6892402439822112,3.0,,3,3,0,-1
7883,0.32,-2.1570306465999796,25.0,,0,0,2,-1
7893,0.6521739130434783,-0.009603931192366917,46.0,,0,2,2,-1
7899,0.75,-0.2179879441552343,8.0,,1,2,0,-1
7901,0.5,-0.8711970268955087,14.0,,0,0,1,-1
7903,1.0,1.6892402439822112,3.0,,3,3,0,-1
7904,0.6818181818181818,-0.012476225403478874,22.0,,1,2,1,-1
7908,0.44,-1.1834761955103403,25.0,,0,0,2,-1
7911,0.8947368421052632,0.49682649625376707,19.0,,3,3,1,-1
7917,0.7142857142857143,-0.5368406443362257,7.0,,1,1,0,-1
7920,0.9230769230769231,0.07876962078232128,26.0,,3,2,2,-1
7926,0.6785714285714286,-1.4979038196765975,28.0,,1,0,2,-1
7932,0.7333333333333333,-0.6224312199771922,45.0,,1,1,2,-1
7934,0.95,0.8909226635571299,40.0,,3,3,2,-1
7935,0.7735849056603774,-0.5915108891527683,53.0,,2,1,3,-1
7958,0.84375,-0.5517900137450431,32.0,,2,1,2,-1
7961,0.8,-0.3394692084453693,35.0,,2,1,2,-1
7963,0.8857142857142857,-0.21086945589079917,35.0,,3,2,2,-1
7973,0.96875,1.426143607826975,32.0,,3,3,2,-1
7975,1.0,1.6892402439822112,3.0,,3,3,0,-1
7979,0.7,-1.2498709365586236,10.0,,1,0,1,-1
7988,0.8235294117647058,-0.23397510368291333,17.0,,2,2,1,-1
8001,1.0,3.5253709439628755,18.0,,3,3,1,-1
8008,0.8461538461538461,-1.016258166222737,26.0,,2,0,2,-1
8009,0.9090909090909091,-0.5139549605858955,22.0,,3,1,1,-1
8010,1.0,3.5253709439628755,18.0,,3,3,1,-1
8024,1.0,1.6892402439822112,3.0,,3,3,0,-1
8030,0.7,-1.1242276606708521,10.0,,1,0,1,-1
8035,0.8695652173913043,-0.7152235370672618,23.0,,2,1,2,-1
8037,0.9090909090909091,-0.5347039859517192,22.0,,3,1,1,-1
8041,0.6923076923076923,-1.2834294865770628,13.0,,1,0,1,-1
8056,0.8636363636363636,0.5952723303657041,22.0,,2,3,1,-1
8059,0.75,-0.28083154434669905,4.0,,1,2,0,-1
8061,0.5714285714285714,-1.3352225443062167,14.0,,0,0,1,-1
8064,0.8235294117647058,-0.08080955795632758,17.0,,2,2,1,-1
8065,0.625,-0.7383645697464254,8.0,,0,1,0,-1
8068,1.0,1.6892402439822112,3.0,,3,3,0,-1
8070,0.8333333333333334,0.19980909429626417,12.0,,2,2,1,-1
8076,0.75,-0.4723077904350285,4.0,,1,1,0,-1
8081,1.0,1.6892402439822112,3.0,,3,3,0,-1
8088,0.84,-1.069087631159458,25.0,,2,0,2,-1
8093,0.9,-0.5557712606279044,20.0,,3,1,1,-1
8097,0.9090909090909091,-0.539860764854153,22.0,,3,1,1,-1
8106,1.0,3.5253709439628755,18.0,,3,3,1,-1
8108,1.0,3.5253709439628755,18.0,,3,3,1,-1
8111,0.7857142857142857,-1.32463773304737,28.0,,2,0,2,-1
8112,0.9047619047619048,-0.5556824017249268,21.0,,3,1,1,-1
8113,0.7241379310344828,-1.4683232733227911,29.0,,1,0,2,-1
8118,1.0,3.5253709439628755,18.0,,3,3,1,-1
8122,0.5172413793103449,-1.164667852092378,29.0,,0,0,2,-1
8124,0.75,-0.16215617027315163,16.0,,1,2,1,-1
8130,0.7948717948717948,-0.3867776025714414,39.0,,2,1,2,-1
8147,0.5,-1.0751868673468263,6.0,,0,0,0,-1
8151,0.6625,-0.8190745319216628,80.0,,0,1,3,-1
8157,0.6,-1.1892301927634472,5.0,,0,0,0,-1
8159,0.68,-0.5471587155543777,50.0,,1,1,3,-1
8164,0.8181818181818182,-0.8029009730555771,33.0,,2,1,2,-1
8169,1.0,2.4570767185195797,6.0,,3,3,0,-1
8173,1.0,1.6892402439822112,3.0,,3,3,0,-1
8174,0.8181818181818182,-1.125712375762444,22.0,,2,0,1,-1
8183,0.6304347826086957,-1.0685313933369758,46.0,,0,0,2,-1
8192,0.75,-0.5662083740619497,4.0,,1,1,0,-1
8196,0.8181818181818182,-0.2572015464872185,11.0,,2,2,1,-1
8199,1.0,2.627707046194551,7.0,,3,3,0,-1
8203,0.8,-0.8285236598235524,5.0,,2,1,0,-1
8207,0.918918918918919,0.16383339802187477,37.0,,3,2,2,-1
8208,0.6666666666666666,-1.740588348577994,18.0,,0,0,1,-1
8209,1.0,1.6892402439822112,3.0,,3,3,0,-1
8212,0.6,-1.0040144408985041,45.0,,0,0,2,-1
8216,0.6557377049180327,-0.8955475766304019,61.0,,0,0,3,-1
8217,0.6111111111111112,-1.0217610970522997,36.0,,0,0,2,-1
8218,0.5921052631578947,-1.176559102166724,76.0,,0,0,3,-1
8221,0.8181818181818182,-0.10311765629331521,33.0,,2,2,2,-1
8223,0.6219512195121951,-1.0720886133837286,82.0,,0,0,3,-1
8226,0.8157894736842105,-0.11913761336406889,38.0,,2,2,2,-1
8229,0.7857142857142857,-0.24958111753390383,14.0,,2,2,1,-1
8230,0.7837837837837838,-0.3000455115729644,37.0,,2,2,2,-1
8231,0.7111111111111111,-0.6658128710463889,45.0,,1,1,2,-1
8235,0.8571428571428571,-0.33537043061785526,21.0,,2,2,1,-1
8237,0.7954545454545454,-0.7132217500520971,44.0,,2,1,2,-1
8251,0.7352941176470589,-1.1315592551863476,34.0,,1,0,2,-1
8256,0.6796116504854369,-0.8358050544303832,103.0,,1,1,3,-1
8259,0.6857142857142857,-0.778123222287821,70.0,,1,1,3,-1
8280,0.78,-0.37678623696285746,50.0,,2,1,3,-1
8283,0.7435897435897436,-0.5095992209183148,39.0,,1,1,2,-1
8285,0.6933333333333334,-0.7662957851165542,75.0,,1,1,3,-1
8291,0.6923076923076923,-0.7356767081253002,52.0,,1,1,3,-1
8293,0.5111111111111111,-1.4078289163562254,45.0,,0,0,2,-1
8294,0.7032967032967034,-0.7099233064580897,91.0,,1,1,3,-1
8296,0.7678571428571429,-0.44455250045522526,56.0,,1,1,3,-1
8297,0.7272727272727273,-0.5995404863800223,77.0,,1,1,3,-1
8299,0.6875,-0.6386989066588298,16.0,,1,1,1,-1
8301,1.0,2.4570767185195797,6.0,,3,3,0,-1
8302,0.8947368421052632,-0.213151880703596,19.0,,3,2,1,-1
8305,0.6,-0.7795217459971865,5.0,,0,1,0,-1
8307,0.7916666666666666,-1.0747299637342946,24.0,,2,0,2,-1
8309,1.0,3.7279784694779834,24.0,,3,3,2,-1
8312,0.7619047619047619,-1.023634605040459,21.0,,1,0,1,-1
8317,0.8421052631578947,-0.6527068634735944,38.0,,2,1,2,-1
8323,0.6923076923076923,-1.2469969577576412,39.0,,1,0,2,-1
8330,0.7567567567567568,-0.9763713130962279,37.0,,1,0,2,-1
8332,0.4444444444444444,-1.3739219760869334,9.0,,0,0,0,-1
8335,0.875,-0.05949508630985507,8.0,,2,2,0,-1
8341,0.7941176470588235,-0.6994457916502477,34.0,,2,1,2,-1
8347,0.7058823529411765,-0.9145067026400366,17.0,,1,0,1,-1
8348,0.8148148148148148,-0.698332900017081,27.0,,2,1,2,-1
8356,0.5384615384615384,-1.0549972255374565,13.0,,0,0,1,-1
8357,0.75,-0.021011100408611167,4.0,,1,2,0,-1
8361,0.5833333333333334,-1.0189535273430925,12.0,,0,0,1,-1
8362,0.7777777777777778,-0.18456377830801823,9.0,,2,2,0,-1
8370,1.0,2.4570767185195797,6.0,,3,3,0,-1
8375,0.8571428571428571,-0.04361181530551028,7.0,,2,2,0,-1
8381,0.6923076923076923,-1.0229647885273263,13.0,,1,0,1,-1
8382,0.8888888888888888,0.37336900270024037,9.0,,3,3,0,-1
8383,0.8571428571428571,0.08860952909926334,7.0,,2,2,0,-1
8396,0.5,-1.261795486831075,6.0,,0,0,0,-1
8399,0.8571428571428571,0.08553235700931643,7.0,,2,2,0,-1
8400,0.5714285714285714,-1.8028408187112237,28.0,,0,0,2,-1
8403,0.6363636363636364,-0.914635403766519,33.0,,0,0,2,-1
8404,0.4444444444444444,-1.6750633798303955,36.0,,0,0,2,-1
8412,0.5483870967741935,-1.8715955944789944,31.0,,0,0,2,-1
8415,0.6630434782608695,-1.261070536276827,92.0,,0,0,3,-1
8422,1.0,2.4570767185195797,6.0,,3,3,0,-1
8424,0.5454545454545454,-1.0692644646846454,33.0,,0,0,2,-1
8441,0.5609756097560976,-1.3333267806938918,41.0,,0,0,2,-1
8443,0.5657894736842105,-1.5003105800623067,76.0,,0,0,3,-1
8455,0.6060606060606061,-1.3074019772680934,33.0,,0,0,2,-1
8457,0.6666666666666666,-1.068775941388628,39.0,,0,0,2,-1
8470,0.7446808510638298,-0.704480414630397,47.0,,1,1,2,-1
8473,0.5535714285714286,-1.3365605402333995,56.0,,0,0,3,-1
8477,0.5445544554455446,-1.8221896181715422,101.0,,0,0,3,-1
8480,0.6666666666666666,-0.8464837514255672,6.0,,0,1,0,-1
8486,0.6909090909090909,-1.0607584220721051,110.0,,1,0,3,-1
8501,0.5517241379310345,-1.1948658274327817,29.0,,0,0,2,-1
8506,0.4583333333333333,-1.7703388219552711,48.0,,0,0,3,-1
8521,0.6046511627906976,-0.9033357552756466,43.0,,0,0,2,-1
8527,0.75,-0.14759443720253587,4.0,,1,2,0,-1
8543,0.8333333333333334,-0.5082758326400705,18.0,,2,1,1,-1
8545,0.0,-2.810759756017789,3.0,,0,0,0,-1
8547,0.647887323943662,-1.1645931431616057,71.0,,0,0,3,-1
8549,0.8571428571428571,0.12291963863026094,28.0,,2,2,2,-1
8550,1.0,3.5253709439628755,18.0,,3,3,1,-1
8553,0.8333333333333334,0.06553540277592296,30.0,,2,2,2,-1
8554,0.8,-0.16636588023815882,10.0,,2,2,1,-1
8563,0.42105263157894735,-2.080228289896302,19.0,,0,0,1,-1
8571,0.6486486486486487,-0.738419339434499,37.0,,0,1,2,-1
8572,0.6470588235294118,-0.7166194533144933,34.0,,0,1,2,-1
8583,0.4375,-1.4286384523257747,16.0,,0,0,1,-1
8588,0.8333333333333334,-0.4352849777597589,24.0,,2,1,2,-1
8600,0.6666666666666666,-0.6258840165554891,6.0,,0,1,0,-1
8601,0.8888888888888888,-0.16821499724775413,18.0,,3,2,1,-1
8605,0.75,-0.46453953326048253,4.0,,1,1,0,-1
8610,0.9047619047619048,0.08373394318806889,21.0,,3,2,1,-1
8616,1.0,1.6892402439822112,3.0,,3,3,0,-1
8624,0.6666666666666666,-0.5986869791083312,39.0,,0,1,2,-1
8626,0.9090909090909091,0.23623321834475028,22.0,,3,2,1,-1
8628,0.5,-1.0879027213081645,52.0,,0,0,3,-1
8630,0.8181818181818182,-0.989018599047667,22.0,,2,0,1,-1
8637,0.8695652173913043,-0.29403264262459317,23.0,,2,2,2,-1
8639,0.6323529411764706,-0.6167615462676076,68.0,,0,1,3,-1
8645,0.7894736842105263,-0.052875167887886494,95.0,,2,2,3,-1
8647,1.0,3.179746341613574,12.0,,3,3,1,-1
8653,0.7894736842105263,-0.2850215536372268,19.0,,2,2,1,-1
8660,0.7368421052631579,-0.41244008903870294,19.0,,1,1,1,-1
8670,0.6119402985074627,-0.800183755856636,67.0,,0,1,3,-1
8672,0.4857142857142857,-1.2174587567493442,35.0,,0,0,2,-1
8673,0.2,-1.15157742503257,5.0,,0,0,0,-1
8675,0.75,-0.7204497046099749,12.0,,1,1,1,-1
8676,0.5238095238095238,-0.6728516143122598,21.0,,0,1,1,-1
8678,0.8571428571428571,0.27511817556109,7.0,,2,2,0,-1
8690,0.8571428571428571,-0.07134689475032806,7.0,,2,2,0,-1
8691,0.8888888888888888,0.3538687239445894,9.0,,3,3,0,-1
8693,0.42105263157894735,-1.7001165913574139,19.0,,0,0,1,-1
8694,0.7567567567567568,-0.32418193401425094,37.0,,1,2,2,-1
8699,1.0,2.0020625113863244,4.0,,3,3,0,-1
8711,0.8571428571428571,0.07622875248952088,7.0,,2,2,0,-1
8714,0.75,-0.48465380030447935,4.0,,1,1,0,-1
8720,0.6666666666666666,-1.1854827853161392,12.0,,0,0,1,-1
8722,1.0,2.4570767185195797,6.0,,3,3,0,-1
8727,0.5428571428571428,-1.6918310465201467,35.0,,0,0,2,-1
8732,0.4,-2.0690435527230493,20.0,,0,0,1,-1
8733,0.7692307692307693,-0.38553215067211205,13.0,,1,1,1,-1
8734,0.6,-0.98355800746904,5.0,,0,0,0,-1
8736,0.5,-0.4208667507800441,4.0,,0,1,0,-1
8739,0.8461538461538461,0.3049570548393032,13.0,,2,3,1,-1
8744,0.7560975609756098,-1.307784862325774,41.0,,1,0,2,-1
8747,0.7441860465116279,-1.0739783640410252,43.0,,1,0,2,-1
8750,0.8571428571428571,-0.7050276646747037,21.0,,2,1,1,-1
8769,0.38562091503267976,-2.4846425317153837,153.0,,0,0,3,-1
8785,0.72,-0.1700830252870315,25.0,,1,2,2,-1
8791,0.7906976744186046,-0.26207250402568766,43.0,,2,2,2,-1
8798,0.4195804195804196,-1.9573385314278338,143.0,,0,0,3,-1
8800,0.5714285714285714,-1.546671384544592,49.0,,0,0,3,-1
8808,0.14285714285714285,-2.820475652456184,7.0,,0,0,0,-1
8812,0.6091954022988506,-1.1193699600238913,87.0,,0,0,3,-1
8818,0.7872340425531915,-0.39053874336260713,47.0,,2,1,2,-1
8827,0.2,-2.4816255940174132,10.0,,0,0,1,-1
8840,0.43636363636363634,-2.5895452920967137,55.0,,0,0,3,-1
8843,0.7333333333333333,-0.7129652471000223,15.0,,1,1,1,-1
8848,0.8571428571428571,-0.9447712734282837,21.0,,2,0,1,-1
8850,0.6363636363636364,-1.1202398085733047,22.0,,0,0,1,-1
8851,0.0,-3.747679674690385,5.0,,0,0,0,-1
8865,0.8461538461538461,-0.8632083977359536,13.0,,2,0,1,-1
8871,0.75,-0.5203246170101653,4.0,,1,1,0,-1
8885,0.8888888888888888,-0.4809909887170343,18.0,,3,1,1,-1
8888,1.0,1.6892402439822112,3.0,,3,3,0,-1
8890,1.0,2.8958404182552195,9.0,,3,3,0,-1
8901,0.0,-5.290841893680544,12.0,,0,0,1,-1
8906,1.0,1.6892402439822112,3.0,,3,3,0,-1
8914,0.625,-0.6639666974898063,8.0,,0,1,0,-1
8918,0.0,-5.153059552699279,11.0,,0,0,1,-1
8919,0.4722222222222222,-1.4935584593252185,36.0,,0,0,2,-1
8923,0.375,-1.2926751492888418,8.0,,0,0,0,-1
8939,0.4,-1.330157735533007,10.0,,0,0,1,-1
8942,0.3333333333333333,-2.0790866479551435,51.0,,0,0,3,-1
8944,0.47368421052631576,-1.3419795117437308,19.0,,0,0,1,-1
8947,0.625,-0.6639666974898063,8.0,,0,1,0,-1
8948,0.5333333333333333,-1.0921800822945087,15.0,,0,0,1,-1
8949,0.8,-0.10173857762521565,5.0,,2,2,0,-1
8958,0.5357142857142857,-1.2844144352653235,28.0,,0,0,2,-1
8961,0.5,-0.8671480911694008,6.0,,0,0,0,-1
8967,0.5755813953488372,-1.0714204243058043,172.0,,0,0,3,-1
8971,0.5537190082644629,-1.4649750880708587,121.0,,0,0,3,-1
8976,0.7843137254901961,-0.23279079852421794,51.0,,2,2,3,-1
8979,0.4716981132075472,-1.5511735233575505,53.0,,0,0,3,-1
8989,0.7083333333333334,-1.3177730381195487,24.0,,1,0,2,-1
8992,0.5,-1.6367751152453065,28.0,,0,0,2,-1
8995,0.6060606060606061,-1.0517266482221415,33.0,,0,0,2,-1
9009,0.5909090909090909,-1.2184100239747075,22.0,,0,0,1,-1
9014,0.6666666666666666,-0.9165719178820895,9.0,,0,0,0,-1
9015,0.5384615384615384,-1.3129333733289301,39.0,,0,0,2,-1
9017,0.4230769230769231,-1.9904168101432127,26.0,,0,0,2,-1
9018,0.5,-1.990841998800855,32.0,,0,0,2,-1
9031,0.3333333333333333,-2.1804027663479033,9.0,,0,0,0,-1
9035,0.7692307692307693,-0.5616051645606451,13.0,,1,1,1,-1
9044,0.7368421052631579,-0.7084340973358971,133.0,,1,1,3,-1
9051,0.8015873015873016,-0.43475456725397443,126.0,,2,1,3,-1
9058,0.6818181818181818,-1.2328573812416554,88.0,,1,0,3,-1
9060,0.7342657342657343,-0.822360269705039,143.0,,1,1,3,-1
9062,0.5989847715736041,-1.344425564037451,197.0,,0,0,3,-1
9066,0.6981132075471698,-1.222380295612609,106.0,,1,0,3,-1
9069,0.7184466019417476,-1.044726169885079,103.0,,1,0,3,-1
9080,0.6263736263736264,-1.1828254250145154,91.0,,0,0,3,-1
9085,0.6382978723404256,-1.2774953667987237,94.0,,0,0,3,-1
9086,0.6785714285714286,-1.0264310733960889,140.0,,1,0,3,-1
9089,0.7391304347826086,-0.5986894832603281,23.0,,1,1,2,-1
9092,0.7272727272727273,-0.4610690551342812,11.0,,1,1,1,-1
9093,0.8571428571428571,0.08976767892196161,7.0,,2,2,0,-1
9097,0.8888888888888888,0.2969133320204714,9.0,,3,3,0,-1
9102,0.7,-0.49498243387990964,10.0,,1,1,1,-1
9104,0.7,-0.8340007094769091,10.0,,1,1,1,-1
9105,0.875,0.21916223301782828,8.0,,2,2,0,-1
9106,0.8333333333333334,0.01072712414816059,6.0,,2,2,0,-1
9107,0.36363636363636365,-1.4777037558174293,11.0,,0,0,1,-1
9115,1.0,1.6892402439822112,3.0,,3,3,0,-1
9118,0.5833333333333334,-0.8740822718529179,36.0,,0,0,2,-1
9120,1.0,2.4570767185195797,6.0,,3,3,0,-1
9121,1.0,2.0020625113863244,4.0,,3,3,0,-1
9133,0.5238095238095238,-1.235313378276282,21.0,,0,0,1,-1
9138,0.75,-0.21829298889420043,4.0,,1,2,0,-1
9149,0.52,-1.8384944127983858,25.0,,0,0,2,-1
9167,0.9375,-0.016711024665274483,16.0,,3,2,1,-1
9170,0.6555555555555556,-1.087254776402273,90.0,,0,0,3,-1
9178,0.6666666666666666,-0.40230141172116507,6.0,,0,1,0,-1
9179,1.0,1.6892402439822112,3.0,,3,3,0,-1
9181,0.75,-0.14759443720253587,4.0,,1,2,0,-1
9183,0.6666666666666666,-1.3994619986640129,18.0,,0,0,1,-1
9191,1.0,2.252320325309615,5.0,,3,3,0,-1
9193,0.6923076923076923,-0.8215200343037177,143.0,,1,1,3,-1
9194,1.0,1.6892402439822112,3.0,,3,3,0,-1
9196,0.8518518518518519,0.03901108547574902,108.0,,2,2,3,-1
9199,0.0,-3.3312708219470086,4.0,,0,0,0,-1
9200,0.7,-0.21021082619070341,20.0,,1,2,1,-1
9210,0.48,-0.6169661300898093,25.0,,0,1,2,-1
9218,0.6545454545454545,-1.286722372728033,110.0,,0,0,3,-1
9227,0.0,-3.3312708219470086,4.0,,0,0,0,-1
9267,0.7900763358778626,-0.31901119043546644,262.0,,2,2,3,-1
9274,0.875,-0.2826028674561028,16.0,,2,2,1,-1
9277,0.75,-0.7682597115052542,8.0,,1,1,0,-1
9289,0.8333333333333334,-0.16267567160215518,6.0,,2,2,0,-1
9291,1.0,1.6892402439822112,3.0,,3,3,0,-1
9292,0.8,-0.2606911405133946,5.0,,2,2,0,-1
9296,0.8571428571428571,0.5070574101538623,14.0,,2,3,1,-1
9299,0.65,-1.9360708155833557,20.0,,0,0,1,-1
9300,0.7777777777777778,-1.145056540279864,9.0,,2,0,0,-1
9313,0.8,-0.4415241590800229,5.0,,2,1,0,-1
9325,0.0,-3.3312708219470086,4.0,,0,0,0,-1
9328,0.7254901960784313,0.0018569410888497695,51.0,,1,2,3,-1
9330,1.0,1.6892402439822112,3.0,,3,3,0,-1
9338,1.0,1.6892402439822112,3.0,,3,3,0,-1
9341,1.0,3.7279784694779834,24.0,,3,3,2,-1
9342,0.75,-0.45725740324168573,8.0,,1,1,0,-1
9344,0.6666666666666666,-0.4306906438366776,3.0,,0,1,0,-1
9351,1.0,2.4570767185195797,6.0,,3,3,0,-1
9355,0.5454545454545454,-1.2195662343705134,11.0,,0,0,1,-1
9358,0.75,-0.3811661340289828,4.0,,1,1,0,-1
9364,0.6,-0.05113129690677842,5.0,,0,2,0,-1
9388,0.8823529411764706,0.59503395868608,34.0,,3,3,2,-1
9398,0.8333333333333334,0.2998880498949078,36.0,,2,3,2,-1
9403,0.875,0.6050778111343541,24.0,,2,3,2,-1
9404,0.9375,0.48560964559528635,16.0,,3,3,1,-1
9411,0.8666666666666667,-0.3479692821810377,15.0,,2,1,1,-1
9414,0.8333333333333334,0.16328648592148506,36.0,,2,2,2,-1
9417,0.7435897435897436,-0.10915942175304526,39.0,,1,2,2,-1
9421,0.8,-0.14438403342184403,5.0,,2,2,0,-1
9439,0.8421052631578947,-1.0779484534389727,19.0,,2,0,1,-1
9452,0.5625,-1.0847603715120056,16.0,,0,0,1,-1
9453,0.8857142857142857,0.6919951456360588,70.0,,3,3,3,-1
9455,0.96,1.3605790071246615,25.0,,3,3,2,-1
9456,0.5151515151515151,-1.034697914799378,33.0,,0,0,2,-1
9461,0.9230769230769231,0.8029013570244723,26.0,,3,3,2,-1
9469,0.0,-3.3312708219470086,4.0,,0,0,0,-1
9477,0.8666666666666667,0.16463177217705116,60.0,,2,2,3,-1
9485,0.6666666666666666,-0.5989090999481891,6.0,,0,1,0,-1
9487,0.94,1.1807277603672979,50.0,,3,3,3,-1
9489,0.7,-0.26128882723275526,10.0,,1,2,1,-1
9495,0.8095238095238095,-0.52278748279766,21.0,,2,1,1,-1
9496,1.0,2.4570767185195797,6.0,,3,3,0,-1
9512,1.0,2.4570767185195797,6.0,,3,3,0,-1
9516,1.0,3.179746341613574,12.0,,3,3,1,-1
9517,1.0,1.6892402439822112,3.0,,3,3,0,-1
9522,0.5,-1.1700632566357396,28.0,,0,0,2,-1
9533,0.5217391304347826,-1.0612789357632042,23.0,,0,0,2,-1
9535,1.0,1.6892402439822112,3.0,,3,3,0,-1
9547,0.5869565217391305,-1.025939779074401,46.0,,0,0,2,-1
9560,0.6,-0.25477966531782315,5.0,,0,2,0,-1
9564,0.8571428571428571,0.7490185241392786,7.0,,2,3,0,-1
9570,1.0,1.6892402439822112,3.0,,3,3,0,-1
9577,0.8333333333333334,-0.7821293290592977,6.0,,2,1,0,-1
9582,0.7368421052631579,-0.7202032732763192,38.0,,1,1,2,-1
9585,0.75,-1.0002818130785087,16.0,,1,0,1,-1
9586,0.8518518518518519,-0.2682148968739916,27.0,,2,2,2,-1
9592,0.7272727272727273,-0.7691500102126123,22.0,,1,1,1,-1
9596,0.5833333333333334,-1.2280019592766298,36.0,,0,0,2,-1
9600,0.7037037037037037,-1.372013142783022,27.0,,1,0,2,-1
9609,0.6071428571428571,-1.2946807062702594,56.0,,0,0,3,-1
9615,1.0,2.4570767185195797,6.0,,3,3,0,-1
9620,0.9166666666666666,0.7486625379873684,12.0,,3,3,1,-1
9621,0.7419354838709677,-0.9805487387540507,31.0,,1,0,2,-1
9635,0.84375,-0.08664961562625571,32.0,,2,2,2,-1
9637,0.6666666666666666,-0.6847153214635143,12.0,,0,1,1,-1
9639,0.5,-1.0751868673468263,6.0,,0,0,0,-1
9640,0.75,-1.1413614354102257,12.0,,1,0,1,-1
9643,0.8333333333333334,-0.45906018425470674,24.0,,2,1,2,-1
9644,0.8125,-0.781513911254461,16.0,,2,1,1,-1
9645,0.6296296296296297,-1.5299894034053696,27.0,,0,0,2,-1
9649,0.7222222222222222,-1.072064759565599,36.0,,1,0,2,-1
9653,0.6296296296296297,-1.1749064644393008,27.0,,0,0,2,-1
9656,0.75,-0.3071963681787491,4.0,,1,2,0,-1
9657,0.7857142857142857,-0.4339957190443294,14.0,,2,1,1,-1
9661,0.16666666666666666,-2.034825612748588,6.0,,0,0,0,-1
9682,0.9285714285714286,0.7595113189722438,14.0,,3,3,1,-1
9687,0.5925925925925926,-1.6672996234833366,54.0,,0,0,3,-1
9693,0.8571428571428571,-0.4286019868043851,7.0,,2,1,0,-1
9696,0.72,-0.9976278992119464,25.0,,1,0,2,-1
9699,0.6666666666666666,-1.1542301143163092,27.0,,0,0,2,-1
9700,0.5454545454545454,-1.2757983878349421,11.0,,0,0,1,-1
9703,0.5,-1.0527293954168557,8.0,,0,0,0,-1
9704,0.9230769230769231,0.10291324290166745,13.0,,3,2,1,-1
9711,0.8125,-0.3776144526694705,32.0,,2,1,2,-1
9715,0.9655172413793104,1.038906193553099,29.0,,3,3,2,-1
9718,0.8571428571428571,-0.22812463613919717,14.0,,2,2,1,-1
9719,0.75,-0.578102168642101,8.0,,1,1,0,-1
9720,1.0,1.6892402439822112,3.0,,3,3,0,-1
9724,0.6842105263157895,-1.0222813975953393,19.0,,1,0,1,-1
9727,0.8695652173913043,-0.0031456607534844517,23.0,,2,2,2,-1
9735,0.6415094339622641,-1.589039320008563,53.0,,0,0,3,-1
9745,0.9,0.4494630664653402,10.0,,3,3,1,-1
9749,0.8717948717948718,0.3701734974814057,39.0,,2,3,2,-1
9753,0.8051948051948052,0.27704184371521845,77.0,,2,2,3,-1
9755,0.8,-0.3849793013141905,5.0,,2,1,0,-1
9759,1.0,1.6892402439822112,3.0,,3,3,0,-1
9760,0.75,-0.4700625212162662,4.0,,1,1,0,-1
9761,0.8333333333333334,-0.2982627561137959,6.0,,2,2,0,-1
9763,0.8333333333333334,0.4122308922347758,6.0,,2,3,0,-1
9764,1.0,2.4570767185195797,6.0,,3,3,0,-1
9766,0.25,-1.411176611683372,4.0,,0,0,0,-1
9768,0.38095238095238093,-1.4551773990950223,42.0,,0,0,2,-1
9769,0.75,-0.2562000607499063,4.0,,1,2,0,-1
9775,1.0,1.6892402439822112,3.0,,3,3,0,-1
9776,0.7777777777777778,-0.5406962443762424,27.0,,2,1,2,-1
9786,0.7941176470588235,-0.6623238507303901,34.0,,2,1,2,-1
9787,0.8333333333333334,-0.5459079969241291,48.0,,2,1,3,-1
9792,1.0,2.8958404182552195,9.0,,3,3,0,-1
9795,0.7413793103448276,-0.861952246137173,58.0,,1,1,3,-1
9796,0.6071428571428571,-1.2988939313968726,56.0,,0,0,3,-1
9804,0.8333333333333334,-0.7821293290592977,6.0,,2,1,0,-1
9806,0.6,-1.7875027570332649,30.0,,0,0,2,-1
9812,0.36363636363636365,-1.7543630193329405,11.0,,0,0,1,-1
9817,0.5,-1.0751868673468263,6.0,,0,0,0,-1
9826,0.8,0.11733441361854657,10.0,,2,2,1,-1
9832,0.4117647058823529,-0.9913791701006391,17.0,,0,0,1,-1
9833,0.4,-0.7894847146511303,5.0,,0,1,0,-1
9839,1.0,2.8958404182552195,9.0,,3,3,0,-1
9842,0.7857142857142857,0.05595361321937525,14.0,,2,2,1,-1
9844,0.75,-0.03452428167657782,12.0,,1,2,1,-1
9849,0.875,0.3633797555210253,8.0,,2,3,0,-1
9855,0.6666666666666666,-0.2741801300720413,6.0,,0,2,0,-1
9859,0.8571428571428571,0.0028118237618145235,28.0,,2,2,2,-1
9867,0.9285714285714286,0.6760780812875847,28.0,,3,3,2,-1
9871,0.7575757575757576,-0.5387718288167985,33.0,,1,1,2,-1
9875,0.8181818181818182,-0.5938183701335089,11.0,,2,1,1,-1
9877,0.8837209302325582,0.2589483728803363,43.0,,3,2,2,-1
9878,0.78125,-0.694155516413631,32.0,,2,1,2,-1
9887,0.925,0.6901036754422816,40.0,,3,3,2,-1
9893,0.7777777777777778,-0.2714782232929134,9.0,,2,2,0,-1
9896,1.0,1.6892402439822112,3.0,,3,3,0,-1
9904,1.0,1.6892402439822112,3.0,,3,3,0,-1
9908,0.09090909090909091,-2.5038522752370893,11.0,,0,0,1,-1
9916,0.5384615384615384,-1.8306911416508291,39.0,,0,0,2,-1
9918,0.625,-0.6437555514540423,32.0,,0,1,2,-1
9939,0.6697247706422018,-0.2717135517522865,109.0,,1,2,3,-1
9946,0.7865168539325843,0.34102467779055184,89.0,,2,3,3,-1
9947,0.7083333333333334,-0.1708677274583594,96.0,,1,2,3,-1
9952,1.0,1.6892402439822112,3.0,,3,3,0,-1
9956,0.7311827956989247,0.011343159248121317,93.0,,1,2,3,-1
9958,0.8048780487804879,0.3637001520288777,82.0,,2,3,3,-1
9960,0.8378378378378378,0.5616242516918062,74.0,,2,3,3,-1
9962,0.7395833333333334,-0.018546071901713538,96.0,,1,2,3,-1
9967,0.7738095238095238,0.2348887262255064,84.0,,2,2,3,-1
9969,0.7831325301204819,0.2547913295872971,83.0,,2,2,3,-1
9976,0.7843137254901961,-0.4573678234275237,51.0,,2,1,3,-1
9978,0.75,-0.048904369066904325,4.0,,1,2,0,-1
9982,0.3333333333333333,-1.2143300897141518,9.0,,0,0,0,-1
9987,0.75,-0.3302414578270367,4.0,,1,2,0,-1
9988,0.6666666666666666,-0.6264591184041786,6.0,,0,1,0,-1
10006,0.9574468085106383,1.2554908910803877,47.0,,3,3,2,-1
10007,0.926829268292683,0.7009146032885777,41.0,,3,3,2,-1
10009,0.9130434782608695,0.449096066391236,46.0,,3,3,2,-1
10014,0.8051948051948052,-0.48411111315633726,77.0,,2,1,3,-1
10015,0.8627450980392157,0.12755158436300695,51.0,,2,2,3,-1
10016,0.84,-0.2341848095052385,50.0,,2,2,3,-1
10020,0.9761904761904762,1.6365374793631524,42.0,,3,3,2,-1
10027,0.8823529411764706,0.13263314841592494,51.0,,3,2,3,-1
10030,0.9574468085106383,1.165404026440959,47.0,,3,3,2,-1
10031,0.967741935483871,1.3113676034291513,31.0,,3,3,2,-1
10032,0.75,-0.6213123533804216,20.0,,1,1,1,-1
10039,0.863013698630137,0.13207381970262344,73.0,,2,2,3,-1
10049,0.9387755102040817,0.7786426129698651,49.0,,3,3,3,-1
10050,0.8241758241758241,-0.304566906758605,91.0,,2,2,3,-1
10075,0.8222222222222222,-0.30313550394162453,45.0,,2,2,2,-1
10078,0.84375,0.06635772320746494,32.0,,2,2,2,-1
10080,0.6842105263157895,-1.001162408706794,57.0,,1,0,3,-1
10095,0.5151515151515151,-1.3104295129591081,33.0,,0,0,2,-1
10096,0.88,-0.24273789106500465,25.0,,2,2,2,-1
10102,0.4117647058823529,-1.8464313558126852,51.0,,0,0,3,-1
10118,0.7241379310344828,-1.1028726770789574,29.0,,1,0,2,-1
10120,0.75,-1.2618458617539607,12.0,,1,0,1,-1
10133,0.7419354838709677,-0.3239522880401826,124.0,,1,2,3,-1
10134,0.8,-0.2730334083742591,15.0,,2,2,1,-1
10136,0.8545454545454545,0.27050213891010055,55.0,,2,2,3,-1
10137,0.8888888888888888,0.14907236389005818,27.0,,3,2,2,-1
10142,0.735632183908046,-0.41836533315548713,87.0,,1,1,3,-1
10143,0.75,-0.18128477838100168,4.0,,1,2,0,-1
10152,0.6296296296296297,-1.3118215275556022,54.0,,0,0,3,-1
10154,0.6595744680851063,-1.1820825744676748,47.0,,0,0,2,-1
10168,0.8,-0.3451203763700112,5.0,,2,1,0,-1
10177,0.7666666666666667,-0.29624279139467746,30.0,,1,2,2,-1
10178,0.8636363636363636,0.15709448524726488,22.0,,2,2,1,-1
10179,0.4375,-1.7421740429749542,64.0,,0,0,3,-1
10182,0.6428571428571429,-1.0107655547475705,42.0,,0,0,2,-1
10201,0.9545454545454546,1.1743043722098367,22.0,,3,3,1,-1
10212,0.7346938775510204,-0.3892242741172848,98.0,,1,1,3,-1
10216,1.0,1.6892402439822112,3.0,,3,3,0,-1
10226,0.6351351351351351,-0.9260654571442916,148.0,,0,0,3,-1
10232,0.7142857142857143,-0.4892488758843748,133.0,,1,1,3,-1
10235,0.8602150537634409,0.3037178849269125,93.0,,2,3,3,-1
10236,0.8840579710144928,0.40341937424004526,69.0,,3,3,3,-1
10237,0.6690647482014388,-0.6433133576209431,139.0,,1,1,3,-1
10241,0.6666666666666666,-0.9160548795171216,6.0,,0,0,0,-1
10243,0.7391304347826086,-1.0864378435179283,46.0,,1,0,2,-1
10247,0.7297297297297297,-0.3117441101028972,37.0,,1,2,2,-1
10249,0.9130434782608695,0.6424124300747185,23.0,,3,3,2,-1
10263,0.7926829268292683,-0.10742229746845665,82.0,,2,2,3,-1
10267,0.7848101265822784,-0.3416910504342766,79.0,,2,1,3,-1
10268,0.8235294117647058,0.1620024321746982,119.0,,2,2,3,-1
10273,0.7073170731707317,-0.8630453456745809,41.0,,1,1,2,-1
10278,0.8282828282828283,0.14584145139412133,99.0,,2,2,3,-1
10279,0.625,-0.9113803284751395,8.0,,0,0,0,-1
10280,0.38461538461538464,-1.869855632239335,13.0,,0,0,1,-1
10281,0.8243243243243243,0.11265082254068633,74.0,,2,2,3,-1
10283,0.7654320987654321,-0.26399094286943564,81.0,,1,2,3,-1
10284,0.7692307692307693,-0.14159484455042587,78.0,,1,2,3,-1
10290,0.8852459016393442,0.5714821456141993,61.0,,3,3,3,-1
10293,0.8833333333333333,0.9225920383306018,60.0,,3,3,3,-1
10295,0.6607142857142857,-0.3867443697543865,112.0,,0,1,3,-1
10296,0.8333333333333334,0.2338882365209522,30.0,,2,2,2,-1
10300,0.6239316239316239,-0.5045484434085038,117.0,,0,1,3,-1
10301,0.775,0.18477268526112436,80.0,,2,2,3,-1
10302,0.6741573033707865,-0.34223310039950405,89.0,,1,1,3,-1
10313,0.7468354430379747,0.06757807443885251,79.0,,1,2,3,-1
10340,0.8450704225352113,0.3357464210350416,71.0,,2,3,3,-1
10343,0.828125,0.15884642746821334,64.0,,2,2,3,-1
10347,0.7391304347826086,-0.2255391350019586,92.0,,1,2,3,-1
10348,0.7761194029850746,-0.43491674520113993,67.0,,2,1,3,-1
10350,0.8013698630136986,0.2158897818606201,146.0,,2,2,3,-1
10369,0.6830985915492958,-0.6364916933715831,142.0,,1,1,3,-1
10387,0.7228915662650602,-0.4394089933872893,83.0,,1,1,3,-1
10388,1.0,1.6892402439822112,3.0,,3,3,0,-1
10397,0.6410256410256411,-0.7994090213057091,39.0,,0,1,2,-1
10398,0.7692307692307693,-0.8321376656647569,13.0,,1,1,1,-1
10399,0.7916666666666666,-0.30220816071972384,24.0,,2,2,2,-1
10401,0.7,-0.5665383872321226,40.0,,1,1,2,-1
10403,0.8125,-0.08193217457899225,32.0,,2,2,2,-1
10405,0.7567567567567568,-0.320353806856665,37.0,,1,2,2,-1
10406,0.725,-0.5654218945351647,40.0,,1,1,2,-1
10408,0.875,0.3342212730940873,24.0,,2,3,2,-1
10421,0.7058823529411765,-0.6088271718114804,85.0,,1,1,3,-1
10439,0.8148148148148148,0.5547982139115905,27.0,,2,3,2,-1
10474,0.7,-1.2768450373617855,20.0,,1,0,1,-1
10475,0.8518518518518519,0.06061493800864737,27.0,,2,2,2,-1
10479,0.7647058823529411,-0.3119126350309914,34.0,,1,2,2,-1
10481,0.7901234567901234,0.2548435337477085,81.0,,2,2,3,-1
10483,0.6521739130434783,-0.4768175956293025,92.0,,0,1,3,-1
10484,0.6666666666666666,-0.3511288832115924,108.0,,0,1,3,-1
10489,0.5441176470588235,-1.0239049833473541,68.0,,0,0,3,-1
10490,0.6779661016949152,-0.2672916542086682,59.0,,1,2,3,-1
10495,0.5625,-0.9158981352893668,16.0,,0,0,1,-1
10496,0.8356164383561644,0.07573312219878761,73.0,,2,2,3,-1
10506,0.5294117647058824,-1.1589159040254986,17.0,,0,0,1,-1
10517,0.8421052631578947,0.13612643869194033,57.0,,2,2,3,-1
10518,0.9152542372881356,0.894903678900532,59.0,,3,3,3,-1
10524,0.8787878787878788,0.9332414498851731,66.0,,2,3,3,-1
10526,0.75,-0.4261753307007118,8.0,,1,1,0,-1
10528,0.7111111111111111,-0.46605915758437694,90.0,,1,1,3,-1
10529,0.7792207792207793,0.21060463311081723,77.0,,2,2,3,-1
10535,0.7777777777777778,-0.24330321644612593,9.0,,2,2,0,-1
10543,0.6666666666666666,-0.6494179513295097,12.0,,0,1,1,-1
10552,0.6195652173913043,-0.5843588550276234,92.0,,0,1,3,-1
10556,0.8571428571428571,0.6192999667927696,63.0,,2,3,3,-1
10557,0.7741935483870968,-0.17675249850123786,31.0,,2,2,2,-1
10559,0.9166666666666666,0.4134109056581747,12.0,,3,3,1,-1
10562,1.0,1.6892402439822112,3.0,,3,3,0,-1
10563,1.0,1.6892402439822112,3.0,,3,3,0,-1
10566,0.6261682242990654,-0.4506286825291002,107.0,,0,1,3,-1
10577,0.6,-0.8839906370271248,30.0,,0,0,2,-1
10578,0.5877192982456141,-1.374502429300512,114.0,,0,0,3,-1
10583,0.49230769230769234,-1.5632148114988516,65.0,,0,0,3,-1
10590,0.7272727272727273,-0.16899583555067843,88.0,,1,2,3,-1
10613,0.5454545454545454,-0.9971374361064755,11.0,,0,0,1,-1
10617,0.7777777777777778,-0.2365800670082204,9.0,,2,2,0,-1
10623,0.6351351351351351,-0.4892190583610022,74.0,,0,1,3,-1
10624,0.782051282051282,0.14008625999992141,78.0,,2,2,3,-1
10625,1.0,1.6892402439822112,3.0,,3,3,0,-1
10628,0.9047619047619048,0.7399723990407685,21.0,,3,3,1,-1
10630,1.0,3.638363602423224,21.0,,3,3,1,-1
10631,0.7473684210526316,0.04555303217258849,95.0,,1,2,3,-1
10633,1.0,2.4570767185195797,6.0,,3,3,0,-1
10648,0.7727272727272727,-0.3709603005903472,22.0,,2,1,1,-1
10665,1.0,3.3784804879644224,15.0,,3,3,1,-1
10670,0.8333333333333334,-0.06604854822648591,18.0,,2,2,1,-1
10674,0.7142857142857143,-0.7124799580944814,28.0,,1,1,2,-1
10677,0.3125,-2.4399064010918368,64.0,,0,0,3,-1
10680,0.5555555555555556,-1.267543007089065,45.0,,0,0,2,-1
10683,0.0,-2.810759756017789,3.0,,0,0,0,-1
10686,0.5625,-1.4864603670721017,48.0,,0,0,3,-1
10688,0.5806451612903226,-1.6046567853298006,31.0,,0,0,2,-1
10694,0.5714285714285714,-0.8300751518598697,7.0,,0,1,0,-1
10695,0.7058823529411765,-0.4495289563312759,34.0,,1,1,2,-1
10724,0.5495495495495496,-0.8626843101262496,111.0,,0,1,3,-1
10726,0.7777777777777778,0.03342603425394622,81.0,,2,2,3,-1
10727,0.375,-1.036510734690853,8.0,,0,0,0,-1
10735,0.6470588235294118,-0.7771088039168554,17.0,,0,1,1,-1
10759,0.6923076923076923,-0.5832680182650725,13.0,,1,1,1,-1
10765,0.6666666666666666,-0.7148050431658346,15.0,,0,1,1,-1
10772,0.8571428571428571,0.09461390881681164,7.0,,2,2,0,-1
10773,0.7,-0.5325670075048855,10.0,,1,1,1,-1
10774,0.75,-0.3237762136340804,8.0,,1,2,0,-1
10776,0.0,-4.37229295380545,7.0,,0,0,0,-1
10781,0.8478260869565217,-0.30333289625331555,46.0,,2,2,2,-1
10784,0.3829787234042553,-1.882669178625536,47.0,,0,0,2,-1
10790,0.875,0.18323502982854603,8.0,,2,2,0,-1
10795,0.6666666666666666,-0.616765448190674,9.0,,0,1,0,-1
10797,0.7777777777777778,-0.24330321644612593,9.0,,2,2,0,-1
10801,0.875,0.1977970007241671,8.0,,2,2,0,-1
10803,0.5454545454545454,-0.9912229249186681,11.0,,0,0,1,-1
10808,0.4090909090909091,-1.8105711386061647,22.0,,0,0,1,-1
10811,0.8620689655172413,0.03355961266107739,29.0,,2,2,2,-1
10812,0.7804878048780488,-0.38359849431975607,41.0,,2,1,2,-1
10813,0.5,-2.3063374894006863,20.0,,0,0,1,-1
10814,0.47368421052631576,-2.228821935288274,38.0,,0,0,2,-1
10816,0.8214285714285714,-0.010230344559602091,28.0,,2,2,2,-1
10826,0.6666666666666666,-0.37410324588598326,6.0,,0,1,0,-1
10831,0.5454545454545454,-1.0149083655477547,11.0,,0,0,1,-1
10832,0.22666666666666666,-2.653037752782422,75.0,,0,0,3,-1
10841,0.42857142857142855,-1.1347090155101096,7.0,,0,0,0,-1
10847,0.8,0.003645611902877821,5.0,,2,2,0,-1
10854,1.0,1.6892402439822112,3.0,,3,3,0,-1
10859,0.631578947368421,-0.7442788463320558,38.0,,0,1,2,-1
10863,0.5625,-1.0692812435620165,16.0,,0,0,1,-1
10865,0.6923076923076923,-0.5832680182650722,13.0,,1,1,1,-1
10869,0.52,-1.270705317978733,25.0,,0,0,2,-1
10870,0.8888888888888888,0.2747132505234169,9.0,,3,2,0,-1
10871,0.6428571428571429,-0.7630000438425595,14.0,,0,1,1,-1
10874,0.4,-1.6114472880998179,20.0,,0,0,1,-1
10884,0.8333333333333334,-0.3319007298467435,36.0,,2,2,2,-1
10885,1.0,2.8958404182552195,9.0,,3,3,0,-1
10890,0.5423728813559322,-1.3384693195766633,59.0,,0,0,3,-1
10894,0.3695652173913043,-2.1814450587477308,46.0,,0,0,2,-1
10901,0.6578947368421053,-1.2450088541556774,38.0,,0,0,2,-1
10907,0.8125,-0.7758306078900618,16.0,,2,1,1,-1
10908,0.6307692307692307,-1.3007656794298632,65.0,,0,0,3,-1
10909,0.7391304347826086,-1.3048190056428677,23.0,,1,0,2,-1
10925,0.9473684210526315,1.3412743383903982,57.0,,3,3,3,-1
10935,0.8333333333333334,-0.15841653022380275,18.0,,2,2,1,-1
10944,1.0,1.6892402439822112,3.0,,3,3,0,-1
10945,0.9,0.32050180523894173,10.0,,3,3,1,-1
10947,0.8636363636363636,-0.11719696810397087,22.0,,2,2,1,-1
10952,0.5555555555555556,-1.2255483588540017,27.0,,0,0,2,-1
10957,0.7083333333333334,-0.8074831695416183,24.0,,1,1,2,-1
10958,0.5217391304347826,-1.2872923084517074,23.0,,0,0,2,-1
10960,0.42857142857142855,-1.762552210689642,7.0,,0,0,0,-1
10964,0.75,-0.43517851924011697,16.0,,1,1,1,-1
10966,0.5769230769230769,-1.1463787349813654,26.0,,0,0,2,-1
10967,1.0,2.0020625113863244,4.0,,3,3,0,-1
10968,0.8,-0.2134457749987273,15.0,,2,2,1,-1
10976,0.7368421052631579,-0.4289293670723244,38.0,,1,1,2,-1
10978,0.6027397260273972,-0.7617746533933638,146.0,,0,1,3,-1
10979,0.7397260273972602,-0.13474819857580192,73.0,,1,2,3,-1
10980,0.9016393442622951,0.8077337305982852,61.0,,3,3,3,-1
10987,0.6140350877192983,-0.6731878977689809,57.0,,0,1,3,-1
10995,0.9333333333333333,0.5990267178313543,45.0,,3,3,2,-1
10997,0.25,-0.89576567996229,4.0,,0,0,0,-1
11000,0.75,-0.4216067665941438,16.0,,1,1,1,-1
11001,0.3333333333333333,-2.2052378357717584,30.0,,0,0,2,-1
11007,0.6111111111111112,-1.0077673171896642,18.0,,0,0,1,-1
11016,0.5,-1.5671909761301734,28.0,,0,0,2,-1
11017,0.3684210526315789,-1.8786248598422985,38.0,,0,0,2,-1
11018,0.8181818181818182,-0.13455761505256686,11.0,,2,2,1,-1
11025,0.7222222222222222,-0.6430887980382594,18.0,,1,1,1,-1
11031,0.7678571428571429,-0.7233980039538344,56.0,,1,1,3,-1
11038,0.75,-0.4229244026499553,12.0,,1,1,1,-1
11045,0.72,-0.7103155654742396,25.0,,1,1,2,-1
11046,0.7272727272727273,-0.723247736877005,22.0,,1,1,1,-1
11048,0.7333333333333333,-0.4705371265626565,15.0,,1,1,1,-1
11049,0.4262295081967213,-1.725263905174716,61.0,,0,0,3,-1
11062,0.5106382978723404,-1.1957471660786168,47.0,,0,0,2,-1
11071,0.8461538461538461,-0.5556663934730285,13.0,,2,1,1,-1
11077,0.9090909090909091,-0.14372479399082055,11.0,,3,2,1,-1
11078,0.6086956521739131,-1.4506752328130872,23.0,,0,0,2,-1
11080,0.3170731707317073,-2.5666888077503724,41.0,,0,0,2,-1
11084,0.7027027027027027,-0.6436480962636867,37.0,,1,1,2,-1
11087,0.875,0.19987184464745397,8.0,,2,2,0,-1
11095,0.86,0.5229606444617837,50.0,,2,3,3,-1
11101,0.8,-0.17956758741769685,20.0,,2,2,1,-1
11106,0.5925925925925926,-0.9656610551169768,27.0,,0,0,2,-1
11110,0.6538461538461539,-0.7218052215243967,26.0,,0,1,2,-1
11114,0.75,-0.3258579141465372,24.0,,1,2,2,-1
11123,0.5625,-1.1159007110618062,32.0,,0,0,2,-1
11129,0.8181818181818182,-0.39626977257610513,55.0,,2,1,3,-1
11130,1.0,2.8958404182552195,9.0,,3,3,0,-1
11133,0.7241379310344828,-0.7859806578261725,58.0,,1,1,3,-1
11134,0.7894736842105263,-0.23324421164263287,19.0,,2,2,1,-1
11137,0.9411764705882353,0.8651963575408727,17.0,,3,3,1,-1
11151,0.8421052631578947,0.018432071549880653,19.0,,2,2,1,-1
11152,0.85,0.11367869764671,20.0,,2,2,1,-1
11153,0.7727272727272727,-0.3315616453270545,22.0,,2,2,1,-1
11154,0.6153846153846154,-1.5866691801278132,13.0,,0,0,1,-1
11165,0.9,-0.24940245661887564,10.0,,3,2,1,-1
11167,0.746031746031746,-0.7591755498716921,63.0,,1,1,3,-1
11168,0.8235294117647058,-0.46497289050385265,34.0,,2,1,2,-1
11171,0.775,-0.7877943088047276,40.0,,2,1,2,-1
11174,0.6504854368932039,-0.27942621217885744,103.0,,0,2,3,-1
11177,0.7457627118644068,-0.8883197267548214,59.0,,1,0,3,-1
11180,0.7857142857142857,-0.9832592396910839,14.0,,2,0,1,-1
11187,0.90625,0.39173336464088054,32.0,,3,3,2,-1
11188,0.6875,-1.2997517506233847,16.0,,1,0,1,-1
11189,0.9,-0.2294333215671657,10.0,,3,2,1,-1
11197,0.6,-1.3189382815799449,5.0,,0,0,0,-1
11202,0.75,-0.7666636910747883,40.0,,1,1,2,-1
11205,0.7586206896551724,-0.8215365344480602,58.0,,1,1,3,-1
11208,0.9375,0.8275761276350121,16.0,,3,3,1,-1
11210,0.8333333333333334,-0.625236832462233,12.0,,2,1,1,-1
11213,0.9090909090909091,-0.24389795576320045,11.0,,3,2,1,-1
11222,0.9473684210526315,0.3918391230560771,19.0,,3,3,1,-1
11227,0.6111111111111112,-1.6167583919813546,18.0,,0,0,1,-1
11228,0.6083333333333333,-0.4943567282647794,120.0,,0,1,3,-1
11233,0.9310344827586207,0.6514941008645592,29.0,,3,3,2,-1
11237,0.7244897959183674,-0.5848248013290461,98.0,,1,1,3,-1
11238,1.0,3.7279784694779834,24.0,,3,3,2,-1
11242,0.9259259259259259,0.5692121756605779,27.0,,3,3,2,-1
11243,0.7627118644067796,-0.8293054459921126,59.0,,1,1,3,-1
11253,0.7126436781609196,-0.2463070315362589,87.0,,1,2,3,-1
11255,0.8333333333333334,0.5418855885128447,60.0,,2,3,3,-1
11258,1.0,2.8958404182552195,9.0,,3,3,0,-1
11260,0.7012987012987013,-0.18989430191633766,77.0,,1,2,3,-1
11265,0.6461538461538462,-1.2843048973253888,65.0,,0,0,3,-1
11274,0.3508771929824561,-3.137883790527654,57.0,,0,0,3,-1
11287,0.72,-1.523661660683822,25.0,,1,0,2,-1
11292,0.5555555555555556,-2.3235812819816197,54.0,,0,0,3,-1
11293,0.8095238095238095,-1.2927290636333602,21.0,,2,0,1,-1
11305,0.5121951219512195,-1.5955698174880257,41.0,,0,0,2,-1
11308,0.8235294117647058,-0.49146875608206614,51.0,,2,1,3,-1
11309,0.6470588235294118,-1.437903440624493,17.0,,0,0,1,-1
11311,0.90625,0.20197057385561087,32.0,,3,2,2,-1
11312,0.8181818181818182,-0.7168973037276241,11.0,,2,1,1,-1
11315,0.717741935483871,-0.6588143975810339,124.0,,1,1,3,-1
11316,0.8125,-0.736600475562581,16.0,,2,1,1,-1
11318,1.0,2.8958404182552195,9.0,,3,3,0,-1
11326,0.7580645161290323,-0.42881618735915833,62.0,,1,1,3,-1
11332,0.6625,-1.2774434477477525,80.0,,0,0,3,-1
11344,0.75,-1.087526108250933,12.0,,1,0,1,-1
11367,0.7926829268292683,0.3058261514585488,82.0,,2,3,3,-1
11375,1.0,1.6892402439822112,3.0,,3,3,0,-1
11382,1.0,2.8958404182552195,9.0,,3,3,0,-1
11384,0.7142857142857143,-0.5910431603100861,49.0,,1,1,3,-1
11386,0.8181818181818182,-0.6988733881976279,11.0,,2,1,1,-1
11388,0.7924528301886793,-0.6729229381810392,53.0,,2,1,3,-1
11389,0.7142857142857143,-1.173141652128886,14.0,,1,0,1,-1
11392,0.4943820224719101,-1.4917754859934247,89.0,,0,0,3,-1
11393,0.6728971962616822,-0.3631445132206103,107.0,,1,1,3,-1
11396,1.0,2.8958404182552195,9.0,,3,3,0,-1
11397,0.6833333333333333,-0.7185636580325772,120.0,,1,1,3,-1
11402,0.7884615384615384,-0.6053185172068966,52.0,,2,1,3,-1
11407,0.9166666666666666,-0.06322854918023157,12.0,,3,2,1,-1
11411,0.6875,-1.3501339460624173,16.0,,1,0,1,-1
11415,0.9642857142857143,1.0480774077614479,28.0,,3,3,2,-1
11416,0.875,0.12773983973714315,32.0,,2,2,2,-1
11418,0.6,-1.4324534117276555,55.0,,0,0,3,-1
11421,0.6923076923076923,-1.3025032231176952,13.0,,1,0,1,-1
11422,0.6428571428571429,-1.4485521565543735,14.0,,0,0,1,-1
11429,0.8333333333333334,-0.6419716053547131,12.0,,2,1,1,-1
11431,0.5789473684210527,-1.4622231874498248,95.0,,0,0,3,-1
11439,0.875,0.871729181205716,80.0,,2,3,3,-1
11443,1.0,3.9552942298120066,36.0,,3,3,2,-1
11444,0.8125,-0.836434178438125,16.0,,2,1,1,-1
11452,0.6336633663366337,-0.5133675365820046,101.0,,0,1,3,-1
11454,0.5306122448979592,-1.2339369276834031,49.0,,0,0,3,-1
11462,0.6847826086956522,-0.9203681447897967,92.0,,1,0,3,-1
11466,0.8,0.18910639379397637,70.0,,2,2,3,-1
11472,0.8461538461538461,-0.5980159718405064,13.0,,2,1,1,-1
11474,0.8,-1.2382539500614953,20.0,,2,0,1,-1
11491,1.0,1.6892402439822112,3.0,,3,3,0,-1
11496,0.6875,-0.7693948263482916,112.0,,1,1,3,-1
11499,0.7894736842105263,0.10018982261618967,57.0,,2,2,3,-1
11506,0.6865671641791045,-1.1097955266523434,67.0,,1,0,3,-1
11509,0.5625,-1.8399814666521561,32.0,,0,0,2,-1
11514,0.782608695652174,-1.1917367296383985,23.0,,2,0,2,-1
11517,0.8333333333333334,0.5057535996111274,60.0,,2,3,3,-1
11521,0.8636363636363636,-0.1337372116698019,44.0,,2,2,2,-1
11524,0.6847826086956522,-1.0020319975652157,92.0,,1,0,3,-1
11531,1.0,2.8958404182552195,9.0,,3,3,0,-1
11532,0.7,-0.15689969590034636,80.0,,1,2,3,-1
11541,0.7213114754098361,-1.0385381113322694,61.0,,1,0,3,-1
11550,0.8125,-0.44447243475129816,32.0,,2,1,2,-1
11553,0.7857142857142857,-0.8571615475257149,14.0,,2,1,1,-1
11557,0.8620689655172413,-0.12208900909883728,29.0,,2,2,2,-1
11563,0.925,1.1609066955016019,40.0,,3,3,2,-1
11565,0.6862745098039216,-0.3915848060663661,51.0,,1,1,3,-1
11575,0.6666666666666666,-1.4195586203249748,15.0,,0,0,1,-1
11580,0.926829268292683,0.48463148485352847,41.0,,3,3,2,-1
11600,0.9,0.293552191346488,10.0,,3,3,1,-1
11605,0.7,-1.029543727575583,20.0,,1,0,1,-1
11609,0.4666666666666667,-1.4000875926926344,30.0,,0,0,2,-1
11614,1.0,1.6892402439822112,3.0,,3,3,0,-1
11617,0.5825242718446602,-0.6485900055394559,103.0,,0,1,3,-1
11621,0.7647058823529411,-0.22030434170908705,17.0,,1,2,1,-1
11622,0.35714285714285715,-1.7618363209810441,14.0,,0,0,1,-1
11627,0.8571428571428571,-0.011681732838885125,14.0,,2,2,1,-1
11630,0.2727272727272727,-2.393347000094237,22.0,,0,0,1,-1
11639,0.9130434782608695,-0.06742308054884914,23.0,,3,2,2,-1
11645,0.7575757575757576,-0.6511940422613772,66.0,,1,1,3,-1
11653,0.7083333333333334,-0.19084182846391606,72.0,,1,2,3,-1
11656,0.8,-0.14907638029562031,5.0,,2,2,0,-1
11659,0.7258064516129032,-0.9854519871655818,62.0,,1,0,3,-1
11671,0.6666666666666666,-1.4895635808124337,15.0,,0,0,1,-1
11673,0.7804878048780488,-0.11095977561753535,82.0,,2,2,3,-1
11675,0.8333333333333334,-0.2567682523572179,48.0,,2,2,3,-1
11685,0.5121951219512195,-1.1713088203537252,41.0,,0,0,2,-1
11687,0.6842105263157895,-0.47789187147225065,57.0,,1,1,3,-1
11690,0.896551724137931,0.23341502561449576,29.0,,3,2,2,-1
11696,0.8901098901098901,1.0237892310002952,91.0,,3,3,3,-1
11705,0.92,1.1883112998710044,50.0,,3,3,3,-1
11707,0.9,-0.24940245661887564,10.0,,3,2,1,-1
11710,0.6428571428571429,-1.280304346671298,42.0,,0,0,2,-1
11716,0.7238095238095238,-0.41361936534691734,105.0,,1,1,3,-1
11732,0.6,-1.3414856748256772,5.0,,0,0,0,-1
11735,0.7954545454545454,-0.3093097205258815,88.0,,2,2,3,-1
11745,0.35714285714285715,-1.4213410018177743,14.0,,0,0,1,-1
11747,0.7142857142857143,-0.97311462607317,21.0,,1,0,1,-1
11752,0.631578947368421,-0.7030619520068153,38.0,,0,1,2,-1
11758,0.4126984126984127,-1.8058907121186216,63.0,,0,0,3,-1
11764,0.5263157894736842,-1.927292811337037,19.0,,0,0,1,-1
11765,0.7894736842105263,-0.5659813564366382,38.0,,2,1,2,-1
11772,0.9743589743589743,1.3571047089064083,39.0,,3,3,2,-1
11774,0.4,-1.529802684305822,60.0,,0,0,3,-1
11790,0.8,-0.8368641194632727,15.0,,2,1,1,-1
11793,0.7777777777777778,-1.0601781204107295,18.0,,2,0,1,-1
11798,0.5833333333333334,-1.6851705292980148,60.0,,0,0,3,-1
11802,0.660377358490566,-0.4811885152291291,53.0,,0,1,3,-1
11804,0.6626506024096386,-1.3028400017112876,83.0,,0,0,3,-1
11806,0.7692307692307693,-1.0112122247176325,13.0,,1,0,1,-1
11809,0.7352941176470589,-1.0439108184815724,68.0,,1,0,3,-1
11812,0.926829268292683,0.4474942188958596,41.0,,3,3,2,-1
11816,0.7924528301886793,-0.5784546086253399,53.0,,2,1,3,-1
11817,0.6333333333333333,-0.6451579790619226,30.0,,0,1,2,-1
11818,0.7321428571428571,-1.0766890615906655,56.0,,1,0,3,-1
11820,0.8461538461538461,-0.6194183322722003,13.0,,2,1,1,-1
11823,0.7619047619047619,-0.7790813381732863,63.0,,1,1,3,-1
11826,0.6722689075630253,-0.7834184864390351,119.0,,1,1,3,-1
11835,0.7272727272727273,-1.1742404161021076,22.0,,1,0,1,-1
11836,0.9047619047619048,-0.1384928871489811,21.0,,3,2,1,-1
11840,0.8484848484848485,0.3389845823986493,66.0,,2,3,3,-1
11841,0.5844155844155844,-1.3584171386918404,77.0,,0,0,3,-1
11854,0.8181818181818182,-0.5216386928869677,55.0,,2,1,3,-1
11862,0.59375,-1.0270419029090556,128.0,,0,0,3,-1
11865,0.7846153846153846,-0.7209756696387893,65.0,,2,1,3,-1
11872,0.8,-0.7953352276689982,15.0,,2,1,1,-1
11875,0.5833333333333334,-1.747916212087668,60.0,,0,0,3,-1
11890,0.7966101694915254,-0.5416941197643073,59.0,,2,1,3,-1
11892,0.6666666666666666,-1.1474713457935362,75.0,,0,0,3,-1
11896,0.775,-0.23845690905108566,80.0,,2,2,3,-1
11899,0.6,-1.1253277957943655,25.0,,0,0,2,-1
11908,0.6111111111111112,-0.9920077089220576,18.0,,0,0,1,-1
11909,0.6764705882352942,-1.218143936419446,68.0,,1,0,3,-1
11911,0.6352941176470588,-1.2742372156060027,85.0,,0,0,3,-1
11913,0.6944444444444444,-1.10496092989565,72.0,,1,0,3,-1
11915,0.875,-0.384639880179505,16.0,,2,1,1,-1
11917,0.8064516129032258,0.2401605372830951,62.0,,2,2,3,-1
11924,0.7692307692307693,-1.0112122247176325,13.0,,1,0,1,-1
11933,0.7,-1.1500118780941453,70.0,,1,0,3,-1
11934,0.7633587786259542,-0.2271864639794903,131.0,,1,2,3,-1
11937,0.7538461538461538,-0.8122911672508125,65.0,,1,1,3,-1
11940,0.7142857142857143,-0.16305334659205242,7.0,,1,2,0,-1
11942,0.9,-0.1391696646825901,20.0,,3,2,1,-1
11958,0.7532467532467533,-0.17831513574011895,77.0,,1,2,3,-1
11960,0.8222222222222222,-0.4941319257070131,45.0,,2,1,2,-1
11961,0.6470588235294118,-1.4478438314931068,68.0,,0,0,3,-1
11962,0.7111111111111111,-1.0670538701246044,45.0,,1,0,2,-1
11963,0.9166666666666666,-0.11492345527305065,12.0,,3,2,1,-1
11965,0.6785714285714286,-0.5127089917125058,56.0,,1,1,3,-1
11969,0.6885245901639344,-1.1927730963924856,61.0,,1,0,3,-1
11975,0.8444444444444444,-0.3394836361901424,45.0,,2,1,2,-1
11977,0.8064516129032258,-0.42167497683584015,31.0,,2,1,2,-1
11981,0.7058823529411765,-1.4262033754705203,17.0,,1,0,1,-1
11983,0.7464788732394366,-0.8331567475340952,71.0,,1,1,3,-1
11986,0.7358490566037735,-0.9678800103640363,53.0,,1,0,3,-1
11990,1.0,2.8958404182552195,9.0,,3,3,0,-1
11993,0.6756756756756757,-0.9933611284392492,37.0,,1,0,2,-1
11998,0.75,-0.7902422911318109,8.0,,1,1,0,-1
12006,0.8,-0.17804960001008874,5.0,,2,2,0,-1
12009,1.0,3.0969404473007205,11.0,,3,3,1,-1
12013,0.6666666666666666,-0.33055333003490095,12.0,,0,2,1,-1
12014,0.75,-0.3211648958245038,16.0,,1,2,1,-1
12017,0.5862068965517241,-0.8740915640313046,29.0,,0,0,2,-1
12018,0.782608695652174,0.1512472037507151,23.0,,2,2,2,-1
12020,0.7142857142857143,-0.2781909697152321,14.0,,1,2,1,-1
12022,0.625,-0.6921585066558033,8.0,,0,1,0,-1
12024,0.6190476190476191,-0.7177950434636104,21.0,,0,1,1,-1
12030,0.8333333333333334,0.24821402026528722,24.0,,2,2,2,-1
12032,0.75,-0.272024785178628,4.0,,1,2,0,-1
12035,0.8571428571428571,0.11231437776829677,7.0,,2,2,0,-1
12046,0.8,-0.02321283935480295,15.0,,2,2,1,-1
12047,0.6666666666666666,-0.5915125258519662,6.0,,0,1,0,-1
12052,0.6956521739130435,-0.3986450687442015,23.0,,1,1,2,-1
12061,0.5882352941176471,-1.7482818826439557,17.0,,0,0,1,-1
12069,0.86,-0.17077282620656947,50.0,,2,2,3,-1
12070,0.9,-0.2294333215671657,10.0,,3,2,1,-1
12076,0.6428571428571429,-1.5374443752214841,14.0,,0,0,1,-1
12080,0.8235294117647058,-0.2465813416761767,51.0,,2,2,3,-1
12082,0.6181818181818182,-1.1406746177223204,110.0,,0,0,3,-1
12086,0.4444444444444444,-2.1384242083108056,9.0,,0,0,0,-1
12093,0.86,-0.20423601805885286,50.0,,2,2,3,-1
12095,0.9285714285714286,0.4272561684974407,28.0,,3,3,2,-1
12102,0.4244604316546763,-1.4712662705300068,139.0,,0,0,3,-1
12103,0.6176470588235294,-0.5559071270332926,102.0,,0,1,3,-1
12109,0.7647058823529411,-0.764099751549297,51.0,,1,1,3,-1
12111,1.0,1.6892402439822112,3.0,,3,3,0,-1
12133,1.0,1.6892402439822112,3.0,,3,3,0,-1
12138,1.0,1.6892402439822112,3.0,,3,3,0,-1
12141,0.6666666666666666,-1.2819242694126962,6.0,,0,0,0,-1
12142,0.6,-1.3189382815799449,5.0,,0,0,0,-1
12146,1.0,1.6892402439822112,3.0,,3,3,0,-1
12147,1.0,1.6892402439822112,3.0,,3,3,0,-1
12149,1.0,1.6892402439822112,3.0,,3,3,0,-1
12151,0.9,0.15180499866161015,40.0,,3,2,2,-1
12152,0.609375,-0.6354838190450346,64.0,,0,1,3,-1
12157,0.75,-0.043199318877082206,4.0,,1,2,0,-1
12160,0.4444444444444444,-0.9121849028433906,9.0,,0,0,0,-1
12172,0.5384615384615384,-1.4708188345400273,65.0,,0,0,3,-1
12173,1.0,2.8958404182552195,9.0,,3,3,0,-1
12189,0.788235294117647,-0.21108528561328077,85.0,,2,2,3,-1
12192,0.8620689655172413,0.24277135261943777,29.0,,2,2,2,-1
12193,0.5641025641025641,-1.5231668700821523,39.0,,0,0,2,-1
12207,0.704,-0.629700870965268,125.0,,1,1,3,-1
12211,0.775,-0.6529244078088549,40.0,,2,1,2,-1
12216,0.9230769230769231,0.39547816785361983,26.0,,3,3,2,-1
12235,0.875,-0.19075783570024,8.0,,2,2,0,-1
12244,0.6046511627906976,-1.105444161466263,43.0,,0,0,2,-1
12245,0.7,-1.3076211619960962,20.0,,1,0,1,-1
12246,0.96,1.034719384092265,25.0,,3,3,2,-1
12253,0.5966386554621849,-1.4136360767261145,119.0,,0,0,3,-1
12266,0.8275862068965517,-0.3146814868756514,29.0,,2,2,2,-1
12269,0.8333333333333334,-0.5155367063041323,30.0,,2,1,2,-1
12276,0.8125,-1.0898102494979913,16.0,,2,0,1,-1
12279,0.7674418604651163,0.17707542977373178,86.0,,1,2,3,-1
12284,0.8333333333333334,-0.47345327315059293,12.0,,2,1,1,-1
12285,0.625,-1.4784399136294615,8.0,,0,0,0,-1
12295,1.0,2.0020625113863244,4.0,,3,3,0,-1
12301,0.5,-0.6522604061222571,6.0,,0,1,0,-1
12302,1.0,1.6892402439822112,3.0,,3,3,0,-1
12305,0.5384615384615384,-2.043353545150204,13.0,,0,0,1,-1
12308,0.625,-2.0159421491703013,16.0,,0,0,1,-1
12312,0.8035714285714286,-0.5223141485495916,56.0,,2,1,3,-1
12317,0.7413793103448276,-0.3276147724245983,58.0,,1,2,3,-1
12318,0.7627118644067796,-0.6598297188706821,59.0,,1,1,3,-1
12321,1.0,1.6892402439822112,3.0,,3,3,0,-1
12324,1.0,1.6892402439822112,3.0,,3,3,0,-1
12336,0.6666666666666666,-0.8654552564956214,6.0,,0,0,0,-1
12338,0.8333333333333334,-0.36696382461218957,12.0,,2,1,1,-1
12339,0.8,-0.16636588023815882,10.0,,2,2,1,-1
12340,1.0,2.252320325309615,5.0,,3,3,0,-1
12355,0.7692307692307693,-0.9659741438621929,13.0,,1,0,1,-1
12356,0.6666666666666666,-1.2060951590768472,66.0,,0,0,3,-1
12358,1.0,1.6892402439822112,3.0,,3,3,0,-1
12368,0.3333333333333333,-1.1913302361367428,3.0,,0,0,0,-1
12369,0.2,-2.5800185361749786,10.0,,0,0,1,-1
12371,0.5,-1.3547637038434572,6.0,,0,0,0,-1
12373,0.8314606741573034,0.16020822652082556,89.0,,2,2,3,-1
12378,0.8571428571428571,0.6879629142871392,21.0,,2,3,1,-1
12381,0.7222222222222222,-0.22277864727440164,18.0,,1,2,1,-1
12386,0.8260869565217391,0.13002252222152735,69.0,,2,2,3,-1
12388,0.2857142857142857,-2.5986619706493364,14.0,,0,0,1,-1
12397,0.875,0.750092338985738,8.0,,2,3,0,-1
12398,0.68,-0.3007993301994294,25.0,,1,2,2,-1
12400,0.9444444444444444,1.4632879451259355,18.0,,3,3,1,-1
12407,1.0,2.4570767185195797,6.0,,3,3,0,-1
12409,0.9285714285714286,1.338123305742999,28.0,,3,3,2,-1
12411,0.9,0.949026769143226,10.0,,3,3,1,-1
12415,0.75,0.16680066432001228,20.0,,1,2,1,-1
12420,0.9,0.9957610365785506,20.0,,3,3,1,-1
12424,0.8,0.4541580676526712,10.0,,2,3,1,-1
12439,0.6666666666666666,0.014579212858088414,12.0,,0,2,1,-1
12444,1.0,1.6892402439822112,3.0,,3,3,0,-1
12448,1.0,2.4570767185195797,6.0,,3,3,0,-1
12453,0.9130434782608695,1.1525099315024736,23.0,,3,3,2,-1
12465,0.4,-0.5109498239512652,5.0,,0,1,0,-1
12466,0.6,-0.5134044393232156,25.0,,0,1,2,-1
12485,0.6153846153846154,-0.8750966275562033,13.0,,0,0,1,-1
12491,0.8571428571428571,0.02466729292950156,7.0,,2,2,0,-1
12500,0.6666666666666666,-0.2571959814865987,3.0,,0,2,0,-1
12502,0.6923076923076923,0.10329680587026122,13.0,,1,2,1,-1
12504,0.5454545454545454,-0.9248940018323711,55.0,,0,0,3,-1
12506,0.75,-0.015234582435051191,12.0,,1,2,1,-1
12509,0.9444444444444444,1.4435131503160186,18.0,,3,3,1,-1
12516,0.875,0.7676558987139164,8.0,,2,3,0,-1
12526,0.875,0.7732572293790652,16.0,,2,3,1,-1
12535,1.0,2.0020625113863244,4.0,,3,3,0,-1
12541,0.9,0.957989683303395,20.0,,3,3,1,-1
12544,0.6,-0.6641817802459735,100.0,,0,1,3,-1
12545,1.0,1.6892402439822112,3.0,,3,3,0,-1
12568,0.6470588235294118,-0.059184929394946885,17.0,,0,2,1,-1
12571,0.8043478260869565,-0.5129586586571779,46.0,,2,1,2,-1
12581,1.0,2.4570767185195797,6.0,,3,3,0,-1
12586,0.875,0.750092338985738,8.0,,2,3,0,-1
12588,0.90625,0.6696623240597871,32.0,,3,3,2,-1
12597,0.5,-0.7406354964460625,8.0,,0,1,0,-1
12598,0.8888888888888888,0.8444407188102242,9.0,,3,3,0,-1
12614,0.875,0.8745813570215546,24.0,,2,3,2,-1
12615,0.782608695652174,0.2798253690669323,23.0,,2,2,2,-1
12618,0.8095238095238095,0.030816194310436636,21.0,,2,2,1,-1
12619,1.0,3.0030937670794864,10.0,,3,3,1,-1
12622,0.9,-0.3501839326381694,10.0,,3,1,1,-1
12625,0.9090909090909091,0.991012884972583,11.0,,3,3,1,-1
12631,0.7333333333333333,0.039219689287301907,15.0,,1,2,1,-1
12632,0.7222222222222222,0.008124815023958527,18.0,,1,2,1,-1
12641,1.0,1.6892402439822112,3.0,,3,3,0,-1
12643,1.0,1.6892402439822112,3.0,,3,3,0,-1
12650,0.3076923076923077,-2.7836407975771196,13.0,,0,0,1,-1
12654,1.0,1.6892402439822112,3.0,,3,3,0,-1
12655,1.0,1.6892402439822112,3.0,,3,3,0,-1
12659,1.0,1.6892402439822112,3.0,,3,3,0,-1
12661,1.0,1.6892402439822112,3.0,,3,3,0,-1
12665,0.8,-0.8285236598235524,5.0,,2,1,0,-1
12677,0.5882352941176471,-0.9315151524447721,34.0,,0,0,2,-1
12678,0.8333333333333334,0.4987164952556598,12.0,,2,3,1,-1
12679,0.7222222222222222,0.03809413241679814,18.0,,1,2,1,-1
12686,0.75,0.175793864116017,12.0,,1,2,1,-1
12690,0.9,0.8757728580041366,10.0,,3,3,1,-1
12702,0.75,0.15600230238125185,12.0,,1,2,1,-1
12705,0.5789473684210527,-0.6233659564550218,19.0,,0,1,1,-1
12706,0.7857142857142857,-0.04359298683362122,14.0,,2,2,1,-1
12708,0.7307692307692307,-0.5385602316734045,26.0,,1,1,2,-1
12710,0.7619047619047619,-0.2591373636602519,21.0,,1,2,1,-1
12713,1.0,2.8958404182552195,9.0,,3,3,0,-1
12714,0.9,0.5529138697448662,10.0,,3,3,1,-1
12724,0.3157894736842105,-1.8255192276733492,38.0,,0,0,2,-1
12725,0.7272727272727273,-0.4452210713642363,22.0,,1,1,1,-1
12727,0.85,0.19967924706433637,20.0,,2,2,1,-1
12732,1.0,1.6892402439822112,3.0,,3,3,0,-1
12733,0.8235294117647058,-0.8735634095155047,34.0,,2,0,2,-1
12734,1.0,2.4570767185195797,6.0,,3,3,0,-1
12736,1.0,2.4570767185195797,6.0,,3,3,0,-1
12738,0.5454545454545454,-0.8019686170371559,11.0,,0,1,1,-1
12739,0.3333333333333333,-0.7657382002468112,3.0,,0,1,0,-1
12741,0.7,-1.5236849149985074,10.0,,1,0,1,-1
12747,0.8571428571428571,-0.7849325564224342,7.0,,2,1,0,-1
12749,0.8571428571428571,-0.7849325564224343,7.0,,2,1,0,-1
12760,0.75,-0.8643241731925543,4.0,,1,0,0,-1
12772,0.5,-1.847091654618576,16.0,,0,0,1,-1
12783,0.7368421052631579,-1.451025776484885,19.0,,1,0,1,-1
12793,0.6153846153846154,-0.8743247887407766,13.0,,0,0,1,-1
12796,0.38461538461538464,-1.787538170725046,13.0,,0,0,1,-1
12802,0.5714285714285714,-2.0975847411949173,21.0,,0,0,1,-1
12804,0.5714285714285714,-0.8834996214736517,7.0,,0,0,0,-1
12805,1.0,2.4570767185195797,6.0,,3,3,0,-1
12806,0.5714285714285714,-0.8870953518216982,7.0,,0,0,0,-1
12807,0.6666666666666666,-1.1703673572495539,15.0,,0,0,1,-1
12818,0.9130434782608695,-0.04520647250040716,23.0,,3,2,2,-1
12825,0.6666666666666666,-1.5963219019064305,27.0,,0,0,2,-1
12831,0.875,0.03636602895672995,24.0,,2,2,2,-1
12832,0.9629629629629629,1.0680846704540035,27.0,,3,3,2,-1
12833,0.6363636363636364,-0.4528954924790046,11.0,,0,1,1,-1
12837,0.6153846153846154,-0.6408499683202445,13.0,,0,1,1,-1
12839,0.8611111111111112,-0.40174299481685427,36.0,,2,1,2,-1
12852,0.0,-2.810759756017789,3.0,,0,0,0,-1
12854,0.7307692307692307,-0.6269969348310324,26.0,,1,1,2,-1
12855,0.7777777777777778,-0.6268852249980943,9.0,,2,1,0,-1
12857,0.45454545454545453,-1.2679155798695327,11.0,,0,0,1,-1
12858,0.35714285714285715,-1.3993649352091904,14.0,,0,0,1,-1
12865,0.6,-1.0771428394585523,15.0,,0,0,1,-1
12873,0.75,-0.3302414578270367,4.0,,1,2,0,-1
12877,0.46153846153846156,-1.7690100700864673,39.0,,0,0,2,-1
12878,1.0,1.6892402439822112,3.0,,3,3,0,-1
12885,0.625,-1.0139656673073625,16.0,,0,0,1,-1
12890,0.7142857142857143,-0.5397961537942817,7.0,,1,1,0,-1
12898,1.0,1.6892402439822112,3.0,,3,3,0,-1
12904,0.59375,-0.9460731592092491,32.0,,0,0,2,-1
12919,0.6666666666666666,-0.6318983954921275,24.0,,0,1,2,-1
12922,1.0,3.4808586845694047,17.0,,3,3,1,-1
12938,0.7857142857142857,0.3181493501445057,14.0,,2,3,1,-1
12939,0.5714285714285714,-1.722404439828877,7.0,,0,0,0,-1
12940,1.0,3.8221193399193467,28.0,,3,3,2,-1
12941,1.0,2.4570767185195797,6.0,,3,3,0,-1
12944,0.6,-1.4174551455355453,5.0,,0,0,0,-1
12957,0.8571428571428571,0.02351358402926073,14.0,,2,2,1,-1
12963,0.0,-4.996906232920513,10.0,,0,0,1,-1
12970,0.8131868131868132,0.0229306849456254,91.0,,2,2,3,-1
12980,0.6,-0.5921531988368525,5.0,,0,1,0,-1
12983,0.5263157894736842,-1.1751586975119304,19.0,,0,0,1,-1
12988,0.75,-0.3646635110892957,12.0,,1,1,1,-1
12989,0.8585858585858586,0.035861525225185244,99.0,,2,2,3,-1
12991,0.9166666666666666,0.5645034557338722,12.0,,3,3,1,-1
13006,0.7777777777777778,-0.37857381556142045,9.0,,2,1,0,-1
13010,0.8640776699029126,0.13987574190782864,103.0,,2,2,3,-1
13012,1.0,1.6892402439822112,3.0,,3,3,0,-1
13016,0.8,-0.24133613595524628,5.0,,2,2,0,-1
13023,1.0,1.6892402439822112,3.0,,3,3,0,-1
13028,0.8,-0.2869922796594092,10.0,,2,2,1,-1
13032,0.75,-0.3423797075237966,4.0,,1,1,0,-1
13039,0.75,-0.3423797075237966,4.0,,1,1,0,-1
13040,1.0,1.6892402439822112,3.0,,3,3,0,-1
13044,0.75,-1.006418315298359,40.0,,1,0,2,-1
13051,0.8461538461538461,-0.24127844513673874,52.0,,2,2,3,-1
13052,0.7714285714285715,-0.7682252333594981,70.0,,2,1,3,-1
13057,0.8504672897196262,0.1408430596008549,107.0,,2,2,3,-1
13060,0.8363636363636363,-0.5532239777903988,55.0,,2,1,3,-1
13062,0.8,-0.6032412859972672,75.0,,2,1,3,-1
13065,0.92,0.6401103079073563,25.0,,3,3,2,-1
13075,0.6923076923076923,-1.0724309532954341,65.0,,1,0,3,-1
13078,0.8,-0.2276806052238295,5.0,,2,2,0,-1
13089,0.7346938775510204,-1.0510461777835969,49.0,,1,0,3,-1
13091,0.9791666666666666,1.7212267992592065,48.0,,3,3,3,-1
13096,0.8571428571428571,-0.09756391663594546,35.0,,2,2,2,-1
13104,0.918918918918919,0.3626830069935331,37.0,,3,3,2,-1
13106,0.896551724137931,-0.014674673741952153,29.0,,3,2,2,-1
13108,0.71875,-0.851942511502041,32.0,,1,1,2,-1
13113,0.6956521739130435,-0.9131743661414724,69.0,,1,0,3,-1
13124,0.7777777777777778,-1.079148989274637,36.0,,2,0,2,-1
13127,0.75,-0.8445490562602092,64.0,,1,1,3,-1
13131,0.7380952380952381,-1.2589121738216877,42.0,,1,0,2,-1
13139,0.8529411764705882,-0.6547982831017756,34.0,,2,1,2,-1
13155,0.8604651162790697,-0.16518714570360052,43.0,,2,2,2,-1
13157,0.7391304347826086,-0.9656388812583417,46.0,,1,0,2,-1
13175,0.9615384615384616,0.9215538694295572,26.0,,3,3,2,-1
13182,0.8571428571428571,-0.8228096227233035,14.0,,2,1,1,-1
13191,0.7692307692307693,-1.5420231753705067,26.0,,1,0,2,-1
13194,0.9,-0.06484576753600609,30.0,,3,2,2,-1
13197,0.8913043478260869,0.33426373904523077,92.0,,3,3,3,-1
13199,0.5833333333333334,-0.9720644409399836,12.0,,0,0,1,-1
13205,0.8941176470588236,0.279162011068898,85.0,,3,2,3,-1
13206,1.0,2.252320325309615,5.0,,3,3,0,-1
13207,0.7777777777777778,-0.22388861369706234,9.0,,2,2,0,-1
13218,1.0,1.6892402439822112,3.0,,3,3,0,-1
13223,0.7666666666666667,-0.9762680808326835,60.0,,1,0,3,-1
13227,0.8378378378378378,-0.7425923464814512,37.0,,2,1,2,-1
13230,0.7272727272727273,-1.3342689631257083,11.0,,1,0,1,-1
13234,0.8,-1.4332229274550625,35.0,,2,0,2,-1
13235,0.9090909090909091,-0.3644808054777739,11.0,,3,1,1,-1
13244,0.75,0.23164910607503625,40.0,,1,2,2,-1
13253,0.8494623655913979,0.14327873264507168,93.0,,2,2,3,-1
13256,0.7580645161290323,-0.3152730679862184,124.0,,1,2,3,-1
13258,0.8055555555555556,-0.797111012260435,36.0,,2,1,2,-1
13263,0.9411764705882353,1.2457576930917038,51.0,,3,3,3,-1
13271,0.9166666666666666,-0.0327552414387521,12.0,,3,2,1,-1
13282,1.0,2.4570767185195797,6.0,,3,3,0,-1
13290,0.9090909090909091,-0.04812228106330774,11.0,,3,2,1,-1
13291,0.8181818181818182,-0.6829890169336128,11.0,,2,1,1,-1
13301,0.5714285714285714,-0.9189691627816986,7.0,,0,0,0,-1
13311,0.75,-1.0869662946480385,12.0,,1,0,1,-1
13319,0.78125,-1.2508748285098905,32.0,,2,0,2,-1
13327,0.7222222222222222,-1.509988070092486,18.0,,1,0,1,-1
13332,0.9444444444444444,1.192878542318482,36.0,,3,3,2,-1
13336,0.8589743589743589,0.3545012433728302,78.0,,2,3,3,-1
13344,1.0,2.7720865542272186,8.0,,3,3,0,-1
13345,1.0,2.4570767185195797,6.0,,3,3,0,-1
13354,0.8571428571428571,-0.3205990154813053,7.0,,2,2,0,-1
13362,0.6666666666666666,-1.0912596862843886,12.0,,0,0,1,-1
13368,1.0,1.6892402439822112,3.0,,3,3,0,-1
13374,1.0,1.6892402439822112,3.0,,3,3,0,-1
13380,1.0,2.8958404182552195,9.0,,3,3,0,-1
13383,0.9333333333333333,0.7088324076199418,15.0,,3,3,1,-1
13388,1.0,1.6892402439822112,3.0,,3,3,0,-1
13416,0.8888888888888888,-0.17304774508801646,9.0,,3,2,0,-1
13423,0.9,-0.08001762478463714,10.0,,3,2,1,-1
13431,1.0,2.4570767185195797,6.0,,3,3,0,-1
13434,1.0,2.8958404182552195,9.0,,3,3,0,-1
13439,0.9,-0.036651928003558876,10.0,,3,2,1,-1
13446,1.0,1.6892402439822112,3.0,,3,3,0,-1
13447,1.0,1.6892402439822112,3.0,,3,3,0,-1
13452,0.75,0.11973027245325618,36.0,,1,2,2,-1
13453,1.0,1.6892402439822112,3.0,,3,3,0,-1
13457,1.0,1.6892402439822112,3.0,,3,3,0,-1
13463,0.6617647058823529,-0.06072877694762283,68.0,,0,2,3,-1
13467,0.7142857142857143,-0.09725394094274863,28.0,,1,2,2,-1
13468,0.9117647058823529,0.7747509822486127,68.0,,3,3,3,-1
13474,0.9473684210526315,1.3306467889213245,57.0,,3,3,3,-1
13479,0.8181818181818182,0.5281042094522658,22.0,,2,3,1,-1
13481,0.7272727272727273,-0.914542231401261,11.0,,1,0,1,-1
13490,0.8,-0.672486800865852,15.0,,2,1,1,-1
13496,0.6233766233766234,-1.6087313708367716,77.0,,0,0,3,-1
13499,0.47058823529411764,-0.8121747499670955,17.0,,0,1,1,-1
13501,1.0,1.6892402439822112,3.0,,3,3,0,-1
13503,0.8333333333333334,0.6501611019241251,48.0,,2,3,3,-1
13506,0.7307692307692307,0.08275916196132946,26.0,,1,2,2,-1
13508,0.7727272727272727,0.27798164649660134,44.0,,2,2,2,-1
13518,0.6511627906976745,-0.4548855754827096,43.0,,0,1,2,-1
13520,0.7307692307692307,-0.15397117089950485,52.0,,1,2,3,-1
13521,0.6923076923076923,-0.4321001042409244,26.0,,1,1,2,-1
13523,0.9322033898305084,1.4330701052497425,59.0,,3,3,3,-1
13525,0.8,0.5028955537700549,40.0,,2,3,2,-1
13531,0.78125,0.5500257932545977,32.0,,2,3,2,-1
13538,0.9473684210526315,1.5992301278573664,19.0,,3,3,1,-1
13539,0.8611111111111112,0.8242293454873675,36.0,,2,3,2,-1
13548,1.0,1.6892402439822112,3.0,,3,3,0,-1
13550,0.71,-1.220227486310924,100.0,,1,0,3,-1
13568,0.8333333333333334,0.07890566856964805,36.0,,2,2,2,-1
13584,1.0,1.6892402439822112,3.0,,3,3,0,-1
13590,1.0,2.7720865542272186,8.0,,3,3,0,-1
13615,0.7745098039215687,-0.4074573534317138,102.0,,2,1,3,-1
13624,0.8714285714285714,0.07168843245541691,70.0,,2,2,3,-1
13629,0.8888888888888888,0.1273551444270931,45.0,,3,2,2,-1
13630,0.6862745098039216,-0.7290121733534581,102.0,,1,1,3,-1
13631,0.8888888888888888,0.16523979211086354,36.0,,3,2,2,-1
13633,0.8222222222222222,-0.15881237320863226,45.0,,2,2,2,-1
13635,0.9672131147540983,1.4161263261528214,61.0,,3,3,3,-1
13642,0.6515151515151515,-0.656643790579499,66.0,,0,1,3,-1
13650,0.6575342465753424,-0.5658490569402655,73.0,,0,1,3,-1
13651,0.782608695652174,-0.16007225381670412,92.0,,2,2,3,-1
13654,0.7647058823529411,-0.06962035284255928,51.0,,1,2,3,-1
13655,0.7407407407407407,-0.43004982802974717,54.0,,1,1,3,-1
13662,0.813953488372093,-0.5654192005504618,43.0,,2,1,2,-1
13666,0.7333333333333333,-0.8381340187996031,15.0,,1,1,1,-1
13673,0.75,-0.6522231324166808,20.0,,1,1,1,-1
13675,0.8888888888888888,0.2933025147987706,45.0,,3,3,2,-1
13687,0.37209302325581395,-2.575149114390782,43.0,,0,0,2,-1
13702,0.625,-0.37717838139647714,8.0,,0,1,0,-1
13710,0.5833333333333334,-1.6385291619457623,36.0,,0,0,2,-1
13712,0.5714285714285714,-0.614007172453701,21.0,,0,1,1,-1
13721,1.0,3.179746341613574,12.0,,3,3,1,-1
13726,0.8888888888888888,0.019385704404089012,9.0,,3,2,0,-1
13728,0.875,-0.023701154860880126,8.0,,2,2,0,-1
13729,1.0,2.8958404182552195,9.0,,3,3,0,-1
13732,1.0,2.8958404182552195,9.0,,3,3,0,-1
13738,0.8055555555555556,-0.6477003728821566,36.0,,2,1,2,-1
13741,0.6571428571428571,-1.6146185582483272,35.0,,0,0,2,-1
13743,0.16666666666666666,-2.487180924848139,12.0,,0,0,1,-1
13744,0.88,-0.020588007293307158,25.0,,2,2,2,-1
13751,0.5,-2.182313757020043,10.0,,0,0,1,-1
13756,0.8,-0.24367941137359317,5.0,,2,2,0,-1
13762,0.6805555555555556,-0.726652574639577,72.0,,1,1,3,-1
13767,0.9142857142857143,0.2678616429924972,70.0,,3,2,3,-1
13769,0.6993865030674846,-1.2057871590834384,163.0,,1,0,3,-1
13778,0.875,-0.15083173998807087,24.0,,2,2,2,-1
13781,0.8571428571428571,-0.2074211708952746,35.0,,2,2,2,-1
13791,1.0,3.0030937670794864,10.0,,3,3,1,-1
13800,0.8333333333333334,-0.23482775884698637,12.0,,2,2,1,-1
13813,0.7804878048780488,-0.12416145095855328,41.0,,2,2,2,-1
13814,0.7142857142857143,-0.15029709026185598,7.0,,1,2,0,-1
13836,0.8333333333333334,-0.14411742167547406,6.0,,2,2,0,-1
13837,1.0,2.4570767185195797,6.0,,3,3,0,-1
13843,1.0,3.3784804879644224,15.0,,3,3,1,-1
13856,1.0,2.252320325309615,5.0,,3,3,0,-1
13857,0.7659574468085106,-0.4178292089977265,94.0,,1,1,3,-1
13859,0.75,-0.3624249500778694,4.0,,1,1,0,-1
13864,0.9,0.17939680442739814,10.0,,3,2,1,-1
13865,1.0,2.8958404182552195,9.0,,3,3,0,-1
13869,0.8461538461538461,-0.20626632402229644,13.0,,2,2,1,-1
13872,0.9,0.17939680442739814,10.0,,3,2,1,-1
13876,1.0,2.252320325309615,5.0,,3,3,0,-1
13877,0.0,-4.612528830388166,8.0,,0,0,0,-1
13879,0.8260869565217391,-1.0081319743033617,46.0,,2,0,2,-1
13881,1.0,1.6892402439822112,3.0,,3,3,0,-1
13884,0.8,-0.9435881443095966,5.0,,2,0,0,-1
13886,1.0,1.6892402439822112,3.0,,3,3,0,-1
13895,0.45454545454545453,-1.6557236087986356,11.0,,0,0,1,-1
13899,0.9,-0.15623223409103057,30.0,,3,2,2,-1
13902,0.7884615384615384,-0.6149336898907012,52.0,,2,1,3,-1
13904,0.532608695652174,-1.7012248392086995,92.0,,0,0,3,-1
13909,0.7640449438202247,-0.5520108576773834,89.0,,1,1,3,-1
13911,0.6956521739130435,-1.3076979018289572,138.0,,1,0,3,-1
13912,0.5492957746478874,-1.6618984077735637,71.0,,0,0,3,-1
13915,0.6794258373205742,-0.9065781476431505,209.0,,1,0,3,-1
13919,0.875,-0.563586085987751,24.0,,2,1,2,-1
13923,0.7070707070707071,-0.1997905994258072,99.0,,1,2,3,-1
13926,0.6821705426356589,-0.32095742621820483,129.0,,1,2,3,-1
13928,0.8539325842696629,0.5406082816845701,89.0,,2,3,3,-1
13933,0.6258992805755396,-0.5339785672428012,139.0,,0,1,3,-1
13940,0.85,0.5981713330156574,80.0,,2,3,3,-1
13951,1.0,3.7279784694779834,24.0,,3,3,2,-1
13952,0.92,0.3037653436844016,25.0,,3,3,2,-1
13953,0.8108108108108109,-0.4848226966818598,37.0,,2,1,2,-1
13956,0.8333333333333334,-0.44231860512737875,24.0,,2,1,2,-1
13957,0.7033898305084746,-0.28963263951101725,118.0,,1,2,3,-1
13960,0.7192982456140351,-0.06594283792774072,114.0,,1,2,3,-1
13961,0.8058252427184466,0.24082251981585967,103.0,,2,2,3,-1
13964,0.8255813953488372,0.4035128616541849,86.0,,2,3,3,-1
13965,0.9041095890410958,1.0487418915744113,73.0,,3,3,3,-1
13969,0.7352941176470589,-0.026576377149695442,102.0,,1,2,3,-1
13971,0.8089887640449438,0.3387832939386418,89.0,,2,3,3,-1
13972,0.9027777777777778,1.0326605073044004,72.0,,3,3,3,-1
13987,0.5909090909090909,-1.6382073904736527,44.0,,0,0,2,-1
13988,0.8695652173913043,-0.174893227491806,23.0,,2,2,2,-1
13990,0.7666666666666667,-0.752206418097726,30.0,,1,1,2,-1
13994,0.7281553398058253,-0.13220991385893102,103.0,,1,2,3,-1
13998,0.8536585365853658,0.6041359669147502,82.0,,2,3,3,-1
14001,0.8604651162790697,0.6276589824639596,86.0,,2,3,3,-1
14003,0.75,0.055127591770984384,100.0,,1,2,3,-1
14005,0.8048780487804879,0.3125592564610444,82.0,,2,3,3,-1
14011,0.9230769230769231,0.3091194571968133,26.0,,3,3,2,-1
14019,0.7884615384615384,-0.831450335314456,52.0,,2,1,3,-1
14025,0.8529411764705882,-0.3724966172487095,34.0,,2,1,2,-1
14028,0.75,-0.4620607067447594,4.0,,1,1,0,-1
14030,0.6,-0.8355349981544167,5.0,,0,1,0,-1
14032,1.0,1.6892402439822112,3.0,,3,3,0,-1
14034,0.5,-2.063228889014939,28.0,,0,0,2,-1
14045,1.0,2.0020625113863244,4.0,,3,3,0,-1
14047,1.0,1.6892402439822112,3.0,,3,3,0,-1
14054,0.8,-0.6182538692927003,25.0,,2,1,2,-1
14087,0.45714285714285713,-2.263538416501581,35.0,,0,0,2,-1
14088,0.8,-0.7309942766290094,10.0,,2,1,1,-1
14090,0.4074074074074074,-2.5615832983942064,27.0,,0,0,2,-1
14098,0.9,0.10838672199300006,10.0,,3,2,1,-1
14101,0.9090909090909091,0.05003593699964068,11.0,,3,2,1,-1
14103,0.9523809523809523,0.6614403251026303,21.0,,3,3,1,-1
14106,0.92,0.16968560047563197,25.0,,3,2,2,-1
14109,0.8333333333333334,-0.0794333015609176,12.0,,2,2,1,-1
14113,0.6,-1.3263921997419175,115.0,,0,0,3,-1
14117,0.7857142857142857,-1.3430963326483234,14.0,,2,0,1,-1
14118,0.723404255319149,0.05442185646532905,47.0,,1,2,2,-1
14119,0.7777777777777778,0.2933376981578236,18.0,,2,3,1,-1
14120,0.8518518518518519,0.012346829677426202,54.0,,2,2,3,-1
14122,0.7555555555555555,-0.5581103436313029,45.0,,1,1,2,-1
14127,0.7192982456140351,-0.6106598005240401,114.0,,1,1,3,-1
14134,0.75,-0.06532755667223615,8.0,,1,2,0,-1
14139,0.8,-0.4717367784809308,65.0,,2,1,3,-1
14143,0.6896551724137931,-1.0774421180566045,87.0,,1,0,3,-1
14146,0.8163265306122449,-0.4414089860146231,49.0,,2,1,3,-1
14148,0.9230769230769231,0.28625190158444525,26.0,,3,3,2,-1
14152,0.9069767441860465,0.3731530026095325,43.0,,3,3,2,-1
14154,0.8536585365853658,-0.08763111791384526,41.0,,2,2,2,-1
14155,0.9111111111111111,0.4371361932978626,45.0,,3,3,2,-1
14161,0.9047619047619048,0.18938160655820652,21.0,,3,2,1,-1
14163,0.6956521739130435,-1.2554639925907058,69.0,,1,0,3,-1
14164,0.8983050847457628,0.11956622980243559,59.0,,3,2,3,-1
14165,0.9166666666666666,0.360431751143801,48.0,,3,3,3,-1
14172,0.8983050847457628,0.3672166669492808,59.0,,3,3,3,-1
14176,0.8863636363636364,0.06852018939014734,44.0,,3,2,2,-1
14180,0.6307692307692307,-1.3397187333067877,65.0,,0,0,3,-1
14184,0.8666666666666667,0.040705077442522226,30.0,,2,2,2,-1
14189,0.9056603773584906,0.35566299963478604,53.0,,3,3,3,-1
14195,0.6521739130434783,-1.3005386685700913,23.0,,0,0,2,-1
14198,0.7794117647058824,-0.6131370317413819,68.0,,2,1,3,-1
14207,0.7777777777777778,-0.7591933344464299,18.0,,2,1,1,-1
14211,1.0,1.6892402439822112,3.0,,3,3,0,-1
14213,0.7575757575757576,-0.49343300860479916,33.0,,1,1,2,-1
14224,0.7368421052631579,-0.766962259808101,19.0,,1,1,1,-1
14228,1.0,3.253351581002777,13.0,,3,3,1,-1
14235,0.6666666666666666,-1.4074491615770535,6.0,,0,0,0,-1
14237,0.9230769230769231,0.6331907460608893,39.0,,3,3,2,-1
14241,0.7142857142857143,-0.009902620197693964,7.0,,1,2,0,-1
14242,0.7647058823529411,-0.8743329348387042,17.0,,1,0,1,-1
14246,0.8666666666666667,-0.7972105754345853,30.0,,2,1,2,-1
14252,0.8823529411764706,0.10786757350088455,51.0,,3,2,3,-1
14259,0.8548387096774194,-0.2958445652565643,62.0,,2,2,3,-1
14263,0.7466666666666667,-0.67185872447696,75.0,,1,1,3,-1
14271,0.7611940298507462,-0.8626231647575913,67.0,,1,1,3,-1
14283,0.7948717948717948,-0.41151828911889515,78.0,,2,1,3,-1
14284,0.9487179487179487,0.5363763621316201,39.0,,3,3,2,-1
14289,0.4888888888888889,-1.6387764794613457,90.0,,0,0,3,-1
14291,0.5579710144927537,-1.572229939964897,138.0,,0,0,3,-1
14300,0.8793103448275862,-0.3172963414649601,58.0,,2,2,3,-1
14303,0.9,-0.11171966502226997,30.0,,3,2,2,-1
14309,0.76,-1.0864928612961544,75.0,,1,0,3,-1
14311,1.0,3.5253709439628755,18.0,,3,3,1,-1
14314,1.0,2.8958404182552195,9.0,,3,3,0,-1
14318,0.9,0.5116451774577172,10.0,,3,3,1,-1
14320,1.0,1.6892402439822112,3.0,,3,3,0,-1
14321,1.0,2.4570767185195797,6.0,,3,3,0,-1
14325,0.0,-4.088377826934965,6.0,,0,0,0,-1
14330,0.8,-0.7534598740977226,10.0,,2,1,1,-1
14335,0.5789473684210527,-1.0493347026202386,19.0,,0,0,1,-1
14338,0.8,-0.5438623296288562,15.0,,2,1,1,-1
14339,0.8823529411764706,-0.09863863851768521,17.0,,3,2,1,-1
14344,0.5384615384615384,-1.928243019412904,13.0,,0,0,1,-1
14345,0.9642857142857143,1.3856949063386668,28.0,,3,3,2,-1
14348,0.9666666666666667,1.4259234052489445,30.0,,3,3,2,-1
14349,1.0,2.8958404182552195,9.0,,3,3,0,-1
14351,0.8666666666666667,0.14755480899954965,15.0,,2,2,1,-1
14363,1.0,1.6892402439822112,3.0,,3,3,0,-1
14369,0.75,-0.5734676876559714,4.0,,1,1,0,-1
14375,0.2,-1.5306783790024219,5.0,,0,0,0,-1
14378,0.8333333333333334,0.06506707508142348,42.0,,2,2,2,-1
14385,0.6666666666666666,-0.5800196292586932,6.0,,0,1,0,-1
14387,0.8461538461538461,0.42576979974420165,13.0,,2,3,1,-1
14389,0.6875,-0.22406419184079848,16.0,,1,2,1,-1
14395,0.8,0.34548011192692246,10.0,,2,3,1,-1
14398,0.8181818181818182,0.22891835793734194,11.0,,2,2,1,-1
14409,1.0,2.8958404182552195,9.0,,3,3,0,-1
14415,1.0,2.8958404182552195,9.0,,3,3,0,-1
14418,0.9090909090909091,0.7995034637883094,11.0,,3,3,1,-1
14426,0.8275862068965517,-0.9993834811793548,29.0,,2,0,2,-1
14427,0.9642857142857143,0.6163299888837835,28.0,,3,3,2,-1
14430,0.75,-1.3577036258337873,36.0,,1,0,2,-1
14434,0.8235294117647058,-0.764286883852718,34.0,,2,1,2,-1
14438,0.7073170731707317,-1.6406497473259085,41.0,,1,0,2,-1
14440,0.8375,0.3025114913145617,80.0,,2,3,3,-1
14445,0.9444444444444444,0.18073906446779123,18.0,,3,2,1,-1
14447,1.0,3.3192089004562746,14.0,,3,3,1,-1
14448,1.0,3.179746341613574,12.0,,3,3,1,-1
14453,1.0,3.3192089004562746,14.0,,3,3,1,-1
14454,0.9285714285714286,0.09850587336993229,14.0,,3,2,1,-1
14456,0.7037037037037037,-1.2811830097772603,27.0,,1,0,2,-1
14458,0.8461538461538461,0.010046581072020784,52.0,,2,2,3,-1
14464,0.75,-0.6331779155228857,40.0,,1,1,2,-1
14471,0.8064516129032258,-0.42786865950588765,62.0,,2,1,3,-1
14477,1.0,3.9552942298120066,36.0,,3,3,2,-1
14491,0.6538461538461539,-1.3838658956111554,78.0,,0,0,3,-1
14492,0.9473684210526315,0.6871121525129343,19.0,,3,3,1,-1
14493,0.9090909090909091,0.24670575038502632,11.0,,3,2,1,-1
14498,0.8846153846153846,0.12264975775857521,52.0,,3,2,3,-1
14499,0.8947368421052632,0.0015195896816454035,57.0,,3,2,3,-1
14500,1.0,2.4570767185195797,6.0,,3,3,0,-1
14508,1.0,3.3784804879644224,15.0,,3,3,1,-1
14509,0.9090909090909091,0.09173645910174404,22.0,,3,2,1,-1
14524,1.0,3.432107162376556,16.0,,3,3,1,-1
14527,0.7777777777777778,-1.1394479050240016,27.0,,2,0,2,-1
14528,1.0,3.179746341613574,12.0,,3,3,1,-1
14530,1.0,3.3192089004562746,14.0,,3,3,1,-1
14537,1.0,3.179746341613574,12.0,,3,3,1,-1
14541,1.0,3.3784804879644224,15.0,,3,3,1,-1
14553,0.8333333333333334,0.4943617737434334,90.0,,2,3,3,-1
14579,1.0,3.638363602423224,21.0,,3,3,1,-1
14590,0.9111111111111111,0.38744153734011805,45.0,,3,3,2,-1
14597,0.6923076923076923,-0.9621141565344118,13.0,,1,0,1,-1
14600,0.7469879518072289,-0.9535000539582705,83.0,,1,0,3,-1
14605,1.0,1.6892402439822112,3.0,,3,3,0,-1
14619,1.0,3.638363602423224,21.0,,3,3,1,-1
14620,0.96,0.8419461827580526,25.0,,3,3,2,-1
14621,1.0,3.603712520495384,20.0,,3,3,1,-1
14622,1.0,3.3784804879644224,15.0,,3,3,1,-1
14624,0.8571428571428571,-0.14568145160267107,7.0,,2,2,0,-1
14632,1.0,3.3784804879644224,15.0,,3,3,1,-1
14637,1.0,3.3784804879644224,15.0,,3,3,1,-1
14641,0.9444444444444444,0.6617409751032687,18.0,,3,3,1,-1
14643,0.9230769230769231,0.3070869112576314,13.0,,3,3,1,-1
14648,1.0,3.253351581002777,13.0,,3,3,1,-1
14650,0.875,-0.11595161346773449,24.0,,2,2,2,-1
14666,0.639344262295082,-0.9825710960457419,61.0,,0,0,3,-1
14669,1.0,4.063009214284011,46.0,,3,3,2,-1
14672,0.6956521739130435,-0.9957124341595782,23.0,,1,0,2,-1
14674,0.8571428571428571,-0.2596921708940406,21.0,,2,2,1,-1
14676,0.9047619047619048,0.14466018249365084,21.0,,3,2,1,-1
14678,0.8095238095238095,-0.5661643361816652,21.0,,2,1,1,-1
14684,0.9565217391304348,0.8379014121187034,23.0,,3,3,2,-1
14685,1.0,3.5253709439628755,18.0,,3,3,1,-1
14689,0.9444444444444444,0.6608041088014504,18.0,,3,3,1,-1
14696,0.9473684210526315,0.7537336872376125,19.0,,3,3,1,-1
14697,0.9230769230769231,0.2828146711194366,13.0,,3,2,1,-1
14701,0.8571428571428571,-0.212245075676335,21.0,,2,2,1,-1
14735,0.8095238095238095,-0.3695367745563538,84.0,,2,1,3,-1
14751,1.0,1.6892402439822112,3.0,,3,3,0,-1
14755,1.0,1.6892402439822112,3.0,,3,3,0,-1
14759,0.9642857142857143,1.3856949063386668,28.0,,3,3,2,-1
14762,0.08333333333333333,-2.8603158296212645,12.0,,0,0,1,-1
14763,0.0,-2.810759756017789,3.0,,0,0,0,-1
14768,0.875,-0.2041842219537958,24.0,,2,2,2,-1
14770,0.9166666666666666,0.21604949532044349,24.0,,3,2,2,-1
14773,0.9583333333333334,0.7549466181157741,24.0,,3,3,2,-1
14777,1.0,3.56617384840689,19.0,,3,3,1,-1
14781,0.9130434782608695,0.10248407657522103,23.0,,3,2,2,-1
14783,1.0,3.5253709439628755,18.0,,3,3,1,-1
14784,0.8928571428571429,0.19907906237029305,28.0,,3,2,2,-1
14786,1.0,2.4570767185195797,6.0,,3,3,0,-1
14793,0.7272727272727273,-1.3292789523495714,11.0,,1,0,1,-1
14800,0.95,0.021272778228458657,20.0,,3,2,1,-1
14819,0.5,-0.8441017020915351,12.0,,0,1,1,-1
14825,0.6875,-1.3626691087718497,16.0,,1,0,1,-1
14843,0.68,-0.5201113683987316,50.0,,1,1,3,-1
14847,0.8813559322033898,0.6485791674772651,59.0,,3,3,3,-1
14852,1.0,2.7720865542272186,8.0,,3,3,0,-1
14853,0.7380952380952381,-0.47346577055828315,42.0,,1,1,2,-1
14855,0.8571428571428571,-0.5874950184398262,7.0,,2,1,0,-1
14880,0.9655172413793104,1.7604224207896229,29.0,,3,3,2,-1
14883,0.8064516129032258,-0.04750922169769565,31.0,,2,2,2,-1
14895,0.9090909090909091,1.224306660197586,33.0,,3,3,2,-1
14897,0.78125,0.3458037187447111,32.0,,2,3,2,-1
14898,0.6842105263157895,-0.15078750517223208,19.0,,1,2,1,-1
14900,0.8571428571428571,0.7480214095138843,28.0,,2,3,2,-1
14903,0.95,1.633717464048629,20.0,,3,3,1,-1
14907,0.9473684210526315,0.6121426690309955,19.0,,3,3,1,-1
14909,0.7575757575757576,0.18157973297671015,33.0,,1,2,2,-1
14918,0.8620689655172413,0.8682100622445604,29.0,,2,3,2,-1
14919,0.7391304347826086,-1.0976617231642665,23.0,,1,0,2,-1
14922,1.0,2.4570767185195797,6.0,,3,3,0,-1
14930,0.8034188034188035,-0.2923785603910891,117.0,,2,2,3,-1
14942,1.0,3.3784804879644224,15.0,,3,3,1,-1
14945,0.8571428571428571,0.282673345906398,14.0,,2,2,1,-1
14956,0.8539325842696629,-0.028335888529683266,89.0,,2,2,3,-1
14957,0.68,-1.0840981978697317,25.0,,1,0,2,-1
14963,0.7222222222222222,-0.8592260072321436,36.0,,1,1,2,-1
14966,0.84,-0.40084163533345674,25.0,,2,1,2,-1
14982,0.75,-0.3279896409970782,4.0,,1,2,0,-1
14985,0.8333333333333334,-0.12390058504122417,6.0,,2,2,0,-1
14986,0.9411764705882353,0.1101940507267158,17.0,,3,2,1,-1
14988,1.0,1.6892402439822112,3.0,,3,3,0,-1
14990,0.75,-0.3279896409970782,4.0,,1,2,0,-1
14991,0.8333333333333334,-0.12390058504122417,6.0,,2,2,0,-1
14996,0.5882352941176471,-0.6357595250073379,17.0,,0,1,1,-1
14997,0.8354430379746836,-0.19186373205626636,79.0,,2,2,3,-1
14999,0.8571428571428571,0.03183591746977217,91.0,,2,2,3,-1
15004,0.8513513513513513,-0.10140834395749099,74.0,,2,2,3,-1
15010,1.0,3.7002405344372242,23.0,,3,3,2,-1
15021,0.7567567567567568,-0.5685758090999918,37.0,,1,1,2,-1
15022,0.8155339805825242,-0.32047741830877396,103.0,,2,2,3,-1
15027,1.0,3.3784804879644224,15.0,,3,3,1,-1
15028,0.7338709677419355,-0.8522831099594715,124.0,,1,1,3,-1
15032,0.4868421052631579,-2.0177555186424443,76.0,,0,0,3,-1
15040,0.5,-1.0017758011914586,6.0,,0,0,0,-1
15041,1.0,1.6892402439822112,3.0,,3,3,0,-1
15046,1.0,1.6892402439822112,3.0,,3,3,0,-1
15055,0.9104477611940298,0.43653034696757687,67.0,,3,3,3,-1
15065,0.7837837837837838,-0.5677423309021284,74.0,,2,1,3,-1
15074,0.3333333333333333,-0.8560945019767983,3.0,,0,1,0,-1
15077,0.88,0.5459504067710252,25.0,,2,3,2,-1
15082,1.0,3.8421934961164017,29.0,,3,3,2,-1
15085,1.0,3.8007905489599754,27.0,,3,3,2,-1
15086,0.9285714285714286,0.70327953558994,28.0,,3,3,2,-1
15091,0.90625,0.4667054468349909,32.0,,3,3,2,-1
15092,0.9642857142857143,1.2596517029961771,28.0,,3,3,2,-1
15095,1.0,2.8958404182552195,9.0,,3,3,0,-1
15096,0.8888888888888888,0.4759755634955213,9.0,,3,3,0,-1
15106,0.9,-0.22930079767055167,10.0,,3,2,1,-1
15114,0.9753086419753086,1.782586082206661,81.0,,3,3,3,-1
15127,0.9315068493150684,0.7492963428753717,73.0,,3,3,3,-1
15130,0.9285714285714286,0.7976716662919678,84.0,,3,3,3,-1
15136,0.8901098901098901,0.3903189131793212,91.0,,3,3,3,-1
15139,0.9375,0.730010797766002,64.0,,3,3,3,-1
15140,0.8876404494382022,0.3642338118496097,89.0,,3,3,3,-1
15152,1.0,2.4570767185195797,6.0,,3,3,0,-1
15154,1.0,2.4570767185195797,6.0,,3,3,0,-1
15166,0.75,-0.8942211510160131,16.0,,1,0,1,-1
15170,0.9285714285714286,0.17721407959601612,14.0,,3,2,1,-1
15171,0.7857142857142857,-0.7362330828090089,14.0,,2,1,1,-1
15182,0.8333333333333334,0.409492796728799,12.0,,2,3,1,-1
15183,0.75,-0.3444626189950862,4.0,,1,1,0,-1
15195,0.8888888888888888,0.060088598163221756,18.0,,3,2,1,-1
15202,0.5365853658536586,-1.9794324801501721,41.0,,0,0,2,-1
15204,0.6190476190476191,-1.4955506306632775,21.0,,0,0,1,-1
15206,1.0,2.8958404182552195,9.0,,3,3,0,-1
15211,1.0,2.8958404182552195,9.0,,3,3,0,-1
15213,1.0,2.8958404182552195,9.0,,3,3,0,-1
15224,0.8571428571428571,-0.41081767537760006,21.0,,2,1,1,-1
15229,0.8227848101265823,-0.4049305295393583,79.0,,2,1,3,-1
15230,0.8376068376068376,-0.26859749099117725,117.0,,2,2,3,-1
15232,0.9230769230769231,0.3962357700008548,39.0,,3,3,2,-1
15233,0.8526315789473684,-0.37941319282454,95.0,,2,1,3,-1
15236,0.7,-0.9219496811321414,20.0,,1,0,1,-1
15247,0.9,0.6806661199406234,10.0,,3,3,1,-1
15248,0.8532110091743119,-0.16224229865147133,109.0,,2,2,3,-1
15257,0.7222222222222222,-0.01645427037895138,36.0,,1,2,2,-1
15261,0.8095238095238095,0.33896938188139253,21.0,,2,3,1,-1
15262,0.7297297297297297,-0.014212497377386274,37.0,,1,2,2,-1
15263,0.7272727272727273,-0.013587315951752816,22.0,,1,2,1,-1
15268,0.5952380952380952,-0.4414158621303347,42.0,,0,1,2,-1
15269,0.7142857142857143,0.07460164211972795,42.0,,1,2,2,-1
15277,0.625,-0.41291385718215345,16.0,,0,1,1,-1
15280,0.8333333333333334,0.3417644347526357,12.0,,2,3,1,-1
15299,0.9473684210526315,1.2412504614034994,19.0,,3,3,1,-1
15310,0.7402597402597403,-0.13033374878016257,77.0,,1,2,3,-1
15312,0.7625,-0.03908469252097834,80.0,,1,2,3,-1
15335,0.7307692307692307,-0.48418753611499094,52.0,,1,1,3,-1
15340,0.863013698630137,0.6735407388441841,73.0,,2,3,3,-1
15345,0.9583333333333334,1.3622575866286273,24.0,,3,3,2,-1
15367,0.6274509803921569,-1.9397868181324907,51.0,,0,0,3,-1
15373,0.9649122807017544,0.7145415211330189,57.0,,3,3,3,-1
15377,0.9142857142857143,0.04334673896440175,70.0,,3,2,3,-1
15378,0.7789473684210526,-1.2069913434368689,95.0,,2,0,3,-1
15379,0.9375,0.20590717463970007,64.0,,3,2,3,-1
15381,0.8533333333333334,-0.5019853296639402,75.0,,2,1,3,-1
15382,0.9344262295081968,0.12590495611254776,61.0,,3,2,3,-1
15383,0.8536585365853658,-0.5798132509172985,82.0,,2,1,3,-1
15386,0.8636363636363636,-0.6632375240634991,66.0,,2,1,3,-1
15387,0.8863636363636364,-0.5497520818743323,44.0,,3,1,2,-1
15388,0.9242424242424242,-0.0515816072059676,66.0,,3,2,3,-1
15390,0.9428571428571428,0.32709584697416344,70.0,,3,3,3,-1
15393,0.375,-0.8886721599660619,8.0,,0,0,0,-1
15396,0.8571428571428571,-0.5370516253486785,7.0,,2,1,0,-1
15397,0.6666666666666666,-0.5631271490505394,24.0,,0,1,2,-1
15404,0.7727272727272727,-0.02394056743614144,22.0,,2,2,1,-1
15407,1.0,2.8958404182552195,9.0,,3,3,0,-1
15410,0.6153846153846154,-1.4459217827790458,13.0,,0,0,1,-1
15426,0.8333333333333334,0.01072712414816059,6.0,,2,2,0,-1
15439,0.725,-0.4082647838619129,80.0,,1,1,3,-1
15442,0.9230769230769231,0.9185842958695338,26.0,,3,3,2,-1
15445,0.7931034482758621,0.18692529667218935,29.0,,2,2,2,-1
15446,0.875,0.6206054394502948,48.0,,2,3,3,-1
15447,0.6728971962616822,-0.3477943973475902,107.0,,1,1,3,-1
15448,0.9642857142857143,1.5045339590675555,28.0,,3,3,2,-1
15465,0.0,-2.810759756017789,3.0,,0,0,0,-1
15466,0.9444444444444444,1.043505362994846,18.0,,3,3,1,-1
15478,0.7,-0.7328433466142784,20.0,,1,1,1,-1
15485,0.9166666666666666,0.9658948200665791,36.0,,3,3,2,-1
15488,0.875,0.6999653964718706,48.0,,2,3,3,-1
15490,0.8947368421052632,0.7290641613225907,38.0,,3,3,2,-1
15493,0.7954545454545454,0.07626236819680088,44.0,,2,2,2,-1
15494,1.0,3.878996115811004,31.0,,3,3,2,-1
15500,0.8095238095238095,-1.0894261077529657,84.0,,2,0,3,-1
15502,0.9655172413793104,0.7027809491614708,58.0,,3,3,3,-1
15506,0.9508196721311475,0.35081365252845115,61.0,,3,3,3,-1
15507,0.9104477611940298,-0.26690426577275045,67.0,,3,2,3,-1
15516,0.9,-0.21307032547126867,70.0,,3,2,3,-1
15519,0.9661016949152542,0.7042618908971972,59.0,,3,3,3,-1
15520,0.6923076923076923,-0.8395817844563727,13.0,,1,1,1,-1
15528,0.65,-0.8691458542660325,20.0,,0,0,1,-1
15530,0.75,-0.6957191042578511,20.0,,1,1,1,-1
15531,0.6666666666666666,-0.4287906735921667,3.0,,0,1,0,-1
15537,0.746031746031746,-1.4762677998633613,63.0,,1,0,3,-1
15543,0.9436619718309859,0.27815760497889874,71.0,,3,2,3,-1
15547,0.9,-0.1671273981425041,10.0,,3,2,1,-1
15556,0.8461538461538461,-0.5972737167456654,13.0,,2,1,1,-1
15558,0.6,-1.0751290958067732,5.0,,0,0,0,-1
15559,0.5,-1.550029080381882,14.0,,0,0,1,-1
15563,0.7272727272727273,-0.9109595024047076,22.0,,1,0,1,-1
15570,1.0,3.7002405344372242,23.0,,3,3,2,-1
15571,0.4117647058823529,-1.993346375146723,34.0,,0,0,2,-1
15575,0.6086956521739131,-0.7004923067222106,69.0,,0,1,3,-1
15576,0.6610169491525424,-0.6883986839051408,59.0,,0,1,3,-1
15577,0.6792452830188679,-0.8268950686522223,53.0,,1,1,3,-1
15583,0.967741935483871,0.735831920777092,62.0,,3,3,3,-1
15592,0.9104477611940298,-0.10359037521603537,67.0,,3,2,3,-1
15601,0.9577464788732394,0.83177885934091,71.0,,3,3,3,-1
15603,0.8571428571428571,0.10257680761361415,7.0,,2,2,0,-1
15608,0.9117647058823529,0.5442181907991007,34.0,,3,3,2,-1
15613,0.9354838709677419,0.7818102396867236,31.0,,3,3,2,-1
15614,0.825,-0.1934092093252813,40.0,,2,2,2,-1
15633,1.0,1.6892402439822112,3.0,,3,3,0,-1
15634,0.8,-0.256838791148329,15.0,,2,2,1,-1
15635,0.8181818181818182,0.39630967960021646,11.0,,2,3,1,-1
15640,0.38095238095238093,-1.127444951799377,21.0,,0,0,1,-1
15645,0.7777777777777778,-0.6580656321377174,54.0,,2,1,3,-1
15652,0.7663551401869159,-1.029444164380076,107.0,,1,0,3,-1
15654,0.7575757575757576,-0.6504873065157832,165.0,,1,1,3,-1
15656,0.6829268292682927,-1.1502045949756325,82.0,,1,0,3,-1
15658,0.751412429378531,-0.6831088435700644,177.0,,1,1,3,-1
15663,0.8297872340425532,-0.49804897692097516,47.0,,2,1,2,-1
15676,0.7413793103448276,-0.3760757944549119,58.0,,1,1,3,-1
15687,0.775,-0.39589359403438884,40.0,,2,1,2,-1
15688,0.71875,-0.8895906331764124,32.0,,1,0,2,-1
15692,0.5280898876404494,-1.6524909179365939,89.0,,0,0,3,-1
15695,0.7435897435897436,-0.7503087406877484,39.0,,1,1,2,-1
15700,0.7014925373134329,-0.633564504970921,67.0,,1,1,3,-1
15708,0.8,-0.2322804137782759,30.0,,2,2,2,-1
15713,0.75,-0.5866286716641189,20.0,,1,1,1,-1
15715,0.9375,0.8276397901872864,16.0,,3,3,1,-1
15718,0.7,-0.6547325085072194,30.0,,1,1,2,-1
15720,0.6875,-0.637940640662388,32.0,,1,1,2,-1
15725,0.6756756756756757,-0.49780304437524425,37.0,,1,1,2,-1
15728,1.0,3.179746341613574,12.0,,3,3,1,-1
15734,0.7272727272727273,-0.5824665849967021,33.0,,1,1,2,-1
15736,0.3939393939393939,-2.0113077514035895,132.0,,0,0,3,-1
15743,0.7586206896551724,-0.24535250728779015,58.0,,1,2,3,-1
15745,0.7,-1.019735915756466,20.0,,1,0,1,-1
15749,1.0,2.0020625113863244,4.0,,3,3,0,-1
15750,0.4,-2.197898748549222,55.0,,0,0,3,-1
15753,0.875,0.05770261367184494,24.0,,2,2,2,-1
15761,0.68,-0.8494083074907277,25.0,,1,1,2,-1
15762,0.546875,-1.5473451254530597,64.0,,0,0,3,-1
15764,0.9130434782608695,0.4644060790129623,23.0,,3,3,2,-1
15765,0.78125,-0.4632620503928791,32.0,,2,1,2,-1
15770,0.9166666666666666,0.4902712198159094,24.0,,3,3,2,-1
15790,0.6551724137931034,-0.7926745650908866,29.0,,0,1,2,-1
15794,0.75,-0.5249750007825329,24.0,,1,1,2,-1
15799,0.8823529411764706,0.2290460301517008,17.0,,3,2,1,-1
15804,0.7761194029850746,0.01788558207010728,67.0,,2,2,3,-1
15807,0.967741935483871,1.7058947848274773,31.0,,3,3,2,-1
15808,0.7894736842105263,0.12652210693570953,57.0,,2,2,3,-1
15809,0.7777777777777778,-0.16820538532264342,45.0,,2,2,2,-1
15826,0.6095238095238096,-1.4124723452395305,105.0,,0,0,3,-1
15828,0.5806451612903226,-1.5123476885183478,31.0,,0,0,2,-1
15836,0.9090909090909091,-0.2798062542724565,11.0,,3,2,1,-1
15839,0.5,-0.7065651112889699,4.0,,0,1,0,-1
15842,0.717391304347826,-0.6966509197478326,46.0,,1,1,2,-1
15843,0.25,-1.194837233613809,4.0,,0,0,0,-1
15848,0.4,-0.9976183016015971,5.0,,0,0,0,-1
15864,0.42028985507246375,-2.268069436108426,69.0,,0,0,3,-1
15866,0.8333333333333334,-0.04275891770831146,12.0,,2,2,1,-1
15867,0.8947368421052632,0.48833012839261547,19.0,,3,3,1,-1
15870,0.875,0.3204756829904133,8.0,,2,3,0,-1
15877,1.0,2.4570767185195797,6.0,,3,3,0,-1
15880,1.0,3.0030937670794864,10.0,,3,3,1,-1
15886,0.8571428571428571,-0.6455736261640382,7.0,,2,1,0,-1
15894,0.7272727272727273,-0.947377902316225,55.0,,1,0,3,-1
15900,0.7333333333333333,-1.2465207181801374,45.0,,1,0,2,-1
15907,0.7142857142857143,-1.0271434067964413,84.0,,1,0,3,-1
15914,0.7924528301886793,-0.0017333543532848414,53.0,,2,2,3,-1
15915,0.8,-0.09702760570773088,50.0,,2,2,3,-1
15917,0.8571428571428571,0.5641248574061772,70.0,,2,3,3,-1
15918,0.825,0.07815793870447586,40.0,,2,2,2,-1
15926,0.7272727272727273,-0.9847612636819127,55.0,,1,0,3,-1
15933,0.7105263157894737,-1.2513832986819404,38.0,,1,0,2,-1
15950,1.0,3.0030937670794864,10.0,,3,3,1,-1
15960,0.9375,0.774039592964978,16.0,,3,3,1,-1
15964,0.7419354838709677,-0.6555827099366018,31.0,,1,1,2,-1
15971,0.5,-1.393007502793845,38.0,,0,0,2,-1
15981,0.9090909090909091,0.32037232168131785,11.0,,3,3,1,-1
15985,0.7017543859649122,-0.18802839128533358,57.0,,1,2,3,-1
15989,0.7608695652173914,0.10898041746927782,46.0,,1,2,2,-1
15993,0.9130434782608695,-0.3185662382052734,23.0,,3,2,2,-1
16002,0.7209302325581395,-1.2193317005563855,43.0,,1,0,2,-1
16008,0.9705882352941176,1.1463251403283974,34.0,,3,3,2,-1
16009,0.7368421052631579,-0.8522020739100397,57.0,,1,1,3,-1
16013,0.8285714285714286,-0.7753816948596121,35.0,,2,1,2,-1
16014,0.7142857142857143,-0.4450732116935188,14.0,,1,1,1,-1
16016,0.8571428571428571,-0.009783189526292776,7.0,,2,2,0,-1
16019,0.9411764705882353,0.5083465615837434,34.0,,3,3,2,-1
16030,0.8809523809523809,0.0829138901511493,42.0,,3,2,2,-1
16046,0.8125,-0.2820966974275326,16.0,,2,2,1,-1
16054,0.7692307692307693,-0.45688946168915395,13.0,,1,1,1,-1
16060,0.9411764705882353,0.13948032440438318,17.0,,3,2,1,-1
16062,1.0,3.179746341613574,12.0,,3,3,1,-1
16070,0.8275862068965517,0.6064192839043651,29.0,,2,3,2,-1
16073,0.7058823529411765,-0.6502230886792995,17.0,,1,1,1,-1
16079,0.6363636363636364,-0.7040687055523187,33.0,,0,1,2,-1
16085,0.0,-3.3312708219470086,4.0,,0,0,0,-1
16088,0.8181818181818182,-0.090926109008367,11.0,,2,2,1,-1
16094,0.7142857142857143,-0.5053871548986428,14.0,,1,1,1,-1
16098,0.7142857142857143,-0.4474864497424386,21.0,,1,1,1,-1
16100,0.9166666666666666,0.43798779310886155,12.0,,3,3,1,-1
16111,0.7777777777777778,-0.4222725064622546,27.0,,2,1,2,-1
16117,0.6153846153846154,-1.118589040674732,13.0,,0,0,1,-1
16120,0.782608695652174,-0.4451174403484685,23.0,,2,1,2,-1
16121,0.5909090909090909,-0.999908647309707,22.0,,0,0,1,-1
16122,0.7567567567567568,-0.4018121565295979,37.0,,1,1,2,-1
16126,0.7727272727272727,-0.25454459684403,22.0,,2,2,1,-1
16138,0.8428571428571429,-0.056225863937328494,70.0,,2,2,3,-1
16140,0.9344262295081968,0.7058092202963238,61.0,,3,3,3,-1
16143,0.8089887640449438,-0.2396323286296862,89.0,,2,2,3,-1
16146,1.0,4.095127864199299,50.0,,3,3,3,-1
16149,0.9242424242424242,0.6379865096534393,66.0,,3,3,3,-1
16151,0.8717948717948718,0.09449437247366961,78.0,,2,2,3,-1
16153,0.5714285714285714,-1.1417886555994707,7.0,,0,0,0,-1
16160,0.775,-0.9021655164109266,40.0,,2,0,2,-1
16167,0.6,-0.5921531988368525,5.0,,0,1,0,-1
16191,1.0,1.6892402439822112,3.0,,3,3,0,-1
16193,0.6363636363636364,-0.6078271955738401,11.0,,0,1,1,-1
16197,1.0,3.0030937670794864,10.0,,3,3,1,-1
16198,0.6666666666666666,-0.5424077292330631,6.0,,0,1,0,-1
16199,0.0,-2.810759756017789,3.0,,0,0,0,-1
16208,0.8571428571428571,0.04614191663527316,7.0,,2,2,0,-1
16211,0.7857142857142857,-0.21078030319213056,14.0,,2,2,1,-1
16212,1.0,1.6892402439822112,3.0,,3,3,0,-1
16214,0.5,-0.5418039511259798,4.0,,0,1,0,-1
16215,0.8222222222222222,0.01653446402244702,90.0,,2,2,3,-1
16217,0.1,-2.123487010030116,10.0,,0,0,1,-1
16236,0.425,-1.965452615785406,40.0,,0,0,2,-1
16243,0.6132075471698113,-0.7044378399216447,106.0,,0,1,3,-1
16249,0.0,-2.810759756017789,3.0,,0,0,0,-1
16257,0.5,-0.5418039511259798,4.0,,0,1,0,-1
16262,0.625,-0.8139434093289883,8.0,,0,1,0,-1
16276,0.9523809523809523,0.7173545244570542,21.0,,3,3,1,-1
16277,0.3333333333333333,-1.7121890041616399,15.0,,0,0,1,-1
16284,0.6666666666666666,-0.5573022093414794,9.0,,0,1,0,-1
16291,1.0,3.3784804879644224,15.0,,3,3,1,-1
16292,0.9,0.5419636185073025,20.0,,3,3,1,-1
16293,0.8571428571428571,-0.5237107587193801,7.0,,2,1,0,-1
16298,0.6923076923076923,-0.9478329397636209,13.0,,1,0,1,-1
16299,0.9230769230769231,-0.12489938436376538,13.0,,3,2,1,-1
16302,0.75,-0.4485646513721655,12.0,,1,1,1,-1
16303,0.8,-0.11907429664713051,25.0,,2,2,2,-1
16304,0.8888888888888888,-0.2069119786087981,18.0,,3,2,1,-1
16305,1.0,2.8958404182552195,9.0,,3,3,0,-1
16307,0.75,-0.2723338670512139,8.0,,1,2,0,-1
16315,0.0,-2.810759756017789,3.0,,0,0,0,-1
16318,0.7777777777777778,-0.22502707497865798,9.0,,2,2,0,-1
16321,0.6,-0.8128439523983617,5.0,,0,1,0,-1
16331,0.5833333333333334,-0.8463954688443643,12.0,,0,1,1,-1
16334,0.8571428571428571,0.12959149865861405,7.0,,2,2,0,-1
16341,0.75,-0.3749404250568094,4.0,,1,1,0,-1
16343,0.6666666666666666,-0.5424077292330631,6.0,,0,1,0,-1
16345,0.3333333333333333,-1.1018179582519874,3.0,,0,0,0,-1
16346,0.6666666666666666,-0.5819575790423879,3.0,,0,1,0,-1
16351,1.0,1.6892402439822112,3.0,,3,3,0,-1
16355,1.0,1.6892402439822112,3.0,,3,3,0,-1
16357,1.0,2.252320325309615,5.0,,3,3,0,-1
16365,0.611764705882353,-2.00945390805407,85.0,,0,0,3,-1
16377,0.6551724137931034,-1.9081076711177054,58.0,,0,0,3,-1
16382,0.8285714285714286,-1.1669789482982917,35.0,,2,0,2,-1
16383,0.82,-1.0771332349921903,50.0,,2,0,3,-1
16390,0.0,-2.810759756017789,3.0,,0,0,0,-1
16391,0.873015873015873,0.42343396243758324,252.0,,2,3,3,-1
16392,0.9252873563218391,0.8268798821156048,174.0,,3,3,3,-1
16393,0.8713692946058091,0.3034618630386957,241.0,,2,3,3,-1
16398,0.5,-1.1403508184777549,6.0,,0,0,0,-1
16400,0.8666666666666667,-0.0693072413696974,15.0,,2,2,1,-1
16401,0.7,-0.09380540366293966,10.0,,1,2,1,-1
16404,0.0,-4.818445296030496,9.0,,0,0,0,-1
16415,0.4883720930232558,-1.716730880522967,43.0,,0,0,2,-1
16418,0.8666666666666667,-0.03525918876202955,15.0,,2,2,1,-1
16420,0.6944444444444444,-0.9460053534202615,36.0,,1,0,2,-1
16422,0.6153846153846154,-1.150124488972053,13.0,,0,0,1,-1
16428,0.4878048780487805,-1.707380386746233,41.0,,0,0,2,-1
16434,0.6956521739130435,-0.8473859612429196,23.0,,1,1,2,-1
16440,0.717948717948718,-0.8019918289917872,39.0,,1,1,2,-1
16443,0.9473684210526315,0.4326373304629587,95.0,,3,3,3,-1
16445,0.9157894736842105,0.020140969026438794,95.0,,3,2,3,-1
16446,0.9032258064516129,-0.2497891176548283,124.0,,3,2,3,-1
16447,0.911504424778761,-0.11888722847720487,113.0,,3,2,3,-1
16449,0.9680851063829787,0.9149319081028328,94.0,,3,3,3,-1
16450,0.7916666666666666,-1.075283772160171,96.0,,2,0,3,-1
16488,0.9523809523809523,0.5146786047048428,84.0,,3,3,3,-1
16491,0.8787878787878788,-0.4550131325101037,33.0,,2,1,2,-1
16500,1.0,1.6892402439822112,3.0,,3,3,0,-1
16502,0.375,-1.6959136415367428,8.0,,0,0,0,-1
16504,1.0,1.6892402439822112,3.0,,3,3,0,-1
16505,0.75,-0.5095207882288026,4.0,,1,1,0,-1
16506,0.6666666666666666,-0.9976415642159553,9.0,,0,0,0,-1
16516,1.0,1.6892402439822112,3.0,,3,3,0,-1
16520,0.6111111111111112,-0.2614259992099088,18.0,,0,2,1,-1
16525,0.8854166666666666,0.1199552196260399,96.0,,3,2,3,-1
16531,0.96,1.092797418858346,100.0,,3,3,3,-1
16544,0.9782608695652174,1.6751796604760705,92.0,,3,3,3,-1
16548,0.9418604651162791,0.7818602260568922,86.0,,3,3,3,-1
16560,1.0,1.6892402439822112,3.0,,3,3,0,-1
16566,0.9375,0.30162278884143623,16.0,,3,3,1,-1
16569,0.7142857142857143,-0.14467086811057997,14.0,,1,2,1,-1
16573,0.3333333333333333,-1.1018179582519874,3.0,,0,0,0,-1
16577,0.8,-0.4837327611440168,10.0,,2,1,1,-1
16579,0.42857142857142855,-1.5990594630084418,7.0,,0,0,0,-1
16580,0.8,-0.06801551958681784,5.0,,2,2,0,-1
16583,1.0,2.252320325309615,5.0,,3,3,0,-1
16585,1.0,3.0030937670794864,10.0,,3,3,1,-1
16588,0.46153846153846156,-1.6250371661900032,13.0,,0,0,1,-1
16597,1.0,3.179746341613574,12.0,,3,3,1,-1
16603,0.9285714285714286,0.16841993317321632,14.0,,3,2,1,-1
16610,1.0,1.6892402439822112,3.0,,3,3,0,-1
16619,0.8888888888888888,0.05806099300205868,9.0,,3,2,0,-1
16623,1.0,2.4570767185195797,6.0,,3,3,0,-1
16634,0.3333333333333333,-1.4221175926400027,6.0,,0,0,0,-1
16637,1.0,1.6892402439822112,3.0,,3,3,0,-1
16638,1.0,2.0020625113863244,4.0,,3,3,0,-1
16642,0.6,-0.9197844733674783,5.0,,0,0,0,-1
16647,0.7142857142857143,-0.7751002750609506,7.0,,1,1,0,-1
16650,0.6666666666666666,-0.6945686020077629,6.0,,0,1,0,-1
16655,1.0,1.6892402439822112,3.0,,3,3,0,-1
16668,0.8,-0.2752837371273848,5.0,,2,2,0,-1
16672,0.7272727272727273,-0.42414768259220254,11.0,,1,1,1,-1
16675,0.8,-0.5487195548550002,5.0,,2,1,0,-1
16677,0.3333333333333333,-1.5827046571705654,9.0,,0,0,0,-1
16679,1.0,2.4570767185195797,6.0,,3,3,0,-1
16685,0.47058823529411764,-1.3165628422003,34.0,,0,0,2,-1
16688,0.8333333333333334,-0.23377658413637714,6.0,,2,2,0,-1
16691,1.0,3.179746341613574,12.0,,3,3,1,-1
16692,1.0,1.6892402439822112,3.0,,3,3,0,-1
16694,1.0,2.4570767185195797,6.0,,3,3,0,-1
16696,1.0,1.6892402439822112,3.0,,3,3,0,-1
16707,1.0,1.6892402439822112,3.0,,3,3,0,-1
16708,1.0,1.6892402439822112,3.0,,3,3,0,-1
16709,1.0,1.6892402439822112,3.0,,3,3,0,-1
16712,1.0,1.6892402439822112,3.0,,3,3,0,-1
16716,1.0,1.6892402439822112,3.0,,3,3,0,-1
16732,0.42857142857142855,-1.4774177359863092,7.0,,0,0,0,-1
16737,0.8571428571428571,0.11782630404186765,7.0,,2,2,0,-1
16743,1.0,2.4570767185195797,6.0,,3,3,0,-1
16753,0.85,0.43706651661813345,40.0,,2,3,2,-1
16758,0.9696969696969697,1.8015625403643911,33.0,,3,3,2,-1
16759,0.7435897435897436,-0.5678667652056835,39.0,,1,1,2,-1
16760,0.9310344827586207,0.665843704838421,29.0,,3,3,2,-1
16762,1.0,3.8007905489599754,27.0,,3,3,2,-1
16765,0.9117647058823529,0.5896152459925342,34.0,,3,3,2,-1
16767,0.95,0.9434634693163304,20.0,,3,3,1,-1
16771,0.9642857142857143,1.4338365135496487,28.0,,3,3,2,-1
16774,0.8780487804878049,0.5060322723180934,41.0,,2,3,2,-1
16776,0.9375,1.0695077003492495,32.0,,3,3,2,-1
16778,0.8709677419354839,0.10452039822250764,31.0,,2,2,2,-1
16782,0.8461538461538461,0.7896121738337539,26.0,,2,3,2,-1
16783,0.95,0.6895799558467751,20.0,,3,3,1,-1
16785,0.9,0.28506318442551565,30.0,,3,2,2,-1
16789,1.0,3.8007905489599754,27.0,,3,3,2,-1
16790,0.8571428571428571,0.43514968668023923,42.0,,2,3,2,-1
16794,0.9090909090909091,0.6399069592565926,33.0,,3,3,2,-1
16799,0.9629629629629629,1.2614930898819747,27.0,,3,3,2,-1
16800,1.0,2.0020625113863244,4.0,,3,3,0,-1
16801,0.5454545454545454,-1.2195662343705134,11.0,,0,0,1,-1
16813,1.0,1.6892402439822112,3.0,,3,3,0,-1
16815,0.6666666666666666,-0.440932292240304,3.0,,0,1,0,-1
16818,1.0,1.6892402439822112,3.0,,3,3,0,-1
16819,0.875,0.29873222176823316,32.0,,2,3,2,-1
16820,0.7804878048780488,0.026939447657130303,41.0,,2,2,2,-1
16822,0.8,-0.42765978496493645,25.0,,2,1,2,-1
16827,0.8421052631578947,-0.01085145886536429,38.0,,2,2,2,-1
16830,0.9090909090909091,0.6411847894254143,33.0,,3,3,2,-1
16831,0.9047619047619048,0.29554732296260944,21.0,,3,3,1,-1
16850,0.8,-0.08875562751165439,120.0,,2,2,3,-1
16855,1.0,1.6892402439822112,3.0,,3,3,0,-1
16857,0.7313432835820896,-0.43379073063667667,67.0,,1,1,3,-1
16858,1.0,2.4570767185195797,6.0,,3,3,0,-1
16874,0.75,-0.7579605875111258,4.0,,1,1,0,-1
16884,0.6,-0.5921531988368525,5.0,,0,1,0,-1
16888,0.5714285714285714,-0.7595521685857664,7.0,,0,1,0,-1
16889,0.6923076923076923,-0.5624964905490571,13.0,,1,1,1,-1
16893,0.6,-0.5921531988368525,5.0,,0,1,0,-1
16898,0.6,-0.5921531988368525,5.0,,0,1,0,-1
16911,1.0,2.627707046194551,7.0,,3,3,0,-1
16912,0.8846153846153846,0.22423036152334672,26.0,,3,2,2,-1
16916,0.7894736842105263,-0.8159597771142107,19.0,,2,1,1,-1
16920,0.6666666666666666,-0.37173747541141183,3.0,,0,1,0,-1
16923,0.8333333333333334,-0.45667381193058265,6.0,,2,1,0,-1
16925,1.0,2.4570767185195797,6.0,,3,3,0,-1
16932,0.6,-0.7011857611994038,5.0,,0,1,0,-1
16933,0.8888888888888888,0.47194230743548954,9.0,,3,3,0,-1
16934,0.8333333333333334,-0.05521644373146409,6.0,,2,2,0,-1
16936,1.0,1.6892402439822112,3.0,,3,3,0,-1
16942,0.6923076923076923,-1.1667171863706605,65.0,,1,0,3,-1
16947,0.673469387755102,-1.2415632672093873,49.0,,1,0,3,-1
16958,0.4803921568627451,-2.2236776144168706,102.0,,0,0,3,-1
16964,0.6233766233766234,-1.9640020542641246,77.0,,0,0,3,-1
16966,0.8529411764705882,-0.5114920624427256,34.0,,2,1,2,-1
16971,0.8333333333333334,0.03142959827852825,42.0,,2,2,2,-1
16984,1.0,1.6892402439822112,3.0,,3,3,0,-1
16987,0.75,-0.12461815393426927,4.0,,1,2,0,-1
16990,0.8717948717948718,-0.5915598595442578,39.0,,2,1,2,-1
16998,0.0,-2.810759756017789,3.0,,0,0,0,-1
17007,1.0,3.0030937670794864,10.0,,3,3,1,-1
17010,0.75,-0.058817573764360115,4.0,,1,2,0,-1
17014,0.6363636363636364,-0.4570633488954183,11.0,,0,1,1,-1
17018,0.5833333333333334,-0.6267973873945419,12.0,,0,1,1,-1
17022,0.9166666666666666,0.781568771884036,12.0,,3,3,1,-1
17026,0.96,0.8910107922616269,25.0,,3,3,2,-1
17028,0.7586206896551724,-0.8200029530436345,29.0,,1,1,2,-1
17035,1.0,2.8958404182552195,9.0,,3,3,0,-1
17038,0.8333333333333334,0.2212422310019235,12.0,,2,2,1,-1
17045,1.0,1.6892402439822112,3.0,,3,3,0,-1
17047,0.6666666666666666,-0.3527525602768517,9.0,,0,1,0,-1
17049,1.0,3.0030937670794864,10.0,,3,3,1,-1
17053,0.7142857142857143,-0.17975094441092335,7.0,,1,2,0,-1
17058,0.3125,-2.859836396264546,16.0,,0,0,1,-1
17061,0.8571428571428571,-0.4749666324899467,7.0,,2,1,0,-1
17064,0.8125,-0.5469005684180304,16.0,,2,1,1,-1
17071,0.7289719626168224,-0.9969209151095341,107.0,,1,0,3,-1
17086,0.752,-0.9125170459437868,125.0,,1,0,3,-1
17092,0.8061224489795918,-0.5991443400436839,98.0,,2,1,3,-1
17093,0.7857142857142857,-0.7996255137033852,70.0,,2,1,3,-1
17095,0.8023255813953488,-0.805151638140784,86.0,,2,1,3,-1
17099,0.6,-1.372231266416486,15.0,,0,0,1,-1
17103,1.0,1.6892402439822112,3.0,,3,3,0,-1
17105,1.0,2.4570767185195797,6.0,,3,3,0,-1
17109,0.6,-0.4094850473228775,5.0,,0,1,0,-1
17114,1.0,2.4570767185195797,6.0,,3,3,0,-1
17115,0.75,-0.20931590900638689,8.0,,1,2,0,-1
17118,1.0,1.6892402439822112,3.0,,3,3,0,-1
17125,0.75,-0.21829298889420043,4.0,,1,2,0,-1
17127,0.0,-3.3312708219470086,4.0,,0,0,0,-1
17138,1.0,1.6892402439822112,3.0,,3,3,0,-1
17144,1.0,2.252320325309615,5.0,,3,3,0,-1
17147,0.75,-0.30225183087141877,8.0,,1,2,0,-1
17149,0.5555555555555556,-0.8785465406881691,9.0,,0,0,0,-1
17161,1.0,2.4570767185195797,6.0,,3,3,0,-1
17169,0.6470588235294118,-0.7600821355727817,17.0,,0,1,1,-1
17174,0.6842105263157895,-0.7216302707919712,38.0,,1,1,2,-1
17176,0.9090909090909091,0.4900593298987831,11.0,,3,3,1,-1
17179,0.7272727272727273,-0.4186478035138193,11.0,,1,1,1,-1
17182,0.6,-0.8882297983515947,15.0,,0,0,1,-1
17184,0.6666666666666666,-0.7628222002465667,15.0,,0,1,1,-1
17187,0.8541666666666666,-0.6906772329020571,48.0,,2,1,3,-1
17196,0.7142857142857143,-0.3928637883592162,7.0,,1,1,0,-1
17197,0.875,0.21916223301782828,8.0,,2,2,0,-1
17198,0.4666666666666667,-1.2924771685595833,15.0,,0,0,1,-1
17219,0.6666666666666666,-0.6329112909809584,12.0,,0,1,1,-1
17226,0.3333333333333333,-1.7866320043516264,18.0,,0,0,1,-1
17227,0.7058823529411765,-0.5519612346183684,17.0,,1,1,1,-1
17231,0.8235294117647058,-0.038115913949211704,17.0,,2,2,1,-1
17233,0.875,0.21916223301782828,8.0,,2,2,0,-1
17234,0.8888888888888888,0.31478787034232086,9.0,,3,3,0,-1
17236,0.5833333333333334,-0.8846818365060306,12.0,,0,0,1,-1
17268,0.9,0.6803940965290078,10.0,,3,3,1,-1
17269,0.75,0.047949128919933824,8.0,,1,2,0,-1
17271,0.7692307692307693,0.10247087761235586,13.0,,1,2,1,-1
17276,0.625,-0.20724406681947768,8.0,,0,2,0,-1
17278,0.8,0.2693507441815129,10.0,,2,2,1,-1
17284,0.8888888888888888,0.6979863591490003,9.0,,3,3,0,-1
17294,0.4444444444444444,-1.4727031859382926,9.0,,0,0,0,-1
17301,0.75,-0.2115137137856412,4.0,,1,2,0,-1
17302,0.8571428571428571,0.5783171219930957,7.0,,2,3,0,-1
17319,0.5,-0.9039198248698951,6.0,,0,0,0,-1
17330,0.9333333333333333,0.6139514534735925,15.0,,3,3,1,-1
17340,1.0,2.8958404182552195,9.0,,3,3,0,-1
17342,0.7446808510638298,-1.496159788835985,47.0,,1,0,2,-1
17344,0.8142857142857143,-0.9877491112420487,70.0,,2,0,3,-1
17349,0.3076923076923077,-1.7338401213520334,13.0,,0,0,1,-1
17350,0.75,-0.3071963681787491,4.0,,1,2,0,-1
17363,0.6538461538461539,-0.597394091593335,26.0,,0,1,2,-1
17364,0.425531914893617,-1.5591186458963524,47.0,,0,0,2,-1
17367,0.4117647058823529,-1.0570510480660487,34.0,,0,0,2,-1
17368,0.8846153846153846,0.7716196236353269,26.0,,3,3,2,-1
17380,0.7333333333333333,-0.41363464388840193,30.0,,1,1,2,-1
17381,0.55,-1.214635181090306,20.0,,0,0,1,-1
17385,0.7894736842105263,-0.09289481620151949,38.0,,2,2,2,-1
17388,0.8148148148148148,0.2853891298050032,27.0,,2,2,2,-1
17391,0.2857142857142857,-1.6098575679738434,7.0,,0,0,0,-1
17392,0.9230769230769231,1.149639214691378,13.0,,3,3,1,-1
17402,0.75,-0.4083518418823677,20.0,,1,1,1,-1
17404,1.0,2.8958404182552195,9.0,,3,3,0,-1
17406,0.88,0.18678954759916805,25.0,,2,2,2,-1
17414,0.6956521739130435,-0.6291310169096268,23.0,,1,1,2,-1
17419,0.7272727272727273,-0.6539072441877163,22.0,,1,1,1,-1
17420,0.09090909090909091,-1.9320900305215303,11.0,,0,0,1,-1
17421,1.0,1.6892402439822112,3.0,,3,3,0,-1
17422,0.8333333333333334,-0.9285057852009095,6.0,,2,0,0,-1
17426,0.62,-0.626633274371012,50.0,,0,1,3,-1
17430,0.7142857142857143,-0.4426168202025916,7.0,,1,1,0,-1
17434,0.6190476190476191,-0.8355105654260596,42.0,,0,1,2,-1
17436,1.0,2.627707046194551,7.0,,3,3,0,-1
17438,0.8571428571428571,-0.17536318357199115,7.0,,2,2,0,-1
17441,0.42857142857142855,-1.5518201924907302,7.0,,0,0,0,-1
17442,0.6,-0.7981496929554002,5.0,,0,1,0,-1
17444,1.0,1.6892402439822112,3.0,,3,3,0,-1
17445,1.0,2.4570767185195797,6.0,,3,3,0,-1
17448,1.0,2.4570767185195797,6.0,,3,3,0,-1
17450,1.0,2.4570767185195797,6.0,,3,3,0,-1
17465,1.0,1.6892402439822112,3.0,,3,3,0,-1
17467,0.2,-1.5306783790024219,5.0,,0,0,0,-1
17469,1.0,2.0020625113863244,4.0,,3,3,0,-1
17470,0.6896551724137931,-0.8651698615621436,29.0,,1,0,2,-1
17476,1.0,2.4570767185195797,6.0,,3,3,0,-1
17477,1.0,2.4570767185195797,6.0,,3,3,0,-1
17484,0.7,-0.8265836023513766,10.0,,1,1,1,-1
17487,1.0,2.4570767185195797,6.0,,3,3,0,-1
17493,0.375,-1.6412791187065605,8.0,,0,0,0,-1
17496,0.45454545454545453,-1.6077699719558236,11.0,,0,0,1,-1
17500,1.0,2.4570767185195797,6.0,,3,3,0,-1
17503,1.0,2.4570767185195797,6.0,,3,3,0,-1
17506,1.0,2.4570767185195797,6.0,,3,3,0,-1
17516,0.7142857142857143,-0.7751002750609506,7.0,,1,1,0,-1
17518,0.6666666666666666,-0.8464837514255672,6.0,,0,1,0,-1
17521,0.7777777777777778,-0.7027525098407785,9.0,,2,1,0,-1
17522,1.0,2.4570767185195797,6.0,,3,3,0,-1
17524,1.0,1.6892402439822112,3.0,,3,3,0,-1
17526,1.0,1.6892402439822112,3.0,,3,3,0,-1
17527,0.75,-0.7573715865579387,4.0,,1,1,0,-1
17528,1.0,1.6892402439822112,3.0,,3,3,0,-1
17530,1.0,1.6892402439822112,3.0,,3,3,0,-1
17531,0.5555555555555556,-1.2997867509041041,9.0,,0,0,0,-1
17556,0.845360824742268,-0.6885014640726492,97.0,,2,1,3,-1
17574,0.7777777777777778,-0.6444307551200725,9.0,,2,1,0,-1
17578,0.8695652173913043,0.19366955212371326,23.0,,2,2,2,-1
17580,0.75,-0.3292388884844313,8.0,,1,2,0,-1
17582,0.8076923076923077,0.28299255488456776,26.0,,2,2,2,-1
17584,0.7073170731707317,-0.28627615498233255,41.0,,1,2,2,-1
17585,0.7204301075268817,-0.2113861440845959,93.0,,1,2,3,-1
17588,0.8333333333333334,0.27868448289463404,36.0,,2,2,2,-1
17591,0.75,-0.5500141188420564,4.0,,1,1,0,-1
17592,0.6,-1.1986166216920224,5.0,,0,0,0,-1
17599,1.0,2.4570767185195797,6.0,,3,3,0,-1
17608,0.5,-0.5743179336045344,8.0,,0,1,0,-1
17613,0.8529411764705882,-0.16936356393490354,34.0,,2,2,2,-1
17614,0.8636363636363636,-0.17150282692496413,44.0,,2,2,2,-1
17620,1.0,1.6892402439822112,3.0,,3,3,0,-1
17626,1.0,2.0020625113863244,4.0,,3,3,0,-1
17627,1.0,2.252320325309615,5.0,,3,3,0,-1
17631,0.8181818181818182,-0.41399530275595664,11.0,,2,1,1,-1
17639,1.0,1.6892402439822112,3.0,,3,3,0,-1
17645,0.9444444444444444,0.646421523078551,36.0,,3,3,2,-1
17655,0.7543859649122807,-0.10388286931673779,57.0,,1,2,3,-1
17657,0.8888888888888888,0.056650580669333046,9.0,,3,2,0,-1
17659,0.6666666666666666,-0.842688039341003,9.0,,0,1,0,-1
17660,0.8571428571428571,-0.035700684576354114,7.0,,2,2,0,-1
17661,1.0,2.0020625113863244,4.0,,3,3,0,-1
17665,0.8823529411764706,-0.6352813196529186,17.0,,3,1,1,-1
17667,0.84,-0.7868911221274543,25.0,,2,1,2,-1
17690,1.0,1.6892402439822112,3.0,,3,3,0,-1
17695,0.75,-0.5008363404775003,4.0,,1,1,0,-1
17704,0.5,-1.2784902768242095,10.0,,0,0,1,-1
17711,0.6153846153846154,-1.0680730411470623,39.0,,0,0,2,-1
17714,0.8571428571428571,-0.047771335177832074,7.0,,2,2,0,-1
17716,0.5,-0.8671480911694008,6.0,,0,0,0,-1
17723,0.75,-0.21829298889420043,4.0,,1,2,0,-1
17727,0.5555555555555556,-1.0963995630057066,9.0,,0,0,0,-1
17729,0.8,-0.27117981637052313,5.0,,2,2,0,-1
17730,0.7142857142857143,-0.5905452339011976,7.0,,1,1,0,-1
17734,0.5294117647058824,-1.578708004078464,34.0,,0,0,2,-1
17735,0.8571428571428571,-0.1385434560201319,49.0,,2,2,3,-1
17739,0.6666666666666666,-0.695303257109257,9.0,,0,1,0,-1
17742,0.8181818181818182,-0.3168711228416087,11.0,,2,2,1,-1
17748,0.4,-1.5560793890203648,10.0,,0,0,1,-1
17752,0.7142857142857143,-0.5905452339011975,7.0,,1,1,0,-1
17753,0.8333333333333334,-0.17411786344847135,6.0,,2,2,0,-1
17756,0.7,-0.7209040859911321,10.0,,1,1,1,-1
17773,1.0,3.0030937670794864,10.0,,3,3,1,-1
17775,1.0,2.0020625113863244,4.0,,3,3,0,-1
17779,0.5833333333333334,-1.8487834437272175,48.0,,0,0,3,-1
17782,0.7,-0.49498243387990964,10.0,,1,1,1,-1
17786,1.0,2.0020625113863244,4.0,,3,3,0,-1
17795,1.0,3.179746341613574,12.0,,3,3,1,-1
17797,0.6923076923076923,-1.3491603029570214,13.0,,1,0,1,-1
17798,1.0,1.6892402439822112,3.0,,3,3,0,-1
17806,0.6666666666666666,-0.8641844965176543,6.0,,0,0,0,-1
17809,0.8333333333333334,-0.36012377441105653,6.0,,2,1,0,-1
17811,1.0,2.4570767185195797,6.0,,3,3,0,-1
17825,1.0,2.4570767185195797,6.0,,3,3,0,-1
17827,0.25,-1.840868419128781,4.0,,0,0,0,-1
17832,0.6,-1.3189382815799449,5.0,,0,0,0,-1
17849,0.75,-0.12461815393426927,4.0,,1,2,0,-1
17871,0.8333333333333334,-0.28166913398020577,6.0,,2,2,0,-1
17879,0.75,-0.5868577548117783,8.0,,1,1,0,-1
17882,0.375,-2.1871798672669263,8.0,,0,0,0,-1
17893,1.0,1.6892402439822112,3.0,,3,3,0,-1
17900,1.0,1.6892402439822112,3.0,,3,3,0,-1
17904,1.0,1.6892402439822112,3.0,,3,3,0,-1
17906,1.0,1.6892402439822112,3.0,,3,3,0,-1
17918,1.0,1.6892402439822112,3.0,,3,3,0,-1
17919,0.6666666666666666,-0.050663060694975066,6.0,,0,2,0,-1
17922,1.0,1.6892402439822112,3.0,,3,3,0,-1
17927,0.6666666666666666,-0.059710035853473536,9.0,,0,2,0,-1
17929,1.0,1.6892402439822112,3.0,,3,3,0,-1
17934,0.5185185185185185,-1.4761219327437347,27.0,,0,0,2,-1
17938,1.0,2.0020625113863244,4.0,,3,3,0,-1
17943,0.8,-0.2251473111256519,5.0,,2,2,0,-1
17944,0.75,-0.3279896409970782,4.0,,1,2,0,-1
17952,0.8125,-1.03066741603212,48.0,,2,0,3,-1
17953,0.8181818181818182,-0.9757871638875465,44.0,,2,0,2,-1
17957,0.7419354838709677,-1.3938093271733316,62.0,,1,0,3,-1
17958,0.7857142857142857,-1.2721054548819162,42.0,,2,0,2,-1
17967,0.0,-3.3312708219470086,4.0,,0,0,0,-1
17977,0.75,-0.8518824595863421,4.0,,1,1,0,-1
17988,0.8823529411764706,-0.5421935177144755,34.0,,3,1,2,-1
17994,1.0,3.5253709439628755,18.0,,3,3,1,-1
17997,0.8461538461538461,-0.7587913173861952,26.0,,2,1,2,-1
17998,0.8620689655172413,-0.6837616217564554,29.0,,2,1,2,-1
17999,0.8666666666666667,-0.05841965359776696,15.0,,2,2,1,-1
18006,0.8333333333333334,-0.2725612994004146,12.0,,2,2,1,-1
18007,0.8666666666666667,-0.07923637644777876,15.0,,2,2,1,-1
18011,0.75,-0.45725740324168573,8.0,,1,1,0,-1
18018,1.0,1.6892402439822112,3.0,,3,3,0,-1
18024,1.0,2.4570767185195797,6.0,,3,3,0,-1
18028,1.0,2.4570767185195797,6.0,,3,3,0,-1
18043,1.0,2.627707046194551,7.0,,3,3,0,-1
18058,0.9090909090909091,-0.24762904889753667,11.0,,3,2,1,-1
18061,0.9333333333333333,-0.057193565152714676,15.0,,3,2,1,-1
18062,1.0,1.6892402439822112,3.0,,3,3,0,-1
18066,0.8333333333333334,-0.7865427209295975,18.0,,2,1,1,-1
18067,0.9230769230769231,-0.18284167612095203,13.0,,3,2,1,-1
18069,0.6,-1.5876880055396496,10.0,,0,0,1,-1
18072,0.9230769230769231,0.05005610025559372,13.0,,3,2,1,-1
18078,0.8,-0.660645042275281,5.0,,2,1,0,-1
18079,1.0,2.4570767185195797,6.0,,3,3,0,-1
18092,0.6666666666666666,-1.4701967781527292,15.0,,0,0,1,-1
18094,0.8,-0.7263254391444969,5.0,,2,1,0,-1
18099,0.7777777777777778,-0.9345840252440434,9.0,,2,0,0,-1
18104,0.7777777777777778,-0.9753956886308771,9.0,,2,0,0,-1
18116,0.7142857142857143,-1.1159404411877651,28.0,,1,0,2,-1
18141,1.0,1.6892402439822112,3.0,,3,3,0,-1
18147,0.5757575757575758,-2.0916336503054085,66.0,,0,0,3,-1
18149,1.0,3.253351581002777,13.0,,3,3,1,-1
18160,1.0,1.6892402439822112,3.0,,3,3,0,-1
18168,0.8333333333333334,-0.358866733421185,6.0,,2,1,0,-1
18175,0.75,-0.5662083740619497,4.0,,1,1,0,-1
18185,1.0,3.0030937670794864,10.0,,3,3,1,-1
18186,0.6111111111111112,-1.1691108472986795,18.0,,0,0,1,-1
18190,1.0,1.6892402439822112,3.0,,3,3,0,-1
18191,1.0,1.6892402439822112,3.0,,3,3,0,-1
18200,0.8,0.38689626192700344,20.0,,2,3,1,-1
18205,0.8,-0.9710431166421514,15.0,,2,0,1,-1
18215,0.7555555555555555,-1.4007668480153284,45.0,,1,0,2,-1
18217,0.6923076923076923,-1.7045232405698465,26.0,,1,0,2,-1
18220,0.8571428571428571,-0.37496242350136466,7.0,,2,1,0,-1
18235,0.7666666666666667,-1.2535250999420446,30.0,,1,0,2,-1
18239,0.8,0.18459565743025272,45.0,,2,2,2,-1
18240,0.0,-2.810759756017789,3.0,,0,0,0,-1
18242,0.2,-1.6299737578402365,5.0,,0,0,0,-1
18244,0.75,-0.7839808257151958,8.0,,1,1,0,-1
18245,0.7083333333333334,-0.9748157159339156,24.0,,1,0,2,-1
18249,0.55,-1.028279128617072,40.0,,0,0,2,-1
18254,1.0,1.6892402439822112,3.0,,3,3,0,-1
18255,1.0,1.6892402439822112,3.0,,3,3,0,-1
18273,0.7037037037037037,-1.8076998902750938,27.0,,1,0,2,-1
18274,0.25,-2.377314763593993,8.0,,0,0,0,-1
18291,0.52,-1.7035813499739227,25.0,,0,0,2,-1
18294,0.46551724137931033,-1.7115207151085958,58.0,,0,0,3,-1
18301,0.5614035087719298,-1.4599365990567894,57.0,,0,0,3,-1
18304,0.6901408450704225,-0.9852055384905568,71.0,,1,0,3,-1
18306,0.71875,-1.1001995568621654,64.0,,1,0,3,-1
18309,0.631578947368421,-1.0570807349447726,19.0,,0,0,1,-1
18311,0.7209302325581395,-1.0207922388960637,43.0,,1,0,2,-1
18315,0.5833333333333334,-1.030576312367952,12.0,,0,0,1,-1
18319,0.475,-1.6552584219093314,40.0,,0,0,2,-1
18322,0.5555555555555556,-0.9992420571287295,9.0,,0,0,0,-1
18329,0.631578947368421,-0.9721455875936077,19.0,,0,0,1,-1
18336,0.6153846153846154,-0.9405375683605435,13.0,,0,0,1,-1
18340,0.7608695652173914,-0.7989079298265288,46.0,,1,1,2,-1
18343,0.7777777777777778,0.06989919692024246,9.0,,2,2,0,-1
18346,1.0,1.6892402439822112,3.0,,3,3,0,-1
18347,1.0,2.252320325309615,5.0,,3,3,0,-1
18348,1.0,1.6892402439822112,3.0,,3,3,0,-1
18349,0.6666666666666666,-0.3660295083127665,6.0,,0,1,0,-1
18351,0.7692307692307693,-0.6974524498286544,13.0,,1,1,1,-1
18357,0.75,-0.6488875252766791,16.0,,1,1,1,-1
18361,0.7692307692307693,-0.392813683977438,13.0,,1,1,1,-1
18366,0.9230769230769231,0.48676511934871614,13.0,,3,3,1,-1
18373,0.3333333333333333,-1.2900068702369518,9.0,,0,0,0,-1
18374,0.7142857142857143,-0.4645854170727375,7.0,,1,1,0,-1
18376,0.8,-0.2606911405133946,5.0,,2,2,0,-1
18377,0.75,0.052066089828677775,16.0,,1,2,1,-1
18393,0.6666666666666666,-0.09004480095891867,3.0,,0,2,0,-1
18405,0.6923076923076923,-1.0436721241341822,13.0,,1,0,1,-1
18418,0.8333333333333334,0.03553960150085969,6.0,,2,2,0,-1
18419,1.0,1.6892402439822112,3.0,,3,3,0,-1
18422,1.0,1.6892402439822112,3.0,,3,3,0,-1
18428,1.0,1.6892402439822112,3.0,,3,3,0,-1
18431,1.0,1.6892402439822112,3.0,,3,3,0,-1
18443,0.9666666666666667,1.1385893425375027,30.0,,3,3,2,-1
18446,0.9,-0.1172812089348442,20.0,,3,2,1,-1
18454,0.6666666666666666,-1.2819242694126962,6.0,,0,0,0,-1
18460,0.9166666666666666,0.00022517106167551553,12.0,,3,2,1,-1
18461,0.8285714285714286,0.3377861687838157,35.0,,2,3,2,-1
18463,0.7692307692307693,-0.38371099914548734,26.0,,1,1,2,-1
18464,0.8833333333333333,0.8673495051477371,60.0,,3,3,3,-1
18468,0.7407407407407407,-0.11009836299794776,27.0,,1,2,2,-1
18472,1.0,1.6892402439822112,3.0,,3,3,0,-1
18474,1.0,1.6892402439822112,3.0,,3,3,0,-1
18476,1.0,1.6892402439822112,3.0,,3,3,0,-1
18479,1.0,1.6892402439822112,3.0,,3,3,0,-1
18480,1.0,1.6892402439822112,3.0,,3,3,0,-1
18495,1.0,1.6892402439822112,3.0,,3,3,0,-1
18507,1.0,1.6892402439822112,3.0,,3,3,0,-1
18517,0.6666666666666666,-0.12202545280366121,6.0,,0,2,0,-1
18520,0.6,-0.2556976997409858,5.0,,0,2,0,-1
18526,0.75,0.08077856632405082,4.0,,1,2,0,-1
18530,0.75,0.08077856632405082,4.0,,1,2,0,-1
18537,0.8,-0.26388703385226475,5.0,,2,2,0,-1
18546,0.4,-0.6812664319941606,10.0,,0,1,1,-1
18555,0.7,-0.49498243387991003,10.0,,1,1,1,-1
18564,1.0,1.6892402439822112,3.0,,3,3,0,-1
18566,1.0,1.6892402439822112,3.0,,3,3,0,-1
18578,1.0,1.6892402439822112,3.0,,3,3,0,-1
18585,0.8571428571428571,0.5103577207077711,7.0,,2,3,0,-1
18587,0.5714285714285714,-0.36702075308910653,7.0,,0,1,0,-1
18588,0.6666666666666666,-0.12202545280366121,6.0,,0,2,0,-1
18591,0.8596491228070176,-0.459446095472134,57.0,,2,1,3,-1
18592,0.9459459459459459,0.3548770213013047,37.0,,3,3,2,-1
18594,0.9696969696969697,0.8897405935083322,33.0,,3,3,2,-1
18600,0.7857142857142857,-1.0403211099419765,14.0,,2,0,1,-1
18611,0.5,-0.7065651112889699,4.0,,0,1,0,-1
18618,0.8571428571428571,-0.7234414664942884,35.0,,2,1,2,-1
18634,0.6666666666666666,-0.7467677574962072,24.0,,0,1,2,-1
18635,0.9,0.8838598244746422,30.0,,3,3,2,-1
18640,1.0,1.6892402439822112,3.0,,3,3,0,-1
18641,1.0,1.6892402439822112,3.0,,3,3,0,-1
18642,0.75,-0.7940321829985514,8.0,,1,1,0,-1
18646,1.0,1.6892402439822112,3.0,,3,3,0,-1
18650,0.5238095238095238,-1.3767504331058595,21.0,,0,0,1,-1
18651,0.75,-0.4700625212162662,4.0,,1,1,0,-1
18656,0.7692307692307693,0.08939570010190682,13.0,,1,2,1,-1
18663,1.0,1.6892402439822112,3.0,,3,3,0,-1
18667,1.0,1.6892402439822112,3.0,,3,3,0,-1
18672,0.6,-0.9917247353163599,5.0,,0,0,0,-1
18677,1.0,2.0020625113863244,4.0,,3,3,0,-1
18684,0.8,-1.1884784382863545,30.0,,2,0,2,-1
18685,0.5,-1.8517662991167825,8.0,,0,0,0,-1
18697,0.8571428571428571,-0.3483404877692074,7.0,,2,1,0,-1
18699,1.0,1.6892402439822112,3.0,,3,3,0,-1
18700,1.0,1.6892402439822112,3.0,,3,3,0,-1
18707,0.6363636363636364,-0.22014331016297953,11.0,,0,2,1,-1
18717,0.0,-2.810759756017789,3.0,,0,0,0,-1
18719,0.7333333333333333,0.05908668870884881,15.0,,1,2,1,-1
18722,1.0,2.8958404182552195,9.0,,3,3,0,-1
18724,1.0,1.6892402439822112,3.0,,3,3,0,-1
18727,0.9090909090909091,-0.4956467828715494,22.0,,3,1,1,-1
18731,0.875,-0.4845580486502435,8.0,,2,1,0,-1
18738,1.0,2.8958404182552195,9.0,,3,3,0,-1
18739,1.0,2.627707046194551,7.0,,3,3,0,-1
18741,1.0,2.8958404182552195,9.0,,3,3,0,-1
18749,0.875,-0.37723265882618523,8.0,,2,1,0,-1
18754,1.0,2.4570767185195797,6.0,,3,3,0,-1
18757,0.875,-0.37723265882618523,8.0,,2,1,0,-1
18761,0.8888888888888888,-0.29015215922930804,9.0,,3,2,0,-1
18762,1.0,2.0020625113863244,4.0,,3,3,0,-1
18763,0.6666666666666666,-1.194947252009223,9.0,,0,0,0,-1
18764,1.0,2.4570767185195797,6.0,,3,3,0,-1
18774,0.8888888888888888,-0.29015215922930804,9.0,,3,2,0,-1
18778,1.0,2.4570767185195797,6.0,,3,3,0,-1
18781,1.0,2.4570767185195797,6.0,,3,3,0,-1
18788,1.0,3.3192089004562746,14.0,,3,3,1,-1
18789,0.75,-0.500654605353932,8.0,,1,1,0,-1
18790,1.0,3.7538672088493583,25.0,,3,3,2,-1
18793,0.9285714285714286,0.6945943510221488,14.0,,3,3,1,-1
18800,0.7692307692307693,0.04931335159623061,13.0,,1,2,1,-1
18805,1.0,2.4570767185195797,6.0,,3,3,0,-1
18808,0.75,-0.9815195778440997,12.0,,1,0,1,-1
18826,0.6,-0.9653394704446749,5.0,,0,0,0,-1
18829,1.0,2.627707046194551,7.0,,3,3,0,-1
18833,1.0,2.4570767185195797,6.0,,3,3,0,-1
18838,0.9230769230769231,0.6371696594384659,13.0,,3,3,1,-1
18841,1.0,3.3784804879644224,15.0,,3,3,1,-1
18852,0.75,0.26261536889861187,4.0,,1,2,0,-1
18860,0.6666666666666666,-0.8092892658598629,3.0,,0,1,0,-1
18864,0.7777777777777778,-0.7431171569460369,9.0,,2,1,0,-1
18866,0.7142857142857143,-1.312735680695455,14.0,,1,0,1,-1
18867,1.0,2.0020625113863244,4.0,,3,3,0,-1
18875,0.75,0.1389257006559396,4.0,,1,2,0,-1
18878,0.3333333333333333,-0.950899258186757,9.0,,0,0,0,-1
18881,1.0,2.4570767185195797,6.0,,3,3,0,-1
18885,0.75,-0.42322182123427493,4.0,,1,1,0,-1
18889,0.5555555555555556,-0.5951950014467609,9.0,,0,1,0,-1
18891,0.8571428571428571,-0.48869577956319527,7.0,,2,1,0,-1
18897,1.0,1.6892402439822112,3.0,,3,3,0,-1
18898,0.42857142857142855,-1.49314307914772,7.0,,0,0,0,-1
18904,0.25,-0.9030572972226478,4.0,,0,0,0,-1
18907,0.5,-0.6962447673736074,12.0,,0,1,1,-1
18913,0.6666666666666666,-0.09004480095891867,3.0,,0,2,0,-1
18926,1.0,1.6892402439822112,3.0,,3,3,0,-1
18928,0.8571428571428571,-0.5615460080582632,7.0,,2,1,0,-1
18932,1.0,1.6892402439822112,3.0,,3,3,0,-1
18939,1.0,1.6892402439822112,3.0,,3,3,0,-1
18949,1.0,2.4570767185195797,6.0,,3,3,0,-1
18950,0.75,-0.5203246170101653,4.0,,1,1,0,-1
18963,0.5,-1.0045393936848026,6.0,,0,0,0,-1
18967,0.7777777777777778,-0.37857381556142045,9.0,,2,1,0,-1
18981,1.0,1.6892402439822112,3.0,,3,3,0,-1
18982,0.42857142857142855,-0.8362487710209812,7.0,,0,1,0,-1
18989,0.3333333333333333,-0.6896379094041629,3.0,,0,1,0,-1
18993,0.8,0.06787662451314752,15.0,,2,2,1,-1
18994,0.7142857142857143,-0.1784314625125518,7.0,,1,2,0,-1
18999,1.0,2.0020625113863244,4.0,,3,3,0,-1
19001,0.8,0.018736493127319065,5.0,,2,2,0,-1
19011,1.0,2.4570767185195797,6.0,,3,3,0,-1
19012,1.0,2.4570767185195797,6.0,,3,3,0,-1
19014,0.8888888888888888,0.6720370648553352,9.0,,3,3,0,-1
19015,0.5,-0.5925190295589113,4.0,,0,1,0,-1
19037,1.0,3.179746341613574,12.0,,3,3,1,-1
19039,1.0,3.253351581002777,13.0,,3,3,1,-1
19043,0.9333333333333333,-0.25003381230708815,15.0,,3,2,1,-1
19045,1.0,2.627707046194551,7.0,,3,3,0,-1
19046,1.0,3.3192089004562746,14.0,,3,3,1,-1
19049,0.6666666666666666,-0.37317091861478274,6.0,,0,1,0,-1
19060,0.25,-2.663742199387961,12.0,,0,0,1,-1
19061,0.6,-0.7895375985133473,10.0,,0,1,1,-1
19072,0.8333333333333334,0.21642145260002157,12.0,,2,2,1,-1
19086,0.5,-0.5373203986811543,4.0,,0,1,0,-1
19091,0.4,-0.7191838559529973,5.0,,0,1,0,-1
