uid,ability_raw,ability_rasch,history_raw,rt_raw,ability_q,ability_rasch_q,history_q,rt_q
1,0.748792270531401,0.7388698781126878,207.0,47610.67326732673,2,3,3,2
2,0.6291866028708134,-0.20912299406290263,836.0,66643.22888616892,1,1,3,3
8,0.6302083333333334,0.18047014832642755,192.0,55235.54010695187,1,2,3,2
9,0.6171428571428571,0.25664394840347016,175.0,73180.16470588236,1,2,3,3
14,0.7353846153846154,-0.03554574454855982,650.0,34317.69828926905,2,2,3,1
16,0.7870159453302962,0.5847716704573059,878.0,36934.0908045977,2,3,3,1
21,0.7765793528505393,0.2635443318318641,649.0,42208.09316770186,2,2,3,1
22,0.6896551724137931,-0.1315777519215589,29.0,69793.6551724138,1,1,1,3
23,0.7788697788697788,0.028516510461235496,407.0,38858.794554455446,2,2,3,1
28,0.6548223350253807,-0.6132891708710857,197.0,32335.257894736842,1,1,3,1
30,0.7144549763033176,-0.08556768137349145,844.0,34939.429761904765,2,1,3,1
37,0.8193979933110368,0.2359077532942234,299.0,39297.56565656565,3,2,3,1
40,0.7210682492581603,0.10049915213883252,337.0,35706.89820359281,2,2,3,1
48,0.7207392197125256,0.31438052725839755,974.0,34258.649947753394,2,2,3,1
54,0.5194805194805194,-0.8189258527425205,308.0,29871.501628664497,0,0,3,0
65,0.6153846153846154,0.0664215426156178,26.0,40129.92307692308,1,2,1,1
68,0.7142857142857143,0.23309598437733148,658.0,38878.243491577334,2,2,3,1
83,0.6825153374233128,0.020271812496888548,652.0,56623.66719492868,1,2,3,2
86,0.819672131147541,0.853119346847433,488.0,72410.80638297873,3,3,3,3
89,0.716323296354992,0.025588014405852767,631.0,64217.46329526917,2,2,3,3
97,0.7775510204081633,0.9547769522002251,490.0,34819.83606557377,2,3,3,1
99,0.828125,1.2910892805684877,384.0,26982.802083333332,3,3,3,0
120,0.756,-0.019720491428064233,250.0,27904.65863453815,2,2,3,0
128,0.6656746031746031,-0.256721467318305,1008.0,38641.26113360324,1,1,3,1
131,0.7263779527559056,-0.16878687236365353,508.0,28345.83070866142,2,1,3,0
145,0.723404255319149,-0.550079643533883,94.0,25826.73404255319,2,1,2,0
146,0.7089783281733746,-0.3147266834141676,323.0,35087.825,1,1,3,1
147,0.7529411764705882,-0.4170314244471073,170.0,25571.630952380954,2,1,3,0
153,0.7764900662251656,0.15434852958887432,604.0,42875.488333333335,2,2,3,1
155,0.8522727272727273,0.39104014014003297,88.0,10406.53409090909,3,2,2,0
157,0.6470588235294118,-0.48107666350556144,102.0,31822.519607843136,1,1,2,0
161,0.76,0.20747553823335937,100.0,35534.1,2,2,2,1
164,0.6908517350157729,-0.24658736882782997,317.0,27864.019047619047,1,1,3,0
175,0.6226415094339622,-0.43922949367599273,318.0,23231.01577287066,1,1,3,0
178,0.6644591611479028,-0.04554304530298504,453.0,37963.25842696629,1,2,3,1
184,0.8040712468193384,0.822862948230343,786.0,41623.43467011643,2,3,3,1
186,0.8477653631284916,1.1485836434121701,716.0,48301.21022727273,3,3,3,2
190,0.5953237410071942,-0.546997441733152,556.0,39060.2204007286,1,1,3,1
195,0.6401098901098901,-0.3798840546520737,364.0,22862.101928374657,1,1,3,0
198,0.5187793427230047,-1.2069802638633638,426.0,32327.804295942722,0,0,3,1
201,0.6290909090909091,-0.7278062426544954,275.0,28949.26277372263,1,0,3,0
208,0.4036144578313253,-1.6883474568275942,166.0,60217.27272727273,0,0,3,2
220,0.5983606557377049,-0.9934911661121889,122.0,13027.786885245901,1,0,3,0
222,0.7932636469221835,0.6430878291986049,861.0,40041.01165501166,2,3,3,1
238,0.6729678638941399,0.32293259606433106,529.0,46129.12284069098,1,2,3,2
249,0.5436893203883495,-1.1321935599075375,206.0,28860.53431372549,0,0,3,0
250,0.8614864864864865,1.0194485940295277,296.0,29567.49315068493,3,3,3,0
256,0.7894736842105263,0.46009007794782086,228.0,43971.41777777778,2,2,3,1
264,0.423728813559322,-2.1500285032505775,118.0,24338.570175438595,0,0,3,0
269,0.8064516129032258,0.5916156491453985,93.0,29716.945652173912,2,3,2,0
276,0.7936507936507936,0.087217908281825,189.0,62798.142857142855,2,2,3,2
280,0.8010752688172043,1.132533470936113,186.0,36219.08241758242,2,3,3,1
306,0.5757575757575758,-1.217185542447467,33.0,89585.93103448275,0,0,1,3
312,0.7803030303030303,0.9520370713112991,132.0,42260.26515151515,2,3,3,1
317,0.8032786885245902,0.4460902336241921,244.0,38019.83817427386,2,2,3,1
318,0.6845238095238095,-0.6572416053614215,168.0,36721.12804878049,1,1,3,1
325,0.7445394112060779,0.27446175444760196,1053.0,45036.58309317964,2,2,3,1
330,0.7119883040935673,-0.008998212525200383,684.0,31579.118768328444,1,2,3,0
335,0.8762589928057554,1.3951931349442301,695.0,33546.63043478261,3,3,3,1
345,0.5849056603773585,-0.453195000218989,265.0,27492.628787878788,1,1,3,0
347,0.8142695356738392,0.9682661609097185,883.0,53430.81357882624,3,3,3,2
348,0.7344632768361582,0.15773725404813738,708.0,44660.98424068768,2,2,3,1
350,0.8763040238450075,1.3372308080021178,671.0,40702.208395802096,3,3,3,1
358,0.673469387755102,0.06588373943493978,147.0,43664.64788732395,1,2,3,1
361,0.8648648648648649,1.8049001488515306,74.0,50051.05405405405,3,3,2,2
369,0.7009685230024213,-0.06030177203818658,826.0,41723.351219512195,1,1,3,1
375,0.8673469387755102,0.7706273133224537,98.0,79247.20652173914,3,3,2,3
383,0.7671711292200233,0.42291815393280385,859.0,63408.43668639053,2,2,3,3
384,0.6578947368421053,-0.4482378201972174,304.0,48903.280528052805,1,1,3,2
387,0.5595727198027938,-0.8302122826807359,1217.0,32829.53589315526,0,0,3,1
393,0.7391304347826086,0.14512454181297188,943.0,37664.43776824034,2,2,3,1
406,0.8785046728971962,0.7891999957434385,107.0,73681.05882352941,3,3,2,3
425,0.43859649122807015,-1.5919748742437474,228.0,41846.70175438596,0,0,3,1
427,0.6024096385542169,-0.6433227868125727,83.0,45399.93827160494,1,1,2,1
429,0.6655518394648829,-0.07813050707122454,299.0,32894.11224489796,1,1,3,1
430,0.740625,0.11712225199495117,320.0,55099.19871794872,2,2,3,2
434,0.6634382566585957,-0.18671083571354383,413.0,67386.42204301075,1,1,3,3
448,0.7452574525745257,0.4178218702550076,369.0,51593.67302452316,2,2,3,2
454,0.7934426229508197,0.5891399799573387,915.0,33479.02300109529,2,3,3,1
455,0.5727554179566563,0.3051531735539757,323.0,56498.14330218069,0,2,3,2
459,0.8315508021390374,0.8943336095629356,748.0,47385.42261103634,3,3,3,2
463,0.772020725388601,0.17988690891111117,579.0,33172.989619377164,2,2,3,1
466,0.7847222222222222,0.07774822811864035,144.0,66809.50735294117,2,2,3,3
467,0.8441558441558441,0.34557806601231716,77.0,43318.76623376623,3,2,2,1
471,0.7105263157894737,0.3398427171406523,380.0,33237.166666666664,1,2,3,1
477,0.7977272727272727,1.1195574493354816,440.0,46547.95327102804,2,3,3,2
478,0.8080568720379147,1.2118277588468243,422.0,40995.6754176611,2,3,3,1
481,0.6145833333333334,-0.20160891850620222,192.0,69399.94623655915,1,1,3,3
485,0.8678260869565217,0.6340064132002723,575.0,61653.360714285714,3,3,3,2
490,0.8181818181818182,0.21300584855391044,616.0,52019.00328407225,3,2,3,2
495,0.3776223776223776,-2.0722202545887884,143.0,43078.882352941175,0,0,3,1
496,0.6193181818181818,-0.7256015524646596,176.0,57755.01734104046,1,0,3,2
504,0.5555555555555556,-1.353682917142532,126.0,46873.925619834714,0,0,3,2
506,0.7995824634655533,-0.03560267834891802,479.0,41460.48940677966,2,2,3,1
510,0.7341337907375644,-0.46767517458073926,583.0,60305.51865008881,2,1,3,2
515,0.9035916824196597,1.0607754305015182,529.0,42946.34857142857,3,3,3,1
516,0.6928571428571428,0.21981031638789839,140.0,61189.90510948905,1,2,3,2
525,0.8557692307692307,0.447524578218246,520.0,44504.249027237354,3,2,3,1
534,0.6753731343283582,-0.8875985625762857,536.0,39343.63636363636,1,0,3,1
535,0.45925925925925926,-0.9421748413170681,135.0,63122.54961832061,0,0,3,3
538,0.8264758497316637,0.315105349383299,559.0,35794.39317773788,3,2,3,1
540,0.5911602209944752,-0.45957787492430635,181.0,46908.88826815642,1,1,3,2
551,0.7571428571428571,0.6618128759644146,420.0,77936.4775,2,3,3,3
552,0.8260869565217391,1.0085890745460928,437.0,73839.18357487922,3,3,3,3
556,0.7525,-0.3951403185753115,400.0,44399.178117048345,2,1,3,1
563,0.5722222222222222,-0.5783649858337124,180.0,38065.32768361582,0,1,3,1
564,0.8216666666666667,0.36920002450112016,600.0,41562.11824324324,3,2,3,1
567,0.7438136826783115,-0.14210003353060505,687.0,45231.94264705882,2,1,3,1
573,0.5461847389558233,-1.3779888996294298,249.0,34992.93117408907,0,0,3,1
578,0.7261904761904762,-0.007628877472908529,84.0,36672.048192771086,2,2,2,1
582,0.8690476190476191,1.0099901895262149,84.0,35138.40476190476,3,3,2,1
594,0.8197278911564626,1.3297010631255628,294.0,57682.68881118881,3,3,3,2
598,0.6793002915451894,0.544314927070031,343.0,36244.882352941175,1,2,3,1
601,0.775,0.641486537416304,160.0,79946.62337662338,2,3,3,3
602,0.8282828282828283,0.32593032130266203,99.0,61977.94565217391,3,2,2,2
610,0.7928286852589641,0.6985182951760981,251.0,40826.00403225807,2,3,3,1
614,0.6888888888888889,-0.5446025783617914,45.0,19817.977777777778,1,1,2,0
621,0.764367816091954,1.132411629481799,348.0,59451.26268656716,2,3,3,2
644,0.8250950570342205,0.6022205220338613,263.0,39015.29885057471,3,3,3,1
656,0.8299120234604106,0.5961948411968382,341.0,43510.22123893805,3,3,3,1
663,0.7942386831275721,1.0817668914881642,243.0,61099.67768595041,2,3,3,2
674,0.6106194690265486,0.10918756373549385,113.0,45480.14678899082,1,2,3,1
679,0.7702702702702703,0.006736996110726092,74.0,39111.38888888889,2,2,2,1
681,0.717391304347826,0.06900666003771447,46.0,59739.795454545456,2,2,2,2
683,0.6666666666666666,-0.2787620690060004,90.0,67124.5411764706,1,1,2,3
684,0.5555555555555556,-0.41900979669185767,117.0,44003.9649122807,0,1,3,1
687,0.7772795216741405,0.014005925679923516,669.0,49858.93103448276,2,2,3,2
693,0.6645161290322581,0.06901767900779683,155.0,44836.90849673202,1,2,3,1
696,0.918918918918919,1.6920985403519053,111.0,52074.477064220184,3,3,3,2
698,0.5806451612903226,-0.7699561781411071,124.0,40819.78048780488,0,0,3,1
720,0.6569037656903766,-0.13886994235513514,239.0,58403.108695652176,1,1,3,2
722,0.7781818181818182,0.44259143818693075,825.0,34994.588739290084,2,2,3,1
725,0.7248803827751196,-0.22863954405017797,418.0,19722.640287769784,2,1,3,0
735,0.7233333333333334,-0.18542477163474044,300.0,37123.02675585284,2,1,3,1
738,0.7263157894736842,-0.05203424532894492,380.0,45892.386740331494,2,2,3,2
743,0.7631578947368421,0.02271688025824551,266.0,42717.18113207547,2,2,3,1
747,0.80625,0.5106420719299414,320.0,33318.95569620253,2,2,3,1
749,0.7253521126760564,-0.19715991206263375,284.0,50999.36917562724,2,1,3,2
752,0.5378787878787878,-0.8740094605569565,1188.0,44733.49109414758,0,0,3,1
753,0.7005347593582888,-0.05052823972084095,935.0,47942.6399132321,1,2,3,2
755,0.8888888888888888,1.3525485324134046,27.0,78376.91666666667,3,3,1,3
757,0.75,0.47488955428804014,164.0,47850.351851851854,2,2,3,2
761,0.6981132075471698,0.46754457181452674,53.0,48926.13461538462,1,2,2,2
771,0.8888888888888888,1.201838714866443,90.0,54742.444444444445,3,3,2,2
774,0.5945945945945946,-0.16706062452031753,37.0,66740.4705882353,1,1,1,3
778,0.8920308483290489,1.083889038154416,389.0,29942.2661498708,3,3,3,0
779,0.9803921568627451,2.7728125339430836,204.0,23611.527093596058,3,3,3,0
787,0.5709342560553633,-0.5481578502178643,578.0,40502.083333333336,0,1,3,1
789,0.6157205240174672,-0.20589447837500993,229.0,65500.05963302752,1,1,3,3
790,0.7138047138047138,0.07766017798299717,297.0,46068.84745762712,2,2,3,2
794,0.7297297297297297,0.38230867682490627,296.0,57494.853146853144,2,2,3,2
795,0.7034035656401945,0.2990096941317426,617.0,67462.23076923077,1,2,3,3
796,0.5100671140939598,-1.2044909080500665,298.0,51726.02127659575,0,0,3,2
804,0.8076009501187649,0.7516739623037371,421.0,86341.25125628141,2,3,3,3
805,0.7362924281984334,0.34754706889840487,383.0,43036.35092348285,2,2,3,1
806,0.754054054054054,0.3784674215985275,370.0,36826.20596205962,2,2,3,1
817,0.8708860759493671,1.4944404532490578,395.0,81813.01366120219,3,3,3,3
820,0.6867469879518072,-0.18919637936274775,166.0,29568.397590361445,1,1,3,0
823,0.8214285714285714,-0.05521642843521359,56.0,35283.377358490565,3,2,2,1
824,0.7215189873417721,-0.2221813891632819,79.0,40714.556962025315,2,1,2,1
836,0.28735632183908044,-1.892244529963721,348.0,22572.759530791787,0,0,3,0
838,0.5709677419354838,-0.5724275044261615,310.0,44615.642140468226,0,1,3,1
840,0.6476190476190476,-0.11046543877577177,105.0,34946.57142857143,1,1,2,1
846,0.6938775510204082,-0.033400575098927514,98.0,52587.23469387755,1,2,2,2
847,0.6982248520710059,-0.6163445374253315,169.0,62335.36363636364,1,1,3,2
851,0.6331360946745562,0.30967994553834205,169.0,32783.57142857143,1,2,3,1
854,0.6580459770114943,-0.18075330200792553,1392.0,56342.068736141904,1,1,3,2
861,0.5555555555555556,0.13459531852397202,18.0,55367.64705882353,0,2,1,2
862,0.6875,-0.15069078506584507,16.0,48177.2,1,1,1,2
864,0.24801587301587302,-2.262259865744236,504.0,23469.0843373494,0,0,3,0
870,0.8541666666666666,0.35122790779329316,48.0,73144.47916666667,3,2,2,3
874,0.82,-0.03813496793402603,50.0,17862.64,3,2,2,0
875,0.6901408450704225,-0.549624285625711,71.0,26266.394366197183,1,1,2,0
878,0.6887966804979253,0.6377172168505226,482.0,56937.71822033898,1,3,3,2
880,0.7380952380952381,0.9423907911664556,462.0,55307.06798245614,2,3,3,2
881,0.736318407960199,0.42812919320071,201.0,43260.385,2,2,3,1
893,0.5855263157894737,-0.5541796071754116,152.0,27349.066225165563,1,1,3,0
896,0.66,0.3685728407607989,100.0,14401.58,1,2,2,0
898,0.6911764705882353,-0.12811748711303456,136.0,42609.96268656717,1,1,3,1
909,0.5982905982905983,-0.7512812658323027,234.0,45572.80973451328,1,0,3,1
910,0.7615384615384615,0.3492350700876521,130.0,45663.8253968254,2,2,3,1
916,0.6349206349206349,-0.5440146204518818,126.0,32318.117647058825,1,1,3,1
925,0.6015037593984962,-0.6886097379362003,133.0,40594.3893129771,1,1,3,1
930,0.6282051282051282,-0.3197958057503516,156.0,22744.54487179487,1,1,3,0
931,0.7248322147651006,0.3768614391917966,149.0,31754.355704697988,2,2,3,0
936,0.7027027027027027,0.239581991031155,148.0,19999.925675675677,1,2,3,0
939,0.6470588235294118,-0.15548066783706493,136.0,31565.28676470588,1,1,3,0
955,0.6577017114914425,0.344209953524703,409.0,40372.99014778325,1,2,3,1
956,0.5829596412556054,-0.24138533973803641,223.0,32758.43181818182,0,1,3,1
962,0.6451612903225806,-0.45656788911615914,93.0,42677.79120879121,1,1,2,1
972,0.4666666666666667,-0.28030745253540074,15.0,69786.2,0,1,1,3
973,0.7083333333333334,-0.25417328306426107,72.0,60666.84507042253,1,1,2,2
976,0.6582278481012658,-0.13647561772182645,79.0,25306.077922077922,1,1,2,0
983,0.7696969696969697,-0.10900701408902812,165.0,42260.8,2,1,3,1
987,0.65625,0.29526538788978907,96.0,63300.57608695652,1,2,2,3
990,0.7533632286995515,0.870291767039299,223.0,55780.11111111111,2,3,3,2
992,0.7125,-0.7882221305106973,80.0,19724.45,2,0,2,0
1004,0.5428571428571428,-1.0892746864312066,210.0,37574.38942307692,0,0,3,1
1018,0.6476683937823834,-0.10802168121886324,193.0,83404.13496932515,1,1,3,3
1022,0.6259541984732825,0.02585077458103176,262.0,52979.24324324324,1,2,3,2
1033,0.5676855895196506,0.3262278961251201,229.0,72840.6711111111,0,2,3,3
1041,0.749379652605459,0.07808232110947833,403.0,46320.82044887781,2,2,3,2
1069,0.7361111111111112,-0.11955812230545136,72.0,76861.91304347826,2,1,2,3
1070,0.7763157894736842,0.34044527975173233,76.0,49237.49315068493,2,2,2,2
1072,0.696078431372549,0.8265328198768032,102.0,103290.70652173914,1,3,2,3
1078,0.7195945945945946,-0.05373460639835452,296.0,34424.39455782313,2,2,3,1
1081,0.7135678391959799,0.14572224592503827,398.0,43129.19493670886,2,2,3,1
1087,0.7220216606498195,0.33782259389835584,277.0,40361.85559566787,2,2,3,1
1089,0.43564356435643564,-2.130492954914147,101.0,38339.989795918365,0,0,2,1
1097,0.7096774193548387,-0.22113976466050944,62.0,48787.8870967742,1,1,2,2
1102,0.7906976744186046,0.6100875816836607,43.0,74719.75609756098,2,3,2,3
1107,0.7638376383763837,0.7853479633623477,271.0,47911.44736842105,2,3,3,2
1109,0.6973684210526315,0.2634547928794791,380.0,36342.40633245383,1,2,3,1
1112,0.6615384615384615,-0.20738325288913126,130.0,33853.928,1,1,3,1
1114,0.6290322580645161,-0.7024888485753843,124.0,65350.605504587154,1,1,3,3
1116,0.7527472527472527,0.45062875003204433,182.0,59469.73714285714,2,2,3,2
1118,0.6511627906976745,-0.7127050925333216,86.0,31237.105882352942,1,1,2,0
1119,0.717391304347826,0.9462869458134645,92.0,58575.42222222222,2,3,2,2
1137,0.7286135693215339,0.02988659346200485,339.0,38647.87125748503,2,2,3,1
1141,0.47572815533980584,-1.793511601926181,206.0,57151.89847715736,0,0,3,2
1151,0.8524590163934426,0.957743646498717,61.0,48624.27118644068,3,3,2,2
1152,0.7512886597938144,0.20916716245211942,776.0,42734.10263157895,2,2,3,1
1165,0.5852156057494866,-0.6630643615842452,487.0,41073.11642411642,1,1,3,1
1166,0.7085427135678392,-0.018575614819255636,199.0,33709.16161616162,1,2,3,1
1167,0.6878306878306878,-0.420188526573582,189.0,39106.66137566137,1,1,3,1
1168,0.7531645569620253,0.1759032802762209,158.0,33204.82165605095,2,2,3,1
1170,0.5574572127139364,-1.0316536638752638,409.0,78264.2671957672,0,0,3,3
1173,0.6487603305785123,0.15490452879092553,242.0,47540.36929460581,1,2,3,2
1178,0.6813186813186813,-0.03251607786607784,91.0,63160.181818181816,1,2,2,3
1179,0.7837837837837838,0.8303227764082587,185.0,71440.9382022472,2,3,3,3
1186,0.796875,0.3191111129505556,64.0,63516.0,2,2,2,3
1188,0.5982142857142857,0.08882417766472965,112.0,102542.82828282828,1,2,3,3
1192,0.30434782608695654,-1.3066739274852055,23.0,47147.608695652176,0,0,1,2
1194,0.4,-1.0947988860166489,20.0,40816.2,0,0,1,1
1195,0.7441860465116279,0.08106856464634778,258.0,37994.182170542634,2,2,3,1
1196,0.63003663003663,-0.6014421741014205,273.0,42280.0936329588,1,1,3,1
1197,0.7142857142857143,0.1116191069118728,273.0,31591.92673992674,2,2,3,0
1199,0.7047353760445683,-0.12439819078389992,359.0,61534.7,1,1,3,2
1210,0.7566137566137566,0.47154695779615,189.0,36617.09042553192,2,2,3,1
1223,0.96,1.730564296506548,25.0,26993.12,3,3,1,0
1227,0.8858695652173914,1.6335053881219912,184.0,30006.744565217392,3,3,3,0
1228,0.6052631578947368,-0.5433985438966433,190.0,42784.14361702128,1,1,3,1
1231,0.7247191011235955,0.138977565888661,178.0,54485.225988700564,2,2,3,2
1233,0.6470588235294118,-0.7199668946913111,153.0,56920.73825503356,1,0,3,2
1235,0.7477477477477478,-0.15425909832536872,222.0,34146.90045248869,2,1,3,1
1242,0.5735294117647058,-0.7567325361373166,136.0,25795.933823529413,0,0,3,0
1244,0.7229437229437229,0.506306580205898,231.0,43948.75,2,2,3,1
1264,0.734375,0.6211926824225487,64.0,71887.9827586207,2,3,2,3
1265,0.6621621621621622,0.5297591639868181,74.0,91352.34285714285,1,2,2,3
1269,0.7727272727272727,-0.0880737496238211,66.0,32892.42424242424,2,1,2,1
1271,0.6458333333333334,-0.016976468224079826,144.0,72242.26811594203,1,2,3,3
1275,0.7162162162162162,0.7915916029413056,148.0,41796.99315068493,2,3,3,1
1286,0.5792682926829268,-0.8190899675388629,164.0,31772.375,0,0,3,0
1288,0.8333333333333334,0.4153788247483055,954.0,30046.178947368422,3,2,3,0
1295,0.7637474541751528,-0.08716235425130002,982.0,41479.761506276154,2,1,3,1
1296,0.8075313807531381,0.2055469585585758,956.0,29725.67192429022,2,2,3,0
1301,0.8541448058761805,0.5845915222086994,953.0,25918.20464135021,3,3,3,0
1302,0.7669322709163346,-0.4854293361715723,502.0,23214.068136272545,2,1,3,0
1309,0.7115384615384616,-0.1842866850261655,52.0,55262.25,1,1,2,2
1323,0.23448275862068965,-2.6493598606842297,145.0,24277.27142857143,0,0,3,0
1334,0.7191011235955056,-0.02876280895365285,89.0,42551.556818181816,2,2,2,1
1338,0.9082278481012658,2.064638173079296,316.0,42023.25159235669,3,3,3,1
1339,0.7874564459930313,0.699151625541892,287.0,57030.9649122807,2,3,3,2
1343,0.8486646884272997,1.486458448096396,337.0,48864.545454545456,3,3,3,2
1347,0.6363636363636364,-0.5455471209652668,154.0,38526.006493506495,1,1,3,1
1349,0.8062283737024222,0.994065023898756,289.0,47210.85815602837,2,3,3,2
1361,0.8126009693053312,0.00040330955076303655,619.0,27323.347967479676,2,2,3,0
1372,0.6873614190687362,-0.4651994869253395,451.0,56531.22843822844,1,1,3,2
1377,0.783641160949868,0.13964334772186632,379.0,35785.663978494624,2,2,3,1
1387,0.7002840909090909,-0.5874339189841047,704.0,49071.94049346879,1,1,3,2
1389,0.6557788944723618,-0.6093298409190402,398.0,50073.08157894737,1,1,3,2
1408,0.8064516129032258,0.2204010180354093,155.0,44428.75496688742,2,2,3,1
1413,0.5835866261398176,0.07938108089279079,329.0,69821.03278688525,1,2,3,3
1418,0.5,-0.9983604176964088,46.0,39873.46666666667,0,0,2,1
1426,0.6104417670682731,-1.0671712830342868,249.0,36432.37142857143,1,0,3,1
1427,0.7547169811320755,-0.6943103608893636,53.0,58480.95652173913,2,1,2,2
1435,0.7438423645320197,-0.2725865178525785,203.0,43093.87817258883,2,1,3,1
1437,0.6068965517241379,-0.9643590292337129,145.0,61263.62857142857,1,0,3,2
1442,0.46511627906976744,-1.7417100894286235,43.0,33364.37209302326,0,0,2,1
1452,0.6481481481481481,-0.736132773148399,270.0,37302.83269961977,1,0,3,1
1456,0.725,0.2851140642099684,40.0,94692.94444444444,2,2,1,3
1459,0.5466666666666666,-1.5955944898419863,75.0,35707.2,0,0,2,1
1462,0.7590361445783133,-0.06666821880968994,83.0,47514.5421686747,2,1,2,2
1464,0.4675324675324675,-1.2544457375527154,77.0,41473.0,0,0,2,1
1465,0.5,-0.5110782105591332,24.0,76965.66666666667,0,1,1,3
1466,0.7662337662337663,0.0504784862393465,77.0,57753.85526315789,2,2,2,2
1472,0.7211740041928721,-0.7584015093473028,477.0,30912.495780590718,2,0,3,0
1479,0.9105058365758755,0.9965294551941207,514.0,31535.118677042803,3,3,3,0
1480,0.7631578947368421,-0.17603562219120134,760.0,29920.050397877985,2,1,3,0
1486,0.765625,-0.30889192331049453,640.0,25603.15930599369,2,1,3,0
1487,0.8833865814696485,0.783884771215132,626.0,26072.296474358973,3,3,3,0
1492,0.5370370370370371,-1.264489010177005,108.0,84514.76767676767,0,0,2,3
1494,0.8350634371395617,0.47978927930855786,867.0,35730.626604434074,3,2,3,1
1495,0.6329479768786127,-0.9443604067107715,692.0,35853.11046511628,1,0,3,1
1500,0.3712121212121212,-2.3357605519313767,132.0,36299.433070866144,0,0,3,1
1512,0.9666666666666667,1.53883411540707,60.0,58436.28571428572,3,3,2,2
1515,0.2727272727272727,-1.240101382128444,22.0,3999.5454545454545,0,0,1,0
1530,0.6877323420074349,0.7834259853677589,269.0,67882.51821862349,1,3,3,3
1531,0.7749077490774908,1.2596142523275722,271.0,57312.55513307985,2,3,3,2
1534,0.6311475409836066,0.43900104481959373,366.0,49389.33150684932,1,2,3,2
1536,0.6666666666666666,-0.49623082977476474,126.0,52673.6370967742,1,1,3,2
1542,0.6462686567164179,-0.6682366049414608,670.0,67284.1203125,1,1,3,3
1544,0.7422680412371134,0.7855335173079006,97.0,57608.572916666664,2,3,2,2
1553,0.7403846153846154,0.8211799877115339,104.0,59690.66019417476,2,3,2,2
1554,0.7176470588235294,-0.2693519713407899,170.0,44382.11515151515,2,1,3,1
1559,0.7192982456140351,-0.22987804641371754,171.0,37845.72189349112,2,1,3,1
1562,0.6227848101265823,-0.4724180733265541,395.0,24295.178571428572,1,1,3,0
1579,0.8823529411764706,1.3587428103350239,34.0,59657.382352941175,3,3,1,2
1581,0.8324873096446701,0.250075085059949,197.0,64788.93048128342,3,2,3,3
1587,0.7764227642276422,-0.21456445667570745,246.0,60456.899159663866,2,1,3,2
1591,0.5316455696202531,-1.73499920834458,316.0,47171.86538461538,0,0,3,2
1594,0.8185483870967742,0.11516250727656405,248.0,64483.87659574468,3,2,3,3
1606,0.5527426160337553,-1.0927944775322742,237.0,66714.75,0,0,3,3
1619,0.7391304347826086,0.9304980042139094,276.0,68956.33846153846,2,3,3,3
1622,0.7844827586206896,-0.17192066229510483,464.0,57340.60364464692,2,1,3,2
1629,0.6565656565656566,-1.1293787044943873,396.0,55441.5,1,0,3,2
1632,0.5615384615384615,-0.6775690950817032,130.0,58536.359375,0,1,3,2
1633,0.3828996282527881,-1.3130403014980319,269.0,35887.35741444867,0,0,3,1
1634,0.5974025974025974,-0.6206492188382152,77.0,55516.54794520548,1,1,2,2
1643,0.7541899441340782,0.5962997845547733,179.0,57463.43195266272,2,3,3,2
1665,0.855072463768116,0.605880457403297,207.0,64397.68586387434,3,3,3,3
1676,0.8125,0.3699527912477954,160.0,30007.327044025158,2,2,3,0
1684,0.7192575406032483,0.07749077379293394,431.0,31758.02570093458,2,2,3,0
1686,0.7165532879818595,0.05114636227719397,441.0,67201.75632183909,2,2,3,3
1689,0.7050561797752809,-0.14532378380241107,356.0,29433.141242937854,1,1,3,0
1691,0.7435344827586207,0.08676000356751921,464.0,36150.14967462039,2,2,3,1
1693,0.755,0.07878736219292963,400.0,37141.41370558376,2,2,3,1
1694,0.6280653950953679,-1.0172097399756972,734.0,32905.046767537824,1,0,3,1
1695,0.7337962962962963,0.05672503412608606,432.0,54188.2676056338,2,2,3,2
1696,0.5875,-0.20915513358004637,160.0,48946.4125,1,1,3,2
1700,0.5633802816901409,-1.0250955507308752,71.0,48923.25714285715,0,0,2,2
1704,0.7525083612040134,-0.19590717309556005,299.0,38412.49484536082,2,1,3,1
1710,0.623229461756374,-0.5090750146125584,353.0,47869.762762762766,1,1,3,2
1716,0.5238095238095238,-0.9256719798907272,147.0,54070.60992907801,0,0,3,2
1720,0.7027027027027027,-0.3672239923549019,592.0,59701.667820069204,1,1,3,2
1721,0.6789915966386555,-0.5237626153222081,595.0,49551.831345826235,1,1,3,2
1722,0.715008431703204,-0.37664259098209607,593.0,52846.118055555555,2,1,3,2
1729,0.7829787234042553,0.36548702376740483,235.0,41099.01746724891,2,2,3,1
1731,0.4965986394557823,-1.515979175598778,441.0,32829.328018223234,0,0,3,1
1737,0.5054347826086957,-0.8451683510860678,184.0,58438.8908045977,0,0,3,2
1739,0.8529411764705882,0.8489409891513806,34.0,35845.65625,3,3,1,1
1741,0.6631578947368421,-0.5476565877812093,95.0,32980.11827956989,1,1,2,1
1742,0.7422680412371134,-0.521550568109671,97.0,58105.34042553192,2,1,2,2
1743,0.7953410981697171,-0.13039879136716997,601.0,35242.67284991568,2,1,3,1
1746,0.7366412213740458,0.13140468374423345,262.0,52978.89272030651,2,2,3,2
1769,0.5652694610778443,-0.9794268871762871,835.0,31257.25,0,0,3,0
1773,0.863013698630137,1.2824866360474148,219.0,40437.00921658986,3,3,3,1
1781,0.5878594249201278,-0.43813394651521814,313.0,65459.54391891892,1,1,3,3
1795,0.832807570977918,0.6338629697422096,317.0,62404.093247588426,3,3,3,2
1797,0.4806763285024155,-1.7794664057923029,414.0,61428.07788944724,0,0,3,2
1799,0.5445205479452054,-1.5794887020662203,292.0,74655.88732394367,0,0,3,3
1805,0.622680412371134,-1.0372256849072221,485.0,33904.154639175256,1,0,3,1
1808,0.6797385620915033,-0.4455342779973468,153.0,62261.342281879195,1,1,3,2
1818,0.5478547854785478,-1.2044144820490166,606.0,36423.29222972973,0,0,3,1
1836,0.7758346581875993,0.20631265871340562,629.0,31451.297253634893,2,2,3,0
1839,0.875,-0.36813379621882236,8.0,17440.75,3,1,0,0
1840,0.7105263157894737,-0.31772795259830267,114.0,45976.107142857145,1,1,3,2
1841,0.7868852459016393,0.23545575394706159,61.0,34799.13114754098,2,2,2,1
1844,0.7142857142857143,-0.0628333260223621,70.0,54779.50724637681,2,1,2,2
1850,0.8018018018018018,0.4004630433685919,111.0,56295.36036036036,2,2,3,2
1852,0.7051926298157454,-0.36453607328935445,597.0,20816.603361344536,1,1,3,0
1856,0.8232758620689655,0.41295800270638433,232.0,14650.23275862069,3,2,3,0
1858,0.5416666666666666,-1.0949795512485538,48.0,53396.586956521736,0,0,2,2
1864,0.6615384615384615,-0.7229076467819693,260.0,55641.1137254902,1,0,3,2
1874,0.7222222222222222,0.47404821514118795,684.0,46017.038518518515,2,2,3,2
1884,0.7184466019417476,-0.3698712355763439,103.0,28659.757281553397,2,1,2,0
1888,0.8548387096774194,0.9606258184826394,558.0,43773.34798534799,3,3,3,1
1894,0.7840909090909091,-0.14271226072498638,88.0,21907.272727272728,2,1,2,0
1898,1.0,3.7233983585294195,15.0,28046.8,3,3,1,0
1899,0.6808510638297872,-0.30290148077384194,47.0,58881.813953488374,1,1,2,2
1911,0.8090909090909091,-0.632089245274456,110.0,32556.046296296296,2,1,3,1
1916,0.7869565217391304,0.7059490658151406,460.0,41454.91371681416,2,3,3,1
1918,0.8433098591549296,1.18734208884018,568.0,23178.08480565371,3,3,3,0
1919,0.7587786259541984,0.5923471796857903,655.0,46344.54041204437,2,3,3,2
1920,0.8330522765598651,1.1132028903019309,593.0,25157.737288135595,3,3,3,0
1924,0.8363273453093812,1.0014095488324997,501.0,55593.92494929006,3,3,3,2
1925,0.712430426716141,0.1810479942205883,539.0,55865.82419659735,1,2,3,2
1935,0.7863247863247863,0.15739628382261311,234.0,23556.147186147187,2,2,3,0
1938,0.7255639097744361,-0.7524845827666763,266.0,50461.78988326848,2,0,3,2
1941,0.8291139240506329,0.08741162375942728,158.0,60848.97419354838,3,2,3,2
1942,0.6880131362889984,-0.4305722948526158,609.0,43599.07833333333,1,1,3,1
1943,0.6627450980392157,-0.9908068072021944,255.0,68864.6329113924,1,0,3,3
1948,0.6666666666666666,-0.514064502903253,135.0,28631.522727272728,1,1,3,0
1952,0.5384615384615384,-1.9001439049704878,143.0,50564.57462686567,0,0,3,2
1979,0.7422360248447205,0.6439734615697016,322.0,44031.51735015773,2,3,3,1
1981,0.7136752136752137,-0.8255495008700687,234.0,49246.82882882883,2,0,3,2
1983,0.7239057239057239,-0.2558806448662184,297.0,34387.71380471381,2,1,3,1
1985,0.6111111111111112,-1.2211705793373726,36.0,122906.25714285714,1,0,1,3
1991,0.757396449704142,0.04104005049160888,338.0,47775.68373493976,2,2,3,2
2004,0.6712538226299695,-0.28739210999040055,1308.0,51214.97358197358,1,1,3,2
2008,0.6082251082251082,-1.06927649538279,462.0,75775.0953488372,1,0,3,3
2013,0.7793764988009593,0.2718417473871375,834.0,50439.27921279213,2,2,3,2
2017,0.6685714285714286,-0.3591084476698347,1050.0,68082.49705882353,1,1,3,3
2019,0.5037037037037037,-1.542487099683306,135.0,33953.69465648855,0,0,3,1
2026,0.7573099415204678,1.1139753861287873,342.0,68222.00911854103,2,3,3,3
2028,0.6587301587301587,0.321370198732096,252.0,29999.012,1,2,3,0
2029,0.6134453781512605,0.04629676139391117,357.0,60466.875,1,2,3,2
2031,0.7197802197802198,0.8229742658989194,364.0,77010.00867052023,2,3,3,3
2036,0.6862745098039216,0.6539820276129744,357.0,39653.95389048992,1,3,3,1
2038,0.6102719033232629,-0.3121957347997712,331.0,45117.13975155279,1,1,3,1
2056,0.6549912434325744,-0.4166234640788023,1142.0,70550.4394618834,1,1,3,3
2062,0.5094339622641509,-1.3970328803509786,106.0,42847.02857142857,0,0,2,1
2064,0.5234657039711191,-1.9830552160686519,277.0,32780.50553505535,0,0,3,1
2071,0.6938775510204082,-0.6044085014618907,539.0,46967.667293233084,1,1,3,2
2077,0.661189358372457,-0.38791174608379414,1278.0,57690.552819698176,1,1,3,2
2080,0.8560250391236307,0.9338619881216871,639.0,109429.67692307693,3,3,3,3
2084,0.7672955974842768,0.429233749198418,954.0,67439.50858369099,2,2,3,3
2107,0.7165775401069518,0.21927012307529792,187.0,52002.190217391304,2,2,3,2
2110,0.852760736196319,1.188636806965968,163.0,46166.32298136646,3,3,3,2
2114,0.8426966292134831,1.1488381593198258,178.0,55110.71590909091,3,3,3,2
2129,0.8115942028985508,0.5260699800484789,483.0,51054.17745302714,2,2,3,2
2133,0.7649572649572649,0.4254341805680021,936.0,85951.63707865168,2,2,3,3
2135,0.5347056007659167,-0.7911406624007886,2089.0,25608.110685194057,0,0,3,0
2137,0.48201438848920863,-1.779097561302709,139.0,22364.420289855072,0,0,3,0
2147,0.4894179894179894,-1.1590322474382055,378.0,36633.74798927614,0,0,3,1
2152,0.7926829268292683,-0.20390374239367248,82.0,28353.90243902439,2,1,2,0
2159,0.6666666666666666,-1.0678539848583948,51.0,60786.71428571428,1,0,2,2
2166,0.5769230769230769,-0.7655151018783926,26.0,50334.692307692305,0,0,1,2
2178,0.7027027027027027,0.12303476232805835,37.0,30430.513513513513,1,2,1,0
2179,0.5555555555555556,-0.4861116264871975,27.0,111327.875,0,1,1,3
2180,0.25,-1.6452556160799787,12.0,17381.0,0,0,0,0
2182,0.8,0.6800191510387896,20.0,50923.5,2,3,1,2
2190,0.8181818181818182,0.29608746896596977,121.0,30521.702479338845,3,2,3,0
2192,0.6515151515151515,-0.47488027799003496,66.0,71474.5,1,1,2,3
2201,0.875,0.3966467405265622,8.0,50450.375,3,2,0,2
2202,0.8166666666666667,0.5755083097481999,60.0,52061.47457627119,3,2,2,2
2210,0.5393258426966292,-0.3552033564957251,178.0,66321.35087719298,0,1,3,3
2213,0.5581395348837209,-0.9588387420567049,43.0,28577.837209302324,0,0,2,0
2215,0.5176470588235295,-1.8262690195795217,85.0,58328.69135802469,0,0,2,2
2226,0.5011185682326622,-1.9004516150949673,447.0,43608.041474654376,0,0,3,1
2229,0.7555012224938875,0.05662824267144111,409.0,72817.75263157894,2,2,3,3
2237,0.6816608996539792,-0.40110559018069336,289.0,53058.64788732395,1,1,3,2
2242,0.5827338129496403,-0.8869173746112332,139.0,28828.220588235294,0,0,3,0
2249,0.30303030303030304,-1.1483272269893052,33.0,17817.909090909092,0,0,1,0
2256,0.8538011695906432,0.9944426981401334,171.0,43510.482142857145,3,3,3,1
2257,0.6681034482758621,-0.27289985981996145,232.0,38053.73593073593,1,1,3,1
2266,0.653179190751445,-0.3595840369117112,173.0,58978.01204819277,1,1,3,2
2268,0.8181818181818182,0.07154564976798114,55.0,42263.18518518518,3,2,2,1
2272,0.8246753246753247,0.6957274663897569,308.0,54212.93770491803,3,3,3,2
2275,0.4834123222748815,-1.3255914261588915,211.0,43373.75845410628,0,0,3,1
2278,0.6335078534031413,-0.4001782337176325,191.0,50866.63157894737,1,1,3,2
2280,0.6861702127659575,-0.17580628508990034,188.0,32210.797872340427,1,1,3,1
2281,0.6108949416342413,-0.3172306419440127,257.0,51749.1137254902,1,1,3,2
2285,0.5405405405405406,-1.4122538757558567,37.0,40518.10810810811,0,0,1,1
2286,0.5526315789473685,-1.2547808948589432,76.0,48885.09210526316,0,0,2,2
2300,0.5350877192982456,-1.6963196001406204,114.0,27551.71052631579,0,0,3,0
2304,0.7070063694267515,0.10150580810740939,157.0,49619.86451612903,1,2,3,2
2306,0.8426966292134831,0.586890833858248,89.0,42177.793103448275,3,3,2,1
2311,0.5581395348837209,-0.24489106097535548,43.0,36629.97619047619,0,1,2,1
2326,0.762962962962963,0.7428541253362009,270.0,65510.473076923074,2,3,3,3
2335,0.813953488372093,-0.4088077787442993,43.0,15469.67441860465,3,1,2,0
2336,0.7777777777777778,-0.09549387001668629,27.0,39179.2962962963,2,1,1,1
2342,0.7403314917127072,0.15841513316390252,905.0,36120.29078801332,2,2,3,1
2350,0.7795275590551181,0.27567007754717354,127.0,50439.72222222222,2,2,3,2
2354,0.775,-0.17486756717176552,40.0,52944.694444444445,2,1,1,2
2355,0.6829268292682927,-0.9663207821245253,41.0,26403.317073170732,1,0,1,0
2360,0.6888888888888889,-0.7004294503765119,135.0,45052.407692307694,1,1,3,1
2372,0.6563706563706564,0.11737307109894826,259.0,44320.53784860558,1,2,3,1
2375,0.5217391304347826,-0.9612800941432005,46.0,47937.434782608696,0,0,2,2
2379,0.4606741573033708,-2.261393640657627,89.0,112128.91860465116,0,0,2,3
2385,0.6359832635983264,-0.6472113659483933,239.0,32457.072033898305,1,1,3,1
2392,0.6694214876033058,-0.4655289774758792,242.0,43425.13852813853,1,1,3,1
2401,0.38860103626943004,-1.7878017975361813,193.0,30566.405263157896,0,0,3,0
2407,0.4860335195530726,-1.472870640282579,179.0,34958.87640449438,0,0,3,1
2408,0.5615141955835962,-0.7532374723153847,317.0,39998.145569620254,0,0,3,1
2410,0.6615384615384615,-0.41209702999723824,195.0,31076.389743589745,1,1,3,0
2416,0.7823529411764706,-0.12127472244308826,170.0,44051.502958579884,2,1,3,1
2422,0.5114942528735632,-0.9810481450717187,174.0,35443.7816091954,0,0,3,1
2426,0.3418803418803419,-2.292799010322184,234.0,31696.27467811159,0,0,3,0
2446,0.5,-0.8812546979342111,8.0,61813.375,0,0,0,2
2450,0.4873096446700508,-1.378574016691764,197.0,35509.77664974619,0,0,3,1
2453,0.4444444444444444,-1.7535862660205084,9.0,124481.57142857143,0,0,0,3
2455,0.5238095238095238,0.3378190850332666,21.0,20526.95238095238,0,2,1,0
2461,0.5446428571428571,-1.432225874389299,112.0,94807.94174757281,0,0,3,3
2464,0.5405405405405406,-1.1652999855729769,37.0,68385.22222222222,0,0,1,3
2466,0.9166666666666666,1.492475149779913,12.0,69684.66666666667,3,3,0,3
2469,0.46153846153846156,-1.6947849230856447,26.0,25125.53846153846,0,0,1,0
2478,0.8207547169811321,0.3469248587440869,106.0,60401.450980392154,3,2,2,2
2479,0.6875,-0.35319180685066115,32.0,25053.75,1,1,1,0
2480,0.3591549295774648,-2.3835389765789268,426.0,43281.80238095238,0,0,3,1
2486,0.599290780141844,-0.38379200578010764,564.0,49218.842010771994,1,1,3,2
2491,0.575682382133995,-0.9003024706388676,403.0,52002.694444444445,0,0,3,2
2493,0.6542056074766355,-0.36531961012199915,642.0,29782.749606299214,1,1,3,0
2501,0.8202614379084967,0.23176513425451356,612.0,33801.170247933886,3,2,3,1
2502,0.8620689655172413,0.23532489897712208,174.0,69805.23456790124,3,2,3,3
2507,0.8022222222222222,0.6382308848227124,450.0,59619.0,2,3,3,2
2509,0.7153284671532847,-0.20669220947013853,137.0,58184.985185185185,2,1,3,2
2513,0.7774193548387097,0.5467549136927393,310.0,40962.47508305648,2,2,3,1
2520,0.5767366720516963,-0.33716068609186384,619.0,46159.30243902439,0,1,3,2
2522,0.6610738255033557,0.08578484037866263,596.0,32700.10924369748,1,2,3,1
2527,0.855036855036855,0.5615446523836114,407.0,42010.380597014926,3,2,3,1
2533,0.7911392405063291,-0.03256455935372888,632.0,32474.278662420384,2,2,3,1
2534,0.7599093997734995,-0.11164051801666931,883.0,49856.0461361015,2,1,3,2
2537,0.7620396600566572,-0.228080611033704,706.0,36466.51773049645,2,1,3,1
2540,0.4133738601823708,-1.7861833190803045,329.0,38391.047318611985,0,0,3,1
2542,0.824,0.2185655119409934,375.0,55802.345205479454,3,2,3,2
2544,0.4491279069767442,-1.9603670176931927,688.0,30042.947368421053,0,0,3,0
2547,0.5641025641025641,-0.7903940782701827,39.0,42165.846153846156,0,0,1,1
2561,0.8145363408521303,0.6690766749138102,399.0,42180.47858942066,3,3,3,1
2570,0.6898496240601504,-0.4954852913131864,532.0,38868.69391634981,1,1,3,1
2576,0.7168338907469343,-0.47414792465917466,897.0,48951.838418079096,2,1,3,2
2584,0.7372793354101765,-0.0876391091284843,963.0,28693.995815899583,2,1,3,0
2587,0.6998106060606061,-0.5086501430775776,1056.0,25291.681601525263,1,1,3,0
2589,0.8267716535433071,0.04290681727956371,381.0,43715.03421052632,3,2,3,1
2601,0.554160125588697,-1.3540050412661622,637.0,25597.79337539432,0,0,3,0
2603,0.6887755102040817,-0.45311410793128787,392.0,23793.09718670077,1,1,3,0
2605,0.7674418604651163,-0.0184777280825214,258.0,43195.850393700784,2,2,3,1
2608,0.7603603603603604,-0.3417410628509472,555.0,49987.09222423146,2,1,3,2
2609,0.645748987854251,0.16238024024920059,494.0,30654.200811359027,1,2,3,0
2618,0.6694078947368421,0.3675738318571599,608.0,48105.699669967,1,2,3,2
2623,0.760586319218241,1.0305104409756394,614.0,32429.07037643208,2,3,3,1
2624,0.55859375,-1.4629185003420246,256.0,58147.298804780876,0,0,3,2
2637,0.6214285714285714,-0.6405808943221193,140.0,55150.25925925926,1,1,3,2
2638,0.7352941176470589,-0.10998419346622507,136.0,50620.333333333336,2,1,3,2
2643,0.859375,0.47206283042092084,192.0,49986.40211640212,3,2,3,2
2652,0.6337448559670782,-0.9043962723932575,486.0,35650.97302904564,1,0,3,1
2656,0.6788617886178862,-0.7759425372075734,246.0,38312.86919831223,1,0,3,1
2666,0.6538461538461539,-0.5176966130586308,26.0,22828.76923076923,1,1,1,0
2667,0.6666666666666666,0.737700273815129,45.0,24900.113636363636,1,3,2,0
2678,0.6904761904761905,0.5366128684500937,42.0,74757.275,1,2,1,3
2681,0.7066666666666667,-0.8527540331535871,75.0,20379.72,1,0,2,0
2682,0.5925925925925926,-1.293182518700154,27.0,47612.77777777778,1,0,1,2
2683,0.7352941176470589,0.9660152148879397,68.0,58421.705882352944,2,3,2,2
2684,0.6938775510204082,-0.6473378891196979,49.0,25016.042553191488,1,1,2,0
2691,0.6709677419354839,-0.8889996540206332,310.0,25690.501672240804,1,0,3,0
2692,0.6544943820224719,-0.7909728022961465,356.0,34613.86666666667,1,0,3,1
2694,0.49702380952380953,-1.7093418332632715,672.0,36508.46270928463,0,0,3,1
2698,0.6640826873385013,-0.7846340127287549,387.0,36613.14473684211,1,0,3,1
2701,0.7832817337461301,-0.15846930695815353,323.0,22552.571875,2,1,3,0
2709,0.7394366197183099,1.1786419344756818,568.0,68132.48021582734,2,3,3,3
2710,0.665948275862069,0.6607027776650856,464.0,67555.61731207289,1,3,3,3
2713,0.6578616352201258,0.5014047694925969,795.0,39775.472151898735,1,2,3,1
2717,0.7494199535962877,0.930754451089112,431.0,66197.89130434782,2,3,3,3
2719,0.7444933920704846,0.8883470124155818,454.0,45721.71902654867,2,3,3,1
2720,0.7017543859649122,0.6662973945601076,342.0,67135.19402985074,1,3,3,3
2721,0.6872909698996655,0.5414862247953488,598.0,50915.7432885906,1,2,3,2
2727,0.5980952380952381,-0.5047173537560288,525.0,59061.12645914397,1,1,3,2
2729,0.7119047619047619,0.0972903399356507,420.0,40820.900726392254,1,2,3,1
2734,0.6718009478672986,0.2887636136659794,844.0,45833.946300715994,1,2,3,2
2740,0.7112970711297071,0.13291430707662602,478.0,61290.462719298244,1,2,3,2
2747,0.75,0.15857498602156028,168.0,78690.67721518988,2,2,3,3
2753,0.8850574712643678,0.3207676119935917,87.0,24713.035294117646,3,2,2,0
2756,0.8426395939086294,0.25799515358799807,197.0,41112.933673469386,3,2,3,1
2758,0.84,0.8659097697310381,275.0,31817.058394160584,3,3,3,0
2760,0.7711267605633803,-0.02039396375555841,284.0,31380.580071174376,2,2,3,0
2762,0.5282485875706214,-0.6950769211561645,354.0,63575.21387283237,0,1,3,3
2770,0.6085164835164835,-0.30872630149465663,728.0,50932.48523206751,1,1,3,2
2775,0.7692307692307693,0.5722261926484387,338.0,57626.64024390244,2,2,3,2
2781,0.8017057569296375,0.7207526435600077,469.0,48238.71212121212,2,3,3,2
2788,0.81859410430839,0.8103276547981711,441.0,60578.57403189066,3,3,3,2
2795,0.6739130434782609,0.9136075651144518,230.0,46643.57456140351,1,3,3,2
2798,0.75,-0.3009674207704164,76.0,32619.08,2,1,2,1
2799,0.6627906976744186,-0.6948892026018938,516.0,45568.86193293885,1,1,3,1
2800,0.5744,-0.9713449152683011,1250.0,48272.05057096248,0,0,3,2
2804,0.7847533632286996,0.13759090592632858,446.0,37916.889140271494,2,2,3,1
2805,0.44801980198019803,-1.731970834869841,404.0,43563.611825192806,0,0,3,1
2819,0.7980456026058632,-0.032075662807494215,307.0,45940.39473684211,2,2,3,2
2824,0.636098981077147,-0.8116453991150769,687.0,33180.39677891655,1,0,3,1
2830,0.8918918918918919,1.1022501672616092,74.0,32444.175675675677,3,3,2,1
2835,0.6282151208106002,-0.7493865150529804,1283.0,34420.66144200627,1,0,3,1
2846,0.85,0.6007955564142478,60.0,39991.01666666667,3,3,2,1
2848,0.4608208955223881,-1.887098677077084,536.0,35460.60451977401,0,0,3,1
2852,0.45045045045045046,-0.7433872012448419,222.0,55229.782805429866,0,0,3,2
2857,0.6854304635761589,-0.5412329915163024,302.0,72718.20202020202,1,1,3,3
2858,0.74609375,0.38917260520731506,256.0,78547.56302521008,2,2,3,3
2861,0.7142857142857143,-0.26454743382849943,126.0,31775.79365079365,2,1,3,0
2872,0.6676300578034682,0.7138035044453308,346.0,59211.17159763313,1,3,3,2
2877,0.6532608695652173,-0.607247349977792,920.0,35219.33953997809,1,1,3,1
2888,0.8078817733990148,-0.1794619202674481,203.0,11161.5960591133,2,1,3,0
2889,0.7789473684210526,-0.12678622995583633,95.0,74753.39784946236,2,1,2,3
2894,0.6062992125984252,-0.3027251358311914,381.0,31339.070866141734,1,1,3,0
2900,0.48717948717948717,-1.9990606904338515,39.0,15124.666666666666,0,0,1,0
2903,0.6410256410256411,-0.7266553539961502,78.0,24685.128205128207,1,0,2,0
2906,0.5783132530120482,-1.130308761481391,83.0,40694.88888888889,0,0,2,1
2913,0.7468354430379747,-0.501625595839785,79.0,38763.61538461538,2,1,2,1
2922,0.813953488372093,0.1581171528201511,86.0,29904.20930232558,3,2,2,0
2924,0.7647058823529411,0.05250992598372993,85.0,31005.833333333332,2,2,2,0
2927,0.7339449541284404,0.1836790507518077,109.0,34550.64220183486,2,2,2,1
2931,0.7037037037037037,0.8549643797338137,216.0,67011.40094339622,1,3,3,3
2932,0.87,0.7349349963946299,100.0,45225.393939393936,3,3,2,1
2937,1.0,2.7079260789304866,6.0,29594.0,3,3,0,0
2951,0.5882352941176471,-0.6235791126299584,34.0,62868.606060606064,1,1,1,2
2964,0.7694805194805194,-0.042711950834248356,924.0,34698.43756786102,2,2,3,1
2965,0.6403326403326404,-0.8521382246166302,962.0,36187.05427974948,1,0,3,1
2972,0.5189340813464236,-0.809464050379994,713.0,31333.304964539006,0,0,3,0
2974,0.23529411764705882,-1.229827948550237,17.0,38760.94117647059,0,0,1,1
2975,1.0,2.7079260789304866,6.0,36560.833333333336,3,3,0,1
2977,0.5421245421245421,-1.4797276276887739,273.0,54141.34351145038,0,0,3,2
2978,0.8571428571428571,-0.5273968130897609,7.0,37780.0,3,1,0,1
2980,0.8125,-0.3770424366939277,16.0,44524.1875,2,1,1,1
2988,0.6329588014981273,-0.595562765913286,267.0,41696.63636363636,1,1,3,1
2995,0.6827133479212254,-0.14321421103814022,457.0,41900.94382022472,1,1,3,1
3012,0.7894736842105263,-0.2555203375677846,19.0,32971.31578947369,2,1,1,1
3015,0.7385159010600707,-0.8178406808875365,283.0,47413.74551971326,2,0,3,2
3027,0.6120218579234973,-1.3064362302093375,366.0,58285.65129682997,1,0,3,2
3033,0.23011844331641285,-2.877232812297247,591.0,33408.90069686411,0,0,3,1
3035,0.8350668647845468,0.373322722493351,673.0,26393.13452914798,3,2,3,0
3036,0.6318181818181818,-0.6920743065022603,220.0,45144.81481481482,1,1,3,1
3045,0.7222222222222222,-0.2788291373572409,162.0,50808.38364779874,2,1,3,2
3046,0.5672268907563025,-1.129664426705421,238.0,41485.4358974359,0,0,3,1
3063,0.6470588235294118,-0.47733607816265267,119.0,56387.0593220339,1,1,3,2
3071,0.6057692307692307,-0.9669412722445088,208.0,36282.961352657,1,0,3,1
3072,0.5616438356164384,-1.3158828406397396,73.0,32635.591549295776,0,0,2,1
3076,0.8359788359788359,1.6511382254968296,189.0,57554.132978723406,3,3,3,2
3081,0.6704545454545454,0.22161049350843928,88.0,84073.93975903615,1,2,2,3
3084,0.7317073170731707,-0.04559371960850457,82.0,46832.08536585366,2,2,2,2
3092,0.4413793103448276,-1.367115093418233,145.0,21460.66896551724,0,0,3,0
3093,0.5032679738562091,-1.2126550743247853,153.0,30672.853333333333,0,0,3,0
3104,0.7647058823529411,-0.42258951727525335,17.0,39497.41176470588,2,1,1,1
3108,0.6190476190476191,-1.043620248610681,21.0,11493.619047619048,1,0,1,0
3114,0.75,-0.1685996715324536,12.0,34237.833333333336,2,1,0,1
3121,0.7834394904458599,-0.0504558145234921,157.0,35756.85897435898,2,2,3,1
3132,0.8222222222222222,0.6057208344493719,180.0,52704.98857142857,3,3,3,2
3134,0.5964912280701754,-0.7041095744833339,57.0,49676.70175438596,1,1,2,2
3138,0.6571428571428571,0.36770323351285034,280.0,69250.70503597123,1,2,3,3
3139,0.68,-0.46069895378549436,225.0,43444.495495495496,1,1,3,1
3141,0.8128654970760234,0.16970916599091015,171.0,28270.29411764706,2,2,3,0
3144,0.7236180904522613,-0.10106576114197764,199.0,44958.08542713568,2,1,3,1
3145,0.8465909090909091,0.9935611636449675,176.0,39834.869318181816,3,3,3,1
3151,0.5909090909090909,-0.6265866832039196,22.0,41953.454545454544,1,1,1,1
3166,0.7616033755274262,0.8871805835811815,474.0,47934.55603448276,2,3,3,2
3168,0.6363636363636364,-0.49546896481222347,22.0,37570.13636363636,1,1,1,1
3170,0.7804878048780488,0.2640876207640325,41.0,30030.70731707317,2,2,1,0
3171,0.5967741935483871,-0.7801553501429855,62.0,30006.967741935485,1,0,2,0
3174,1.0,2.7079260789304866,6.0,16138.333333333334,3,3,0,0
3175,0.3793103448275862,-1.1840372383353217,29.0,75552.92857142857,0,0,1,3
3181,0.8928571428571429,1.439107344874338,28.0,36146.607142857145,3,3,1,1
3183,0.6875,-0.42900607418855735,16.0,43236.125,1,1,1,1
3188,0.75,0.10012305282730817,8.0,132300.375,2,2,0,3
3189,0.7012987012987013,-0.16307449907443095,77.0,34799.98684210526,1,1,2,1
3198,0.7540983606557377,0.0385044443656452,61.0,61377.58928571428,2,2,2,2
3199,0.6071428571428571,-0.20021914770618268,28.0,122139.29166666667,1,1,1,3
3201,0.6323529411764706,-0.8230591454617361,136.0,38042.78518518519,1,0,3,1
3207,0.7083333333333334,-0.40788074905760097,24.0,27297.217391304348,1,1,1,0
3208,0.7302158273381295,-0.05087572508904305,278.0,42768.28363636364,2,2,3,1
3209,0.7962962962962963,0.29431594149235485,108.0,37227.32710280374,2,2,2,1
3211,0.4098360655737705,-0.9060503306759184,61.0,22210.131147540982,0,0,2,0
3213,0.9565217391304348,1.3520716385735616,23.0,61993.09090909091,3,3,1,2
3214,0.48086124401913877,-0.8826082979938076,418.0,52218.32678132678,0,0,3,2
3215,0.7837837837837838,1.0725763075126826,37.0,53649.2972972973,2,3,1,2
3218,0.43283582089552236,-0.8573543690359198,67.0,24848.02985074627,0,0,2,0
3224,0.625,-0.7353540465580639,56.0,50027.38888888889,1,0,2,2
3237,0.598404255319149,-0.5630072734458832,376.0,33435.64,1,1,3,1
3239,0.7105263157894737,-0.9447195931108325,76.0,53133.8,1,0,2,2
3247,0.5555555555555556,-1.1918906465188293,45.0,79718.51111111112,0,0,2,3
3253,0.4287856071964018,-1.0026203640053066,667.0,46251.5625,0,0,3,2
3254,0.5882352941176471,-0.8045483036871339,119.0,54779.9224137931,1,0,3,2
3257,0.762214983713355,0.5300215286636379,307.0,21813.977124183006,2,2,3,0
3266,0.9019607843137255,1.0259469219043822,102.0,60658.49494949495,3,3,2,2
3271,0.9238095238095239,1.8073040386500279,105.0,60254.19607843137,3,3,2,2
3276,1.0,2.2064582865359523,4.0,36078.0,3,3,0,1
3277,0.8235294117647058,1.2270916145184758,17.0,34466.470588235294,3,3,1,1
3283,0.8571428571428571,1.7514040138481202,21.0,54303.47368421053,3,3,1,2
3288,0.8,-0.49223078478656074,25.0,25844.625,2,1,1,0
3291,0.3924050632911392,-1.8494959407189842,79.0,38485.64102564102,0,0,2,1
3300,0.7185185185185186,-0.6690268961470912,135.0,56275.51515151515,2,1,3,2
3306,0.23076923076923078,-0.9186387221277426,26.0,57060.96153846154,0,0,1,2
3319,0.4444444444444444,-0.40561230333947157,9.0,42115.11111111111,0,1,0,1
3332,0.7125,0.29964492133391474,80.0,36121.875,2,2,2,1
3340,0.7619047619047619,0.21568104996872572,21.0,62667.47619047619,2,2,1,2
3349,0.5098039215686274,-0.7198037784468643,51.0,72179.26,0,0,2,3
3366,0.875,-0.6521035899126101,16.0,28392.0,3,1,1,0
3370,1.0,4.009813616877836,21.0,50385.57142857143,3,3,1,2
3375,0.5142857142857142,-1.7045365808905693,35.0,31732.2,0,0,1,0
3378,0.35398230088495575,-2.1822864830993742,113.0,23215.97247706422,0,0,3,0
3392,0.7948717948717948,0.8618941987929676,39.0,56968.02631578947,2,3,1,2
3394,0.7620689655172413,0.41746352014187393,290.0,46329.24028268551,2,2,3,2
3398,0.8484848484848485,1.0595829338360956,264.0,63075.99212598425,3,3,3,3
3399,0.5,-0.2696481619802175,60.0,58869.254237288136,0,1,2,2
3413,0.6116504854368932,-0.909699784783199,103.0,61824.74257425743,1,0,2,2
3417,0.9230769230769231,1.2630867391805087,26.0,98627.8,3,3,1,3
3418,0.8181818181818182,-0.0953414732607487,66.0,47297.621212121216,3,1,2,2
3420,0.64,-0.6121968228850877,50.0,44743.46,1,1,2,1
3426,0.7635467980295566,0.7998949527078512,203.0,27265.99504950495,2,3,3,0
3430,0.6702127659574468,0.39086414726174473,94.0,90256.55421686747,1,2,2,3
3433,0.5869565217391305,-0.6155289919902892,46.0,41958.108695652176,1,1,2,1
3444,0.5714285714285714,-0.23202003123223716,28.0,40996.92857142857,0,1,1,1
3459,0.6904761904761905,-1.179917305572644,42.0,15021.880952380952,1,0,1,0
3466,0.6666666666666666,-0.2447552399205031,3.0,156272.5,1,1,0,3
3472,1.0,4.738870638128352,105.0,7681.323809523809,3,3,2,0
3476,0.9904761904761905,1.9803808510489935,105.0,7059.152380952381,3,3,2,0
3482,0.5070422535211268,-1.0622264169353026,142.0,60973.617021276594,0,0,3,2
3483,0.2962962962962963,-2.186903765852593,108.0,59692.97142857143,0,0,2,2
3485,0.6621621621621622,-0.47969093021165427,74.0,55033.67123287671,1,1,2,2
3487,0.1,-2.0259411880982974,10.0,65056.1,0,0,0,3
3507,0.5892857142857143,-0.4246848745788686,56.0,63401.21153846154,1,1,2,3
3509,0.8260869565217391,0.603309317952097,115.0,35784.913043478264,3,3,3,1
3514,0.7272727272727273,-0.4283858287049329,22.0,42829.90909090909,2,1,1,1
3519,0.7457627118644068,-0.06643115423043508,59.0,48514.06896551724,2,1,2,2
3521,0.7083333333333334,0.06619168717542435,72.0,28932.0,1,2,2,0
3522,0.6666666666666666,-0.40931678727608545,66.0,24837.56923076923,1,1,2,0
3527,0.5632183908045977,-1.0469922555615814,348.0,48227.4895522388,0,0,3,2
3529,0.6148648648648649,-0.27875787385216744,148.0,42620.84722222222,1,1,3,1
3531,0.7045454545454546,0.2960840874064705,44.0,23265.886363636364,1,2,2,0
3538,0.7681159420289855,1.2431984161871865,138.0,41948.029197080294,2,3,3,1
3540,0.6904761904761905,-0.5718887504142856,42.0,99723.53846153847,1,1,1,3
3545,0.4107142857142857,-0.043636113592184125,56.0,69269.12962962964,0,2,2,3
3557,0.5463917525773195,-0.3266895945103436,97.0,41629.53684210526,0,1,2,1
3564,0.75,-0.38684037085684847,36.0,22725.972222222223,2,1,1,0
3576,0.3076923076923077,-1.9625879177303203,39.0,70214.83333333333,0,0,1,3
3579,0.5813953488372093,-0.469200950387006,43.0,127192.82352941176,0,1,2,3
3581,0.4266666666666667,-1.382207969954589,75.0,35867.60810810811,0,0,2,1
3586,0.8181818181818182,1.0937894581706091,99.0,73949.20454545454,3,3,2,3
3590,0.4731182795698925,-0.5769006689550454,186.0,42103.167567567565,0,1,3,1
3599,0.7272727272727273,-0.808020064928317,22.0,24896.545454545456,2,0,1,0
3601,0.6818181818181818,-1.0906220392348822,22.0,16888.68181818182,1,0,1,0
3603,0.575,-1.0750690499968865,240.0,48849.05,0,0,3,2
3610,0.5808383233532934,-1.392861060082242,167.0,29183.81325301205,0,0,3,0
3626,0.42857142857142855,-0.4642638778317652,28.0,82809.35714285714,0,1,1,3
3636,0.7350427350427351,-0.6549246656542769,117.0,38670.39655172414,2,1,3,1
3640,0.4772727272727273,-0.043717427023839996,44.0,124006.56410256411,0,2,2,3
3642,0.7264957264957265,-0.6369535424205383,117.0,50659.29203539823,2,1,3,2
3644,0.7230769230769231,-0.4455003151363536,130.0,44679.38759689922,2,1,3,1
3649,0.6261682242990654,0.6964860694030223,107.0,97425.95959595959,1,3,2,3
3654,0.46875,-0.31963004398920664,64.0,77974.32727272727,0,1,2,3
3658,0.8493150684931506,0.4256199458725661,73.0,67878.47826086957,3,2,2,3
3670,0.801980198019802,0.026712032836338117,101.0,84565.64285714286,2,2,2,3
3671,0.631578947368421,-0.8505244340885598,57.0,58658.929824561405,1,0,2,2
3674,0.6504065040650406,0.008141579476129413,123.0,36661.9837398374,1,2,3,1
3678,0.7521367521367521,-0.15855279025681307,117.0,53905.73831775701,2,1,3,2
3683,0.8235294117647058,0.24753536571183335,85.0,69451.08641975309,3,2,2,3
3692,0.8061674008810573,0.7849711436436513,227.0,63007.545045045044,2,3,3,3
3693,0.6923076923076923,0.0860096712001424,312.0,52695.30718954248,1,2,3,2
3695,0.6645021645021645,0.04451832595183995,462.0,80135.02663438256,1,2,3,3
3701,0.8333333333333334,0.7310181997912396,90.0,62603.15909090909,3,3,2,2
3709,0.3464566929133858,-1.156683516538165,127.0,43130.226890756305,0,0,3,1
3712,0.5396825396825397,0.18670713282047932,63.0,108378.91228070176,0,2,2,3
3714,0.6746987951807228,0.9856795004424465,83.0,105880.31168831169,1,3,2,3
3721,0.7291666666666666,0.23939959162348398,192.0,69620.64444444445,2,2,3,3
3727,0.5691056910569106,-0.5173527307655027,246.0,24935.585365853658,0,1,3,0
3729,0.92,1.225970587614185,50.0,48948.98,3,3,2,2
3732,0.7756653992395437,0.5643480490615886,263.0,50863.83397683398,2,2,3,2
3736,0.8522727272727273,1.5265903534061491,88.0,67530.93975903615,3,3,2,3
3737,0.6721854304635762,-0.12547286102867128,302.0,55026.114478114476,1,1,3,2
3738,0.7523809523809524,-0.42766525798706545,105.0,32897.87619047619,2,1,2,1
3746,0.9166666666666666,1.197567333676037,48.0,70867.76086956522,3,3,2,3
3748,0.7975460122699386,0.529298908027919,163.0,48789.0251572327,2,2,3,2
3758,0.94,2.2603590894044356,150.0,41246.18791946309,3,3,3,1
3771,0.47044334975369456,-1.6700951075520412,406.0,34336.87032418953,0,0,3,1
3774,0.6256684491978609,-1.0142729062527427,374.0,33719.74193548387,1,0,3,1
3778,0.7281553398058253,-0.0404746953154447,103.0,72031.62244897959,2,2,2,3
3782,0.767515923566879,-0.3441396280842168,314.0,42990.32686084142,2,1,3,1
3786,0.7209302325581395,-0.6370959890167035,129.0,28538.387596899225,2,1,3,0
3788,0.8079268292682927,-0.024343555639052654,328.0,26596.49235474006,2,2,3,0
3789,0.34983498349834985,-2.239263723050919,303.0,46910.371237458196,0,0,3,2
3791,0.5855072463768116,-1.1876869264101038,345.0,26481.39534883721,1,0,3,0
3797,0.7368421052631579,0.4898200773392496,57.0,57315.68518518518,2,2,2,2
3798,0.8764044943820225,0.5413777898036102,89.0,30443.909090909092,3,2,2,0
3801,0.59,-0.07745684790371579,100.0,39604.55670103093,1,1,2,1
3811,0.5064102564102564,-0.6624781367688326,156.0,43925.71710526316,0,1,3,1
3824,0.76,0.012213052270879049,50.0,52775.24,2,2,2,2
3825,0.6366906474820144,-0.4185017756809034,278.0,44568.240601503756,1,1,3,1
3834,0.7410071942446043,0.1494572385345699,139.0,79450.76470588235,2,2,3,3
3835,0.7633587786259542,1.0143438555834496,131.0,51714.42748091603,2,3,3,2
3836,0.62555720653789,-0.07143578929417643,673.0,44373.5251908397,1,1,3,1
3840,0.8289473684210527,0.9794987645658606,152.0,92777.82638888889,3,3,3,3
3852,0.8827586206896552,1.6730885836658809,145.0,53088.41549295775,3,3,3,2
3858,0.8478260869565217,0.5189678167158663,46.0,68506.93181818182,3,2,2,3
3860,0.8125,0.4104512939974615,64.0,61236.82258064516,2,2,2,2
3863,0.8269230769230769,0.37046150519186105,52.0,57448.32692307692,3,2,2,2
3864,0.8484848484848485,0.3444711423418198,33.0,37991.69696969697,3,2,1,1
3865,0.5197368421052632,-1.5720121366507342,152.0,72806.83448275863,0,0,3,3
3869,0.6914893617021277,-0.3892125540428068,94.0,63058.086021505376,1,1,2,3
3872,0.16666666666666666,-2.809606735152404,108.0,11062.194444444445,0,0,2,0
3878,0.6666666666666666,-0.6170485519400826,66.0,65965.18461538461,1,1,2,3
3889,0.7871287128712872,0.8094640315205972,202.0,65162.34693877551,2,3,3,3
3890,0.6529411764705882,-0.02540120254828379,170.0,63976.608695652176,1,2,3,3
3891,0.8103448275862069,0.20655492720127563,58.0,67364.46296296296,2,2,2,3
3893,0.5533333333333333,-0.021789201633433192,150.0,55972.77857142857,0,2,3,2
3894,0.676923076923077,-0.4500505811682806,65.0,69087.31746031746,1,1,2,3
3895,0.7272727272727273,0.22331650531441727,11.0,61364.818181818184,2,2,0,2
3899,0.6956521739130435,1.22915708319756,46.0,100503.46666666666,1,3,2,3
3904,0.5625,-0.5819293251006583,112.0,46963.21621621621,0,1,3,2
3913,0.8478260869565217,0.3580328478799728,46.0,63789.36363636364,3,2,2,3
3914,0.5983606557377049,-0.30627316047228553,122.0,72063.57272727272,1,1,3,3
3928,0.875,-0.03674039611474176,8.0,58156.25,3,2,0,2
3934,0.6346153846153846,-0.8007347495315015,52.0,58882.06122448979,1,0,2,2
3938,0.9298245614035088,2.0653088077386226,57.0,48016.66071428572,3,3,2,2
3944,0.4444444444444444,-0.1662959279184641,9.0,71413.22222222222,0,1,0,3
3946,0.8421052631578947,0.7591936088808582,19.0,34661.21052631579,3,3,1,1
3951,0.6024096385542169,-1.3269259304009207,83.0,37539.49397590361,1,0,2,1
3958,0.7741935483870968,-0.06414641900078594,31.0,45941.967741935485,2,1,1,2
3963,0.6592592592592592,0.4359731046044921,270.0,69996.4679245283,1,2,3,3
3968,0.7693351424694709,0.19878147111998395,737.0,27777.95361527967,2,2,3,0
3972,0.8533916849015317,0.6883227964547777,457.0,31307.698876404495,3,3,3,0
3973,0.6956521739130435,-0.2612750508163995,828.0,34243.5593220339,1,1,3,1
3974,0.750271444082519,0.3809380301817903,921.0,53568.59441340782,2,2,3,2
3976,0.6635294117647059,-0.5099121601512501,425.0,56400.49038461538,1,1,3,2
3983,0.6764705882352942,0.29393192621602265,34.0,39692.666666666664,1,2,1,1
3988,0.8823529411764706,1.204799754811539,51.0,60403.313725490196,3,3,2,2
3991,0.7924217462932455,0.784256979887963,607.0,70378.60876897133,2,3,3,3
3994,0.7541589648798521,0.29376610946355475,541.0,75678.49298597194,2,2,3,3
3997,0.8729096989966555,1.3933617954243607,299.0,39375.38851351351,3,3,3,1
4000,0.6925795053003534,0.5069942510049458,566.0,45577.91428571429,1,2,3,1
4002,0.6602564102564102,0.24360909317742907,312.0,43205.28896103896,1,2,3,1
4007,0.7589285714285714,0.8327966643469725,560.0,42052.56181818182,2,3,3,1
4010,0.7011764705882353,0.3817774871745358,425.0,68371.13381995134,1,2,3,3
4026,0.8004587155963303,1.0717069294860204,436.0,43561.96261682243,2,3,3,1
4027,0.9090909090909091,1.103788268072853,66.0,27998.8,3,3,2,0
4036,0.4040632054176072,-1.6810390684405767,443.0,32114.913439635537,0,0,3,1
4040,0.8141263940520446,0.6547905998596708,269.0,54585.08679245283,3,3,3,2
4045,0.6826003824091779,0.2346905260515076,523.0,34594.087378640776,1,2,3,1
4046,0.88,1.6649816029057176,25.0,46369.458333333336,3,3,1,2
4051,0.8271428571428572,0.8782743389706715,700.0,38200.708333333336,3,3,3,1
4056,0.5698924731182796,-0.26152078568455617,93.0,16959.47311827957,0,1,2,0
4059,0.875,1.563884140617887,32.0,71372.70967741935,3,3,1,3
4068,0.7702702702702703,1.034061993321333,444.0,43747.19362186788,2,3,3,1
4071,0.7552447552447552,0.7472169067407136,429.0,46271.05437352246,2,3,3,2
4072,0.836676217765043,1.4586369466034677,349.0,43967.11781609195,3,3,3,1
4073,0.8342541436464088,1.3930458628334743,362.0,39457.85082872928,3,3,3,1
4075,0.8785046728971962,1.8348995329228952,321.0,51417.76025236593,3,3,3,2
4078,0.8924731182795699,2.1289797754655595,372.0,35430.26075268817,3,3,3,1
4080,0.5447761194029851,-1.0992636628987928,134.0,51779.436090225565,0,0,3,2
4084,0.8602150537634409,1.0319117895329764,186.0,27981.190217391304,3,3,3,0
4086,0.7294117647058823,-0.26669480556880765,85.0,56809.32142857143,2,1,2,2
4090,0.9514563106796117,2.418814275370665,206.0,53483.8431372549,3,3,3,2
4091,0.7352941176470589,0.3951440974122834,340.0,51128.75443786982,2,2,3,2
4108,0.782608695652174,-0.05754579595249361,115.0,48772.96428571428,2,1,3,2
4109,0.3805309734513274,-2.0395806392406515,113.0,35932.68518518518,0,0,3,1
4110,0.6580310880829016,-0.7087644629199147,193.0,35877.12903225807,1,1,3,1
4117,0.5517241379310345,-1.1707877957936497,145.0,28692.158273381294,0,0,3,0
4133,0.40070921985815605,-2.001867496797615,282.0,24975.41935483871,0,0,3,0
4134,0.8556149732620321,0.9466802204819597,187.0,51880.454054054055,3,3,3,2
4136,0.7324723247232472,0.1106985950869356,542.0,49189.31588785047,2,2,3,2
4137,0.5192307692307693,-0.3584001508891451,52.0,39180.46,0,1,2,1
4155,0.906832298136646,1.2680098982341328,322.0,47871.526813880126,3,3,3,2
4156,0.8343949044585988,0.5360797628075037,314.0,47478.73051948052,3,2,3,2
4159,0.8977272727272727,1.411220392037619,264.0,35825.08494208494,3,3,3,1
4161,0.5625,-0.7949912636796972,144.0,40958.15277777778,0,0,3,1
4163,0.6140350877192983,-0.17551738164053696,171.0,54127.30487804878,1,1,3,2
4164,0.7284768211920529,-0.0653664608931047,302.0,23007.67558528428,2,1,3,0
4168,0.5042735042735043,-0.6783503231736168,117.0,55598.495652173915,0,1,3,2
4170,0.6275720164609053,-0.6101352341517269,486.0,53260.300207039334,1,1,3,2
4175,0.572265625,-0.8940979821615733,512.0,47496.78356713427,0,0,3,2
4176,0.7070707070707071,0.20225918759150013,396.0,27767.6345177665,1,2,3,0
4177,0.8071216617210683,0.6733590709507908,337.0,35776.740181268884,2,3,3,1
4186,0.6666666666666666,-0.7110786199867858,102.0,54201.99,1,1,2,2
4187,0.6470588235294118,0.4586759095934046,765.0,43689.70954907162,1,2,3,1
4197,0.7909407665505227,0.4284031200356263,287.0,42143.19014084507,2,2,3,1
4198,0.5859872611464968,-1.212300938624567,157.0,52465.02631578947,1,0,3,2
4199,0.588477366255144,-1.1576092722692846,243.0,64930.948936170214,1,0,3,3
4201,0.6357142857142857,-0.015153841003514457,140.0,87334.59842519685,1,2,3,3
4204,0.8338028169014085,0.35553480664450415,355.0,51650.62247838617,3,2,3,2
4212,0.5898876404494382,-0.37663139987259125,178.0,49539.14772727273,1,1,3,2
4214,0.7544910179640718,-0.12718540993974117,167.0,24650.975903614457,2,1,3,0
4218,0.6838709677419355,-0.36705318634612294,155.0,43968.98039215686,1,1,3,1
4222,0.5398230088495575,-0.4751658825474669,113.0,74433.88785046729,0,1,3,3
4223,0.18681318681318682,-2.315356874171292,91.0,61338.15555555555,0,0,2,2
4224,0.6374045801526718,-0.8284159424534193,786.0,55523.70466321243,1,0,3,2
4226,0.8346938775510204,0.3062565742050569,490.0,31959.811088295686,3,2,3,1
4232,0.6863117870722434,0.3290716864082699,526.0,69386.7277992278,1,2,3,3
4233,0.5724137931034483,-0.3116384323281882,145.0,58217.85294117647,0,1,3,2
4234,0.6578947368421053,0.0918053622736737,152.0,61213.37762237762,1,2,3,2
4236,0.6685714285714286,-1.00403884161401,350.0,41405.95652173913,1,0,3,1
4237,0.6011904761904762,-0.23079321156649887,168.0,58458.17391304348,1,1,3,2
4242,0.8629629629629629,0.6754260121537321,540.0,41306.62830188679,3,3,3,1
4247,0.6882352941176471,0.2504040314900472,170.0,71222.46835443038,1,2,3,3
4248,0.8181818181818182,0.5795441402546118,77.0,30333.533333333333,3,2,2,0
4251,0.857421875,0.6273470595989771,512.0,70457.8253968254,3,3,3,3
4256,0.7495741056218058,-0.20324663843099386,587.0,48195.28399311532,2,1,3,2
4266,0.6071428571428571,0.09449895712282516,56.0,56248.21428571428,1,2,2,2
4273,0.8688524590163934,1.6661193633859412,305.0,33776.252459016396,3,3,3,1
4278,0.6485714285714286,-0.6007464592074754,350.0,50800.566860465115,1,1,3,2
4281,0.3504273504273504,-2.0943187417060325,117.0,71209.61403508772,0,0,3,3
4292,0.7370892018779343,-0.0005440770963037551,426.0,41185.88625592417,2,2,3,1
4296,0.7922077922077922,0.4122821532921464,462.0,41087.36899563319,2,2,3,1
4304,0.7604790419161677,0.6425580985575107,167.0,67069.93333333333,2,3,3,3
4312,0.5777777777777777,-0.8751920487014827,135.0,41785.17910447761,0,0,3,1
4314,0.7,0.0781045589245981,60.0,50494.2,1,2,2,2
4315,0.8923076923076924,1.552451653695405,65.0,29782.296875,3,3,2,0
4330,0.8024691358024691,0.27229929765714195,81.0,57151.51315789474,2,2,2,2
4332,0.858,0.5265358426241638,500.0,61339.28313253012,3,2,3,2
4340,0.5966850828729282,-0.6248541199485391,181.0,45050.11235955056,1,1,3,1
4343,0.7215189873417721,0.3030354379408456,158.0,56779.11486486487,2,2,3,2
4348,0.7238095238095238,0.018686222445776234,105.0,39130.695238095235,2,2,2,1
4352,0.8888888888888888,1.1837829478169979,90.0,69970.64634146342,3,3,2,3
4353,0.7433628318584071,0.18738726837586897,113.0,45732.92792792793,2,2,3,1
4356,0.8571428571428571,0.8395377858713076,98.0,45425.010204081635,3,3,2,1
4358,0.7307692307692307,0.040837862096553004,104.0,55723.04807692308,2,2,2,2
4359,0.8082191780821918,0.5876245637657351,73.0,80013.45070422535,2,3,2,3
4366,0.8357843137254902,0.8357220282141057,408.0,31558.468982630275,3,3,3,0
4371,0.5267175572519084,-1.0218352541346472,131.0,51572.55118110236,0,0,3,2
4376,0.8260869565217391,1.3331157393515682,23.0,81584.04347826086,3,3,1,3
4379,0.47674418604651164,-1.3489306686134268,86.0,43955.388235294115,0,0,2,1
4388,0.741514360313316,0.39163410229212076,383.0,77497.74655647382,2,2,3,3
4390,0.5643044619422573,-0.705888263202287,381.0,39235.666666666664,0,1,3,1
4395,0.7340425531914894,0.22243449856761904,282.0,57019.89928057554,2,2,3,2
4399,0.76,0.9249244761466884,50.0,35503.74,2,3,2,1
4402,0.6789772727272727,0.40048771400420635,352.0,68700.39358600583,1,2,3,3
4406,0.9019607843137255,2.0131548819731204,204.0,111348.5625,3,3,3,3
4417,0.5884244372990354,-0.4339456700813842,311.0,51378.473333333335,1,1,3,2
4418,0.6387096774193548,-0.7753046578534837,155.0,19868.412903225806,1,0,3,0
4419,0.9353348729792148,1.9121510637436452,433.0,42387.82742316785,3,3,3,1
4420,0.45454545454545453,-1.9107056295592861,121.0,34844.025,0,0,3,1
4424,0.7567567567567568,0.4634786850534907,148.0,78628.13475177305,2,2,3,3
4428,0.42857142857142855,-1.3372260084672158,161.0,30324.701863354036,0,0,3,0
4432,0.8125,0.9928604361987137,64.0,80989.109375,2,3,2,3
4435,0.5614973262032086,-1.106498507240076,187.0,61648.043715846994,0,0,3,2
4438,0.875,0.3072695985959644,16.0,78808.06666666667,3,2,1,3
4444,0.6136363636363636,-0.0759248584858463,132.0,45161.93076923077,1,1,3,1
4447,0.6833333333333333,0.440680284155774,240.0,67520.59051724138,1,2,3,3
4448,0.5882352941176471,-0.07598469088477275,17.0,65414.53333333333,1,1,1,3
4454,0.783625730994152,-0.106765321634866,171.0,33041.783625731,2,1,3,1
4456,0.7708333333333334,-0.45582426881313237,96.0,38810.03125,2,1,2,1
4457,0.8990825688073395,1.1063989923493498,109.0,31230.787037037036,3,3,2,0
4458,0.8170731707317073,1.252226221780155,164.0,41757.88957055215,3,3,3,1
4468,0.5279503105590062,-0.9711767511927148,161.0,22890.9625,0,0,3,0
4475,0.7880794701986755,0.8868424568022969,151.0,16407.446666666667,2,3,3,0
4477,0.8367346938775511,0.09258031498148622,98.0,29217.113402061856,3,2,2,0
4483,0.5106382978723404,-1.0102476193625962,141.0,21016.457142857143,0,0,3,0
4497,0.7044025157232704,0.07067801356865532,159.0,45851.903846153844,1,2,3,2
4498,0.7586206896551724,0.24849630473128345,58.0,44720.56140350877,2,2,2,1
4502,0.7383720930232558,0.5462648112185309,172.0,30358.113095238095,2,2,3,0
4504,0.7910447761194029,0.12142140949122439,134.0,33763.02985074627,2,2,3,1
4513,0.75,-0.04471205466304891,108.0,31421.21359223301,2,2,2,0
4514,0.5257731958762887,-1.6795224145509169,97.0,34484.721649484534,0,0,2,1
4518,0.7014925373134329,-0.4381283701635113,67.0,42748.701492537315,1,1,2,1
4520,0.656934306569343,-0.07018786222491881,137.0,33525.06617647059,1,1,3,1
4521,0.5368421052631579,-0.5996908551274603,285.0,55464.54316546763,0,1,3,2
4522,0.8548387096774194,0.22563947977330256,62.0,57674.098360655735,3,2,2,2
4524,0.8666666666666667,0.19286278409242258,30.0,33496.73333333333,3,2,1,1
4526,0.8270676691729323,0.7340691088590411,133.0,43889.15267175573,3,3,3,1
4530,0.8596491228070176,0.5459107326799679,285.0,56075.570397111915,3,2,3,2
4533,0.6666666666666666,0.1759463133634113,129.0,70790.63414634146,1,2,3,3
4539,0.7813852813852814,0.2850825802784329,462.0,33719.10845986985,2,2,3,1
4544,0.8969072164948454,0.8434578257648702,97.0,70485.3085106383,3,3,2,3
4546,0.7142857142857143,0.08048796362722288,7.0,112783.0,2,2,0,3
4553,0.48936170212765956,0.11601197003214729,141.0,87352.01459854015,0,2,3,3
4556,0.6091954022988506,0.29912361295261725,87.0,92915.74390243902,1,2,2,3
4559,0.8668555240793201,0.9258957799621832,353.0,38777.50284090909,3,3,3,1
4566,0.689922480620155,-0.2520911504868459,129.0,31229.387596899225,1,1,3,0
4570,0.7413793103448276,1.186376771946739,116.0,74821.21621621621,2,3,3,3
4581,0.8378378378378378,0.6820242269017681,74.0,80501.79365079365,3,3,2,3
4591,0.7285067873303167,-0.34202030049061993,221.0,39899.68807339449,2,1,3,1
4594,0.7142857142857143,-0.12230878349874973,105.0,50305.49038461538,2,1,2,2
4597,0.8793103448275862,1.8008045454999086,290.0,43512.80633802817,3,3,3,1
4612,0.6666666666666666,-0.3153276529372553,54.0,44802.166666666664,1,1,2,1
4615,0.8106060606060606,1.1516745211076105,132.0,57254.60769230769,2,3,3,2
4626,0.8181818181818182,0.9905030327294797,11.0,166563.33333333334,3,3,0,3
4632,0.8529411764705882,0.8744755749288047,68.0,31042.397058823528,3,3,2,0
4637,0.5776892430278885,-1.0503416450992866,251.0,50832.538775510206,0,0,3,2
4640,0.706766917293233,0.5658184584660189,133.0,58996.10769230769,1,2,3,2
4642,0.24193548387096775,-2.0599883550110696,62.0,62900.6724137931,0,0,2,2
4646,0.6847290640394089,-0.34273918707048007,406.0,42077.64,1,1,3,1
4647,0.5789473684210527,-0.637036892048573,19.0,60219.36842105263,0,1,1,2
4649,0.6159420289855072,-0.5675268510379461,138.0,59506.45925925926,1,1,3,2
4654,0.6751592356687898,-0.25381898511272255,471.0,48166.21645021645,1,1,3,2
4662,0.7021276595744681,0.25967116576166677,141.0,38912.29496402878,1,2,3,1
4669,0.7438423645320197,0.8706502584677378,203.0,59930.3216080402,2,3,3,2
4672,0.7906976744186046,0.18780069619325973,86.0,59205.54761904762,2,2,2,2
4675,0.19230769230769232,-2.054460705750659,26.0,92835.5,0,0,1,3
4680,0.7649769585253456,-0.12446457190001438,217.0,76204.51690821256,2,1,3,3
4684,0.20833333333333334,-1.8501664909369806,24.0,28433.75,0,0,1,0
4694,0.8241758241758241,0.44944485042144394,91.0,102525.94318181818,3,2,2,3
4695,0.7025316455696202,0.4769302562788409,158.0,61261.006535947716,1,2,3,2
4696,0.6130434782608696,-1.001396638815944,230.0,39408.35652173913,1,0,3,1
4698,0.7286432160804021,-0.1560819604477828,199.0,42748.83756345178,2,1,3,1
4704,0.7098445595854922,0.5350155813318725,193.0,78753.64606741573,1,2,3,3
4707,0.4457831325301205,-1.4793705494254712,166.0,54985.6835443038,0,0,3,2
4709,0.4166666666666667,-1.761734744571258,156.0,29910.88387096774,0,0,3,0
4712,0.6832298136645962,-0.37393104117099424,161.0,34630.7375,1,1,3,1
4717,0.6551724137931034,-0.4250114013411251,58.0,45116.14035087719,1,1,2,1
4729,0.7702702702702703,0.7526953180723595,74.0,72808.12328767123,2,3,2,3
4733,0.5877192982456141,-0.983216135400102,114.0,65585.02803738318,1,0,3,3
4734,0.7619047619047619,-0.9574397141592579,21.0,23327.14285714286,2,0,1,0
4737,0.90625,2.527038601622044,128.0,52886.784,3,3,3,2
4744,0.49411764705882355,-0.6960943260154894,85.0,45092.42682926829,0,1,2,1
4750,0.6116504854368932,-0.8045961013697774,103.0,35680.13725490196,1,0,2,1
4758,0.7377049180327869,-0.04794988397546874,61.0,48819.566666666666,2,2,2,2
4759,0.5333333333333333,-0.8494789446374043,60.0,69532.30508474576,0,0,2,3
4760,0.6610169491525424,-0.5063396452416229,59.0,67939.58620689655,1,1,2,3
4764,0.6964285714285714,-0.41781502062361686,168.0,39331.31847133758,1,1,3,1
4765,0.6908315565031983,0.2400206635579025,469.0,51308.15203426124,1,2,3,2
4768,0.673469387755102,0.7958907177313533,49.0,85654.4255319149,1,3,2,3
4772,0.5045045045045045,-1.7450666652296576,111.0,24019.504504504504,0,0,3,0
4786,0.7772151898734178,0.1590998383630189,395.0,44010.391191709845,2,2,3,1
4789,0.8445121951219512,1.3787130074111504,328.0,56083.06603773585,3,3,3,2
4791,0.9037800687285223,1.8832041496440586,291.0,33864.43252595155,3,3,3,1
4794,0.7792207792207793,0.8212417847734197,308.0,61319.40264026402,2,3,3,2
4797,0.7876106194690266,1.1017508734111305,339.0,30465.657738095237,2,3,3,0
4800,0.8,0.9705736752196927,270.0,56915.104651162794,2,3,3,2
4801,0.8114754098360656,0.4706509112359389,122.0,28705.622950819674,2,2,3,0
4805,0.6796875,-0.5666183081273142,256.0,52304.737254901964,1,1,3,2
4808,0.7678571428571429,-0.02578246315179993,112.0,67998.31683168317,2,2,3,3
4817,0.8701298701298701,0.5074345390012058,154.0,36783.36601307189,3,2,3,1
4822,0.7575757575757576,-0.23522507198427967,165.0,50905.596153846156,2,1,3,2
4835,0.6703910614525139,-0.73482836078194,179.0,46279.86627906977,1,0,3,2
4840,0.7424242424242424,0.2879750354771002,66.0,40069.530303030304,2,2,2,1
4846,0.7357512953367875,-0.09490430520429537,193.0,53662.02127659575,2,1,3,2
4862,0.9473684210526315,1.9850507291141415,57.0,42871.767857142855,3,3,2,1
4877,0.5971223021582733,-1.228299176996475,139.0,29674.719424460432,1,0,3,0
4881,0.6374269005847953,-1.2079372006513787,171.0,41682.16470588235,1,0,3,1
4882,0.7551020408163265,-0.1381573585946184,98.0,60232.663157894734,2,1,2,2
4887,0.7689530685920578,0.3653223758357923,277.0,47828.25093632959,2,2,3,2
4893,0.7931034482758621,0.3045105379161149,174.0,49044.46107784431,2,2,3,2
4895,0.45871559633027525,-1.7240786773671724,109.0,37204.5462962963,0,0,2,1
4900,0.7584269662921348,0.013980118519675068,178.0,55946.514285714286,2,2,3,2
4903,0.714765100671141,-0.22931148405756763,596.0,65248.157989228006,2,1,3,3
4905,0.660377358490566,-0.20800757713275542,106.0,55345.03846153846,1,1,2,2
4907,0.47761194029850745,-1.4897028231557343,134.0,43374.87313432836,0,0,3,1
4911,0.5799256505576208,-0.8811225649987854,269.0,37387.31086142322,0,0,3,1
4914,0.7523809523809524,-0.1368492557643649,105.0,50810.91428571429,2,1,2,2
4918,0.709375,0.9845863290533725,320.0,62632.289808917194,1,3,3,2
4923,0.8467741935483871,0.38476323117837696,248.0,44284.26141078838,3,2,3,1
4927,0.9156626506024096,1.2183018511332606,249.0,46997.39834024896,3,3,3,2
4928,0.8421052631578947,0.3273971074856824,247.0,35612.8683127572,3,2,3,1
4929,0.5235109717868338,-1.2675449398502492,319.0,47425.65048543689,0,0,3,2
4935,0.8409090909090909,0.2503519279369314,88.0,48708.90588235294,3,2,2,2
4939,0.7659574468085106,0.9475264516811877,47.0,56742.086956521736,2,3,2,2
4946,0.7586206896551724,0.4061555394053842,29.0,31444.137931034482,2,2,1,0
4948,0.6595744680851063,0.7087098563964835,141.0,47444.304964539006,1,3,3,2
4952,0.703125,-0.31646752693045355,64.0,33253.671875,1,1,2,1
4960,0.8102189781021898,0.05932969166787602,137.0,29862.089552238805,2,2,3,0
4961,0.8203592814371258,0.22022679866294154,167.0,36606.903614457835,3,2,3,1
4975,0.7531486146095718,0.34721424951285246,397.0,56616.240506329115,2,2,3,2
4978,0.7621483375959079,0.2384794013515657,391.0,47241.68051948052,2,2,3,2
4981,0.6607929515418502,-2.077548386391101,227.0,61422.575609756095,1,0,3,2
4987,0.40175953079178883,-1.914930569075288,341.0,28630.920118343194,0,0,3,0
4988,0.7487684729064039,-0.07272063110029099,203.0,42793.58415841584,2,1,3,1
4993,0.6,-0.8601635773611132,175.0,44037.37869822485,1,0,3,1
5002,0.6845360824742268,-0.6052338542203567,485.0,58824.411642411644,1,1,3,2
5005,0.6947368421052632,-0.059611389687361065,95.0,82706.84269662922,1,1,2,3
5009,0.7010869565217391,-0.33433531972007413,184.0,46620.06043956044,1,1,3,2
5010,0.6229508196721312,-0.5902224773849757,122.0,79428.93859649122,1,1,3,3
5025,0.686046511627907,-0.5147210603109243,86.0,45521.53488372093,1,1,2,1
5030,0.6782945736434108,0.28962735205674156,258.0,38466.9296875,1,2,3,1
5033,0.6428571428571429,0.20800751177491522,406.0,47366.94987468672,1,2,3,2
5037,0.47368421052631576,-0.5675613324918527,19.0,24591.315789473683,0,1,1,0
5041,0.5213675213675214,-1.3526233004510761,117.0,46947.78571428572,0,0,3,2
5059,0.6214405360134003,-0.41367149561298533,597.0,44770.47707979626,1,1,3,1
5060,0.47836538461538464,-1.3532808428317538,416.0,35270.17475728155,0,0,3,1
5064,0.7867298578199052,0.0437630734248218,211.0,27109.18181818182,2,2,3,0
5066,0.42857142857142855,-1.6587302456642279,7.0,22755.428571428572,0,0,0,0
5087,0.7128712871287128,-0.45947015339569286,101.0,38303.32673267327,2,1,2,1
5107,0.6438631790744467,-0.49045251038965404,497.0,33202.0971659919,1,1,3,1
5114,0.5900900900900901,-1.2180915111057158,666.0,21434.40361445783,1,0,3,0
5122,0.7793427230046949,-0.39726748144418866,213.0,48769.32,2,1,3,2
5125,0.7777777777777778,-0.060096886421422246,72.0,122364.25,2,1,2,3
5134,0.8051282051282052,0.8416040238622088,390.0,53026.203166226915,2,3,3,2
5139,0.6310432569974554,-0.22373550211817872,393.0,44297.55,1,1,3,1
5144,0.7095070422535211,0.859512114544124,568.0,47512.938628158845,1,3,3,2
5146,0.7298850574712644,0.7914965135531397,522.0,44847.698443579764,2,3,3,1
5152,0.422680412371134,-2.1031140180594297,97.0,25842.354166666668,0,0,2,0
5154,0.7528735632183908,0.05506555570463291,348.0,55745.23372781065,2,2,3,2
5163,0.6,-1.2869829265324002,165.0,62435.17610062893,1,0,3,2
5164,0.6883720930232559,-0.6070096972078359,215.0,32443.915887850468,1,1,3,1
5166,0.8040201005025126,0.025024084930745986,199.0,60395.44041450777,2,2,3,2
5171,0.6163793103448276,0.024703044863008665,232.0,47098.586956521736,1,2,3,2
5172,0.6875,0.41150304504760615,48.0,71359.02222222222,1,2,2,3
5174,0.7840531561461794,0.0696197506252685,602.0,46864.3377703827,2,2,3,2
5176,0.572289156626506,-0.8356775188252966,166.0,56146.372670807454,0,0,3,2
5177,0.6923076923076923,0.8369996362806063,52.0,90872.88461538461,1,3,2,3
5184,0.8302752293577982,0.48042021655720407,218.0,34334.38388625593,3,2,3,1
5187,0.6124260355029586,-0.7960796962867587,338.0,34376.765578635015,1,0,3,1
5189,0.7367021276595744,0.4210839326540094,376.0,36409.41509433962,2,2,3,1
5208,0.8135593220338984,0.3834693191898608,590.0,44689.629692832765,3,2,3,1
5209,0.5,-1.1295596173639464,94.0,44032.02222222222,0,0,2,1
5218,0.8051282051282052,0.9351412794816873,390.0,22075.005141388174,2,3,3,0
5219,0.5936739659367397,-0.38842960363917667,411.0,55002.24317617866,1,1,3,2
5227,0.543859649122807,-1.0601079336319592,57.0,67596.21052631579,0,0,2,3
5229,0.7980769230769231,0.6097511368672099,208.0,53232.58910891089,2,3,3,2
5233,0.7894736842105263,0.32511000057179157,19.0,22020.263157894737,2,2,1,0
5246,0.5833333333333334,-1.225175596829757,24.0,39176.375,0,0,1,1
5256,0.7567567567567568,0.8440553683431848,37.0,73093.78378378379,2,3,1,3
5258,0.6647286821705426,-0.9021274179021455,516.0,43384.832347140036,1,0,3,1
5261,0.8498168498168498,0.8287507642635648,273.0,40367.757352941175,3,3,3,1
5268,0.6060606060606061,0.07559320799958465,33.0,48712.87096774193,1,2,1,2
5272,0.5913621262458472,-0.8177454693955122,301.0,44004.89189189189,1,0,3,1
5291,0.5779816513761468,-0.36834426499674106,218.0,53251.02369668247,0,1,3,2
5298,0.73,0.18980174887949733,200.0,35099.925,2,2,3,1
5308,0.6442307692307693,-1.036157961462962,104.0,35865.087378640776,1,0,2,1
5313,0.6336996336996337,-0.49739756685808373,546.0,25309.35674676525,1,1,3,0
5316,0.6447963800904978,-0.8737903568545861,442.0,31746.927601809955,1,0,3,0
5319,0.726962457337884,-0.1380353834204544,586.0,28679.40341880342,2,1,3,0
5321,0.4727272727272727,-1.5592323558474286,55.0,61145.51851851852,0,0,2,2
5324,0.5957446808510638,-1.5160544709192656,47.0,46089.15217391304,1,0,2,2
5331,0.8354430379746836,1.1941595064509483,79.0,48170.0253164557,3,3,2,2
5332,0.912,1.4417936817032404,125.0,33378.072,3,3,3,1
5345,0.432,-1.735051479398857,125.0,41313.76612903226,0,0,3,1
5347,0.7094594594594594,-0.4621052593349515,148.0,37237.28571428572,1,1,3,1
5348,0.8461538461538461,1.68978360695403,13.0,68222.53846153847,3,3,0,3
5351,0.75,-0.10607733867866466,72.0,49337.31884057971,2,1,2,2
5354,0.7727272727272727,0.5421899202516333,66.0,51055.621212121216,2,2,2,2
5358,0.6763005780346821,-0.1951182487027489,173.0,34669.45029239766,1,1,3,1
5360,0.8888888888888888,0.3521801872321168,18.0,82909.5294117647,3,2,1,3
5365,0.5666666666666667,-1.21486411470747,240.0,36960.69491525424,0,0,3,1
5371,0.8734939759036144,1.6208512959438248,332.0,25754.990881458965,3,3,3,0
5375,0.8260869565217391,0.25731912908068194,46.0,60332.48837209302,3,2,2,2
5378,0.6090225563909775,-1.762125684381057,133.0,119824.60683760684,1,0,3,3
5379,0.5337423312883436,-1.3300599336794163,326.0,39848.29192546584,0,0,3,1
5380,0.7209302325581395,0.17562450394094867,129.0,36055.29457364341,2,2,3,1
5384,0.7890909090909091,0.4941457264187075,275.0,53372.612781954886,2,2,3,2
5401,0.75,-0.35103602245559695,212.0,31847.02857142857,2,1,3,0
5411,0.48,-0.202341306307182,25.0,23498.32,0,1,1,0
5414,0.4635416666666667,-1.2971382681564523,192.0,40274.528795811515,0,0,3,1
5415,0.558974358974359,-0.7821105624074622,390.0,37603.390625,0,0,3,1
5417,0.6984126984126984,0.46327764590314185,63.0,42532.87096774193,1,2,2,1
5418,0.7777777777777778,0.8191642518644127,72.0,68886.8309859155,2,3,2,3
5427,0.65,-0.15125645733699167,420.0,36398.94510739857,1,1,3,1
5432,0.7123287671232876,-0.6742469551521999,73.0,33465.042253521126,1,1,2,1
5436,0.5178571428571429,-1.3448981327816332,112.0,40053.0,0,0,3,1
5442,0.6071428571428571,-1.2455050494389754,28.0,12900.035714285714,1,0,1,0
5456,0.7304347826086957,-0.20034444989869257,115.0,66945.84112149532,2,1,3,3
5457,0.6290322580645161,-0.7912777759734426,62.0,35819.24590163935,1,0,2,1
5460,1.0,3.7233983585294195,15.0,33372.26666666667,3,3,1,1
5462,0.7666666666666667,-0.4278019977463645,30.0,40716.833333333336,2,1,1,1
5467,0.5474722564734895,-0.8359358248953578,811.0,31794.817391304347,0,0,3,0
5476,0.6030927835051546,-0.05456801536031563,582.0,55546.42334494773,1,2,3,2
5480,0.7728706624605678,-0.18128821401135606,317.0,47766.94585987261,2,1,3,2
5483,0.8282442748091603,0.6049580959943074,524.0,39829.33911368015,3,3,3,1
5484,0.6378299120234604,-0.6179087624388798,682.0,40135.56868537666,1,1,3,1
5492,0.8610354223433242,0.7089382286821542,367.0,41688.944903581265,3,3,3,1
5497,0.5180722891566265,-1.2002026742349465,83.0,33923.50602409639,0,0,2,1
5500,0.7623456790123457,-0.23911070409684307,648.0,40904.47213622291,2,1,3,1
5503,0.7074468085106383,0.07882846699056201,376.0,55884.537604456826,1,2,3,2
5508,0.7323943661971831,-0.19655709605237687,71.0,52895.81428571429,2,1,2,2
5511,0.7098765432098766,0.20843727473804216,324.0,50226.81931464175,1,2,3,2
5522,0.5482625482625483,-1.4564030885085526,259.0,53812.64940239044,0,0,3,2
5530,0.78515625,-0.0934918759067745,256.0,47766.78431372549,2,1,3,2
5540,0.6896551724137931,-0.06695126480918305,58.0,25079.327586206895,1,1,2,0
5544,0.7647058823529411,-0.02765716284441117,255.0,37424.433070866144,2,2,3,1
5547,0.7888446215139442,0.022806432371882134,251.0,54407.798353909464,2,2,3,2
5555,0.6794871794871795,-0.8678562190932763,78.0,34821.717948717946,1,0,2,1
5569,0.3474576271186441,-2.216355058936919,236.0,27545.235042735043,0,0,3,0
5570,0.6829268292682927,-0.46303895639361764,82.0,21299.573170731706,1,1,2,0
5572,0.6424050632911392,-0.7317297881387252,316.0,44465.02310231023,1,0,3,1
5573,0.6674816625916871,-0.6139758588958208,409.0,38586.729064039406,1,1,3,1
5584,0.716931216931217,0.773385311893121,378.0,59158.362162162164,2,3,3,2
5590,0.4588235294117647,-0.8541324877545776,85.0,39718.54878048781,0,0,2,1
5592,0.611764705882353,-0.2946039892299323,595.0,62223.27387387388,1,1,3,2
5607,0.8645833333333334,0.08493896924023656,96.0,32867.34375,3,2,2,1
5612,0.7547169811320755,0.8611155748904449,53.0,54922.65306122449,2,3,2,2
5613,0.8325581395348837,0.237538643278015,215.0,32718.17370892019,3,2,3,1
5615,0.5746268656716418,-0.6235347257974779,536.0,44836.70285714286,0,1,3,1
5624,0.8333333333333334,-0.2633386225078825,90.0,38658.59550561798,3,1,2,1
5626,0.75,1.1646380824193514,212.0,70058.14354066986,2,3,3,3
5629,0.6747474747474748,-0.671252724755902,495.0,53313.99794661191,1,1,3,2
5638,0.8617886178861789,0.7393917718271854,615.0,59721.299019607846,3,3,3,2
5641,0.8387533875338753,0.7316637250136336,738.0,44598.972640218875,3,3,3,1
5643,0.7507788161993769,-0.03861971903485792,321.0,43646.87147335423,2,2,3,1
5645,0.37755102040816324,-1.9596012593133683,98.0,39543.69387755102,0,0,2,1
5646,0.8507462686567164,0.3210419835752116,67.0,48485.453125,3,2,2,2
5651,0.6977611940298507,0.6762200913382208,268.0,56196.23574144486,1,3,3,2
5675,0.782608695652174,-0.27697536707484155,69.0,22110.884057971016,2,1,2,0
5687,0.8102564102564103,-0.21807773394407481,195.0,29824.79792746114,2,1,3,0
5689,0.92,1.4495559258408126,25.0,51552.36,3,3,1,2
5691,0.7472527472527473,-0.9110872501568416,91.0,51626.818181818184,2,0,2,2
5696,0.17391304347826086,-2.3853676558296715,23.0,20501.0,0,0,1,0
5701,0.55,-0.7658564949941749,20.0,51112.2,0,0,1,2
5708,0.7239583333333334,-0.4730836033097457,192.0,50331.94240837696,2,1,3,2
5709,0.6206896551724138,-0.8346387669365609,522.0,45581.125968992244,1,0,3,1
5713,0.75,-0.29814137531131735,84.0,51219.096385542165,2,1,2,2
5717,0.8985507246376812,0.6363852540238429,69.0,60935.59090909091,3,3,2,2
5724,0.725,0.8930142784693027,200.0,34704.655,2,3,3,1
5731,0.7011494252873564,-0.3847379185114809,87.0,71542.49411764706,1,1,2,3
5735,0.8271604938271605,0.2606736205795372,81.0,53033.35,3,2,2,2
5736,0.6341463414634146,-0.7465328463624923,82.0,59534.36708860759,1,0,2,2
5737,0.6235294117647059,-0.8213603272491284,85.0,45073.07058823529,1,0,2,1
5742,0.6829268292682927,-0.26945984920777705,82.0,39288.875,1,1,2,1
5748,0.795774647887324,0.683126413569318,142.0,35182.735714285714,2,3,3,1
5750,0.7272727272727273,-0.3349781301264543,55.0,50878.25925925926,2,1,2,2
5761,0.8148148148148148,0.37242727887779525,81.0,106859.16216216216,3,2,2,3
5764,0.8313253012048193,0.5088532902353576,83.0,104075.55405405405,3,2,2,3
5770,0.8857142857142857,0.6783947408145011,70.0,28247.144927536232,3,3,2,0
5772,0.6666666666666666,-0.6750044403911379,18.0,69799.64705882352,1,1,1,3
5775,0.7224770642201835,0.30190153688540383,436.0,54025.62325581395,2,2,3,2
5781,0.6612021857923497,-1.1717372951299652,366.0,28473.20054945055,1,0,3,0
5783,0.7580645161290323,0.0022575412187330643,248.0,66734.70370370371,2,2,3,3
5788,0.68,-0.8940373363423018,25.0,22746.52,1,0,1,0
5791,0.7983425414364641,0.3220688927832318,362.0,54683.59312320917,2,2,3,2
5799,0.8416666666666667,0.6013915620790932,120.0,13412.25,3,3,3,0
5803,0.8,-0.31005900211675186,235.0,38879.88744588745,2,1,3,1
5807,0.6271186440677966,-1.3169189266553811,236.0,42701.63404255319,1,0,3,1
5813,0.6111111111111112,-1.1063310073686194,18.0,17955.666666666668,1,0,1,0
5834,0.7319587628865979,-0.07347711096368575,97.0,50824.12631578947,2,1,2,2
5838,0.9166666666666666,1.9869816093175214,12.0,29550.166666666668,3,3,0,0
5839,0.8942307692307693,0.8955244574211155,104.0,36375.403846153844,3,3,2,1
5841,0.90625,1.0888611859589294,96.0,32437.308510638297,3,3,2,1
5853,0.7976190476190477,0.5474285154488231,84.0,101828.18987341772,2,2,2,3
5860,0.6798029556650246,0.5542331877589303,203.0,46691.756345177666,1,2,3,2
5868,0.7391304347826086,-0.03274109701633831,69.0,51283.115942028984,2,2,2,2
5869,0.4393939393939394,-1.1327649274578835,66.0,50381.015384615384,0,0,2,2
5872,0.6358024691358025,-0.7185671795080784,648.0,38996.47261345853,1,0,3,1
5873,0.8955223880597015,0.8302507483908045,67.0,96466.0625,3,3,2,3
5875,0.5675675675675675,-0.8889024310409224,37.0,33207.89189189189,0,0,1,1
5894,0.45454545454545453,-1.0246856963805704,11.0,20216.636363636364,0,0,0,0
5899,0.8888888888888888,1.3346880232074259,18.0,34309.22222222222,3,3,1,1
5900,0.6896551724137931,-0.7146690856995203,58.0,50096.41379310345,1,1,2,2
5901,0.8009708737864077,0.27663055266729264,206.0,38500.03398058253,2,2,3,1
5903,1.0,3.1914843073109314,9.0,152832.75,3,3,0,3
5909,0.7931034482758621,-0.656906618778084,29.0,17835.241379310344,2,1,1,0
5915,0.64375,-0.9926314972691288,480.0,39287.13263157895,1,0,3,1
5924,0.8,1.1426379566213183,25.0,110017.86363636363,2,3,1,3
5926,0.5526315789473685,-1.0617123066317384,38.0,40671.0,0,0,1,1
5951,0.8181818181818182,0.24954408629018365,22.0,19051.227272727272,3,2,1,0
5962,0.15789473684210525,-2.399766733947151,95.0,18007.473684210527,0,0,2,0
5964,0.7941176470588235,-0.24373725848130648,34.0,51757.969696969696,2,1,1,2
5967,0.35714285714285715,-1.3339462857296136,70.0,23274.442857142858,0,0,2,0
5977,0.6453488372093024,-0.6921767499878356,172.0,38156.23837209302,1,1,3,1
5982,0.536144578313253,-0.923318820162078,332.0,39896.77538461539,0,0,3,1
5983,0.8571428571428571,0.529218958292851,21.0,57083.45,3,2,1,2
5984,0.8148148148148148,1.1129088854780733,27.0,36955.77777777778,3,3,1,1
5993,0.746031746031746,-0.01645816581289488,126.0,68809.864,2,2,3,3
6005,0.7603305785123967,-0.2219930972906981,121.0,57581.775,2,1,3,2
6017,0.7894736842105263,1.1577896809164312,19.0,41282.555555555555,2,3,1,1
6021,0.45454545454545453,-0.36573712692877586,22.0,58951.619047619046,0,1,1,2
6029,0.6617647058823529,-0.37392289538045315,68.0,52175.850746268654,1,1,2,2
6036,0.8428571428571429,1.0381166599137193,70.0,37970.3768115942,3,3,2,1
6037,0.7972972972972973,0.5743969999738243,74.0,42999.74324324324,2,2,2,1
6051,0.7659574468085106,-0.10373843539785264,47.0,28135.574468085106,2,1,2,0
6054,0.738255033557047,-0.5406402888739802,149.0,46313.53424657534,2,1,3,2
6055,0.6146788990825688,-1.1251572854221916,218.0,39352.19718309859,1,0,3,1
6056,0.5625,-1.4096867140623777,192.0,39561.2,0,0,3,1
6057,0.8,0.5611899824219712,170.0,49676.7100591716,2,2,3,2
6065,0.4117647058823529,-1.3168168276000882,51.0,74803.77083333333,0,0,2,3
6071,0.23076923076923078,-1.6067234770260477,26.0,29128.4,0,0,1,0
6075,0.7391304347826086,0.3483343750987334,46.0,31928.804347826088,2,2,2,0
6081,0.6666666666666666,0.15066423163801712,6.0,23868.166666666668,1,2,0,0
6083,0.9767441860465116,2.354225528404163,43.0,33691.651162790695,3,3,2,1
6088,0.6666666666666666,1.3896745123042835,6.0,106671.4,1,3,0,3
6096,0.6764705882352942,-1.204280392854066,34.0,21068.147058823528,1,0,1,0
6098,0.5466666666666666,-1.287339915912303,150.0,44150.5100671141,0,0,3,1
6102,0.77,0.09975047132293256,100.0,29143.07,2,2,2,0
6107,0.13402061855670103,-3.71855226196499,97.0,5410.3917525773195,0,0,2,0
6109,0.42857142857142855,-1.1648428770742674,126.0,30828.70731707317,0,0,3,0
6125,0.84,0.9719773813979995,25.0,50120.6,3,3,1,2
6126,0.8108108108108109,1.1829373621146873,37.0,49259.35135135135,2,3,1,2
6128,0.6136363636363636,-1.4855770402518509,88.0,48920.651162790695,1,0,2,2
6141,0.8106060606060606,1.04036291479044,132.0,26274.782945736435,2,3,3,0
6146,0.5769230769230769,-1.380120214240574,52.0,27383.576923076922,0,0,2,0
6155,0.47580645161290325,-0.8827946248725487,124.0,56334.872881355936,0,0,3,2
6159,0.7142857142857143,-0.18904235595398317,35.0,34340.42857142857,2,1,1,1
6160,0.5172413793103449,-0.09665537494358147,29.0,65503.357142857145,0,1,1,3
6168,0.7989130434782609,0.4391631397210946,184.0,50630.79234972678,2,2,3,2
6178,0.8571428571428571,0.357642766063259,35.0,36938.485714285714,3,2,1,1
6179,0.7058823529411765,-1.548363076967727,17.0,87601.17647058824,1,0,1,3
6196,0.4444444444444444,-0.1345969475019792,18.0,60469.0,0,1,1,2
6200,0.7291666666666666,-0.402682239644384,48.0,27974.291666666668,2,1,2,0
6201,0.7586206896551724,0.4642738406727421,29.0,65133.41379310345,2,2,1,3
6203,0.6470588235294118,0.9891943203353468,51.0,67191.23529411765,1,3,2,3
6208,0.8043478260869565,0.2676293001363795,46.0,88361.73170731707,2,2,2,3
6216,0.6875,-0.6493882773584186,32.0,18751.90322580645,1,1,1,0
6218,0.7181818181818181,0.7214165330000211,110.0,30407.61467889908,2,3,3,0
6229,1.0,1.8616991792647097,3.0,151645.0,3,3,0,3
6230,0.75,-0.5755352038635564,4.0,9886.5,2,1,0,0
6231,0.5,0.3677799915867971,12.0,43809.0,0,2,0,1
6232,0.6666666666666666,-0.9256515445809658,24.0,19009.5,1,0,1,0
6242,0.5782608695652174,-0.00874848438142608,230.0,47014.140969162996,0,2,3,2
6244,0.5476190476190477,-0.3620052131681528,126.0,48947.20161290323,0,1,3,2
6246,0.16,-2.283290563291087,25.0,39338.416666666664,0,0,1,1
6249,0.41025641025641024,-1.4002471480141834,39.0,92960.1081081081,0,0,1,3
6250,1.0,1.8616991792647097,3.0,70034.0,3,3,0,3
6253,0.4523809523809524,-1.106640707311946,42.0,69213.65853658537,0,0,1,3
6256,0.5507246376811594,-0.7226959248554821,69.0,59576.80303030303,0,0,2,2
6274,0.8315789473684211,0.1483201891002178,95.0,25618.1935483871,3,2,2,0
6281,0.5528455284552846,0.1927585910039496,123.0,73863.9649122807,0,2,3,3
6286,0.7169811320754716,0.1152670346206297,53.0,50183.188679245286,2,2,2,2
6289,0.75,-0.20821558467889112,68.0,34106.68656716418,2,1,2,1
6292,0.7904761904761904,-0.052173902539121866,105.0,23706.114285714284,2,2,2,0
6299,0.54421768707483,0.20396621969848916,147.0,87230.09375,0,2,3,3
6305,0.5978260869565217,0.5492310058465236,92.0,117768.32926829268,1,2,2,3
6309,0.8181818181818182,0.1561249203169393,77.0,39197.51948051948,3,2,2,1
6313,0.5813953488372093,-0.635861050528696,43.0,86350.65,0,1,2,3
6321,0.8666666666666667,0.4632821027182411,60.0,72591.71428571429,3,2,2,3
6322,0.9558823529411765,1.7772542201070756,68.0,88510.24242424243,3,3,2,3
6334,0.6,-1.327612907684262,65.0,39260.34375,1,0,2,1
6341,0.9111111111111111,1.1393862870522762,45.0,44550.22222222222,3,3,2,1
6342,0.7887323943661971,0.4343535728919223,71.0,58913.24615384615,2,2,2,2
6344,0.8421052631578947,1.1203628710987712,19.0,58563.68421052631,3,3,1,2
6349,0.9302325581395349,1.2151818347096586,43.0,46441.42857142857,3,3,2,2
6351,0.8444444444444444,0.39908273410505474,45.0,53350.51111111111,3,2,2,2
6360,0.7013888888888888,-0.5614834938851034,144.0,51792.692307692305,1,1,3,2
6366,0.8735632183908046,0.7908386803012535,87.0,100119.66666666667,3,3,2,3
6370,0.848780487804878,0.9833812277487257,205.0,61061.57868020305,3,3,3,2
6373,0.8350515463917526,0.09123989775056378,97.0,32928.42268041237,3,2,2,1
6378,0.6818181818181818,-0.5282046601507875,66.0,57104.857142857145,1,1,2,2
6385,0.4469135802469136,-1.8083213488442438,405.0,27842.48888888889,0,0,3,0
6393,0.8045977011494253,0.7686050820933513,87.0,40654.70930232558,2,3,2,1
6395,0.8653846153846154,0.6193126375427194,52.0,28148.05769230769,3,3,2,0
6402,0.6976744186046512,-0.4458281539521352,43.0,98092.07142857143,1,1,2,3
6407,0.5250431778929189,-0.5519878930399144,579.0,52062.51957295374,0,1,3,2
6412,0.32142857142857145,-1.7111003596336776,28.0,68976.85714285714,0,0,1,3
6416,0.49122807017543857,-0.026702896286328753,114.0,53195.46363636364,0,2,3,2
6422,0.5945945945945946,0.06687741333793527,111.0,61396.67272727273,1,2,3,2
6439,0.6830985915492958,0.1094511062321604,142.0,70104.18656716419,1,2,3,3
6443,0.5,-1.4318781980675328,4.0,32096.5,0,0,0,1
6448,0.6777777777777778,0.3308410005185537,180.0,48570.91525423729,1,2,3,2
6449,0.8333333333333334,0.22673787860413883,54.0,91766.49019607843,3,2,2,3
6450,0.6521739130434783,-0.5086253171872249,46.0,39348.666666666664,1,1,2,1
6463,0.7681159420289855,0.43347826071408485,69.0,66150.3,2,2,2,3
6465,0.8433734939759037,0.3517365849455619,83.0,72504.81012658228,3,2,2,3
6468,0.75,-0.07667398957805398,56.0,87535.16071428571,2,1,2,3
6480,0.8558558558558559,0.5690172832205977,111.0,24912.45045045045,3,2,3,0
6482,0.6120689655172413,-0.34715755826562383,348.0,34426.97101449275,1,1,3,1
6484,0.6153846153846154,-0.11333911578495297,169.0,67763.80128205128,1,1,3,3
6485,0.8135593220338984,0.27458161799016356,59.0,57149.59322033898,3,2,2,2
6486,0.9,1.0221198010259902,50.0,67383.26,3,3,2,3
6491,0.6235294117647059,-0.524002942178855,85.0,43666.87951807229,1,1,2,1
6497,0.8865979381443299,1.9175421772189678,97.0,31878.125,3,3,2,0
6509,0.7428571428571429,0.002710197356084715,35.0,45014.42857142857,2,2,1,1
6517,0.5714285714285714,-0.665618915921438,91.0,80402.41463414633,0,1,2,3
6521,0.5096153846153846,-0.24410389506617583,104.0,53497.85,0,1,2,2
6525,0.2692307692307692,-2.1503679560263955,26.0,35925.11538461538,0,0,1,1
6527,0.7037037037037037,-0.20846281718479814,27.0,48744.59259259259,1,1,1,2
6535,0.5564853556485355,-0.05223529327136956,239.0,64488.49789029536,0,2,3,3
6541,0.6459627329192547,-0.5194341313993212,161.0,39435.335403726705,1,1,3,1
6543,0.7319347319347319,-0.03885970707995006,858.0,33814.844155844155,2,2,3,1
6544,0.6772983114446529,-0.4976115035433102,533.0,44422.937262357416,1,1,3,1
6548,0.7714285714285715,-0.05383217846251028,385.0,33637.84554973822,2,2,3,1
6551,0.8102710413694721,0.5923957228917244,701.0,38225.12195121951,2,3,3,1
6574,0.7686318131256952,0.5096108723841202,899.0,53966.22591743119,2,2,3,2
6583,0.7207207207207207,-0.12110424084390078,111.0,43614.91743119266,2,1,3,1
6597,0.8111888111888111,0.6407427448679147,286.0,39443.17605633803,2,3,3,1
6599,0.7780172413793104,1.263048136346273,464.0,38135.91558441558,2,3,3,1
6609,0.7509578544061303,0.6964028338900294,261.0,61696.30864197531,2,3,3,2
6611,0.8590785907859079,1.430823713786589,369.0,32311.72950819672,3,3,3,1
6621,0.5808383233532934,0.34525252953299146,334.0,51840.41463414634,0,2,3,2
6632,0.8356164383561644,1.860755849831931,146.0,71148.68309859154,3,3,3,3
6633,0.7766233766233767,1.0357023762901827,385.0,39059.853785900785,2,3,3,1
6634,0.9074074074074074,2.190195018252807,54.0,91391.6862745098,3,3,2,3
6639,0.7297297297297297,0.4768157069091647,111.0,44611.57272727273,2,2,3,1
6643,0.6666666666666666,-0.9122878722157202,75.0,24397.4,1,0,2,0
6647,0.8315789473684211,0.9587161622657335,190.0,64794.62765957447,3,3,3,3
6651,0.9,1.0917487974165585,190.0,46580.627027027025,3,3,3,2
6652,0.6491228070175439,0.2725751946699979,57.0,36245.05357142857,1,2,2,1
6667,0.72508038585209,0.25463661755855793,622.0,64536.665562913906,2,2,3,3
6668,0.8148148148148148,0.651251221615112,162.0,41173.125786163524,3,3,3,1
6669,0.7487437185929648,0.6150027146652329,199.0,42471.030303030304,2,3,3,1
6690,0.6174698795180723,-0.08212834552702472,332.0,53660.39143730887,1,1,3,2
6705,0.5586592178770949,-0.4663598608344069,179.0,61833.46022727273,0,1,3,2
6708,0.7461928934010152,-0.5108259391785556,394.0,29595.104060913705,2,1,3,0
6711,0.5251396648044693,-0.6230605702508635,179.0,56407.27647058824,0,1,3,2
6719,0.9011857707509882,0.967336152533633,506.0,37725.168650793654,3,3,3,1
6721,0.9183673469387755,1.1983530972767094,49.0,42280.063829787236,3,3,2,1
6723,0.5109034267912772,-1.1333844645911597,321.0,39209.354231974925,0,0,3,1
6726,0.8378378378378378,0.823175776164126,111.0,94733.10909090909,3,3,3,3
6735,0.6428571428571429,0.8607760154631173,14.0,141806.0,1,3,0,3
6742,0.843065693430657,1.5550397245833998,274.0,45833.37362637363,3,3,3,2
6745,0.6056644880174292,-0.47379785962977977,459.0,42441.60964912281,1,1,3,1
6753,0.7418478260869565,0.0928533835195754,368.0,31646.177595628415,2,2,3,0
6755,0.7328990228013029,-0.14297921410913741,307.0,58857.42474916388,2,1,3,2
6757,0.7201834862385321,-0.08934141024895949,436.0,43172.211136890954,2,1,3,1
6773,0.6479591836734694,-0.29615648645581505,196.0,43348.54210526316,1,1,3,1
6778,0.6712328767123288,-0.19423849732984383,73.0,61800.80281690141,1,1,2,2
6781,0.9583333333333334,2.2468341064698536,96.0,50398.3125,3,3,2,2
6791,0.5202312138728323,-0.7732644250905281,173.0,46414.59302325582,0,0,3,2
6794,0.6305732484076433,-0.6147147055096446,314.0,42174.32587859425,1,1,3,1
6797,0.6949152542372882,-0.2034954821070847,177.0,55993.05142857143,1,1,3,2
6802,0.8125,0.44715363740009895,96.0,59181.04210526316,2,2,2,2
6803,0.14705882352941177,-3.329213965211401,170.0,26092.988235294117,0,0,3,0
6804,0.8556701030927835,1.088357521390508,97.0,35682.19587628866,3,3,2,1
6819,0.6756756756756757,-0.29587604837305215,74.0,47452.931506849316,1,1,2,2
6827,0.7128712871287128,0.18315873856509457,606.0,36004.77166666667,2,2,3,1
6828,0.7564356435643564,1.1125651796448053,505.0,76917.85132382892,2,3,3,3
6831,0.8004750593824228,1.4018747224713368,421.0,61482.59518072289,2,3,3,2
6835,0.5205479452054794,-0.7241371378489448,219.0,60622.50961538462,0,0,3,2
6840,0.6631578947368421,-0.7660819391523231,95.0,22546.77659574468,1,0,2,0
6843,0.6864406779661016,0.5914819317161785,118.0,45138.9406779661,1,3,3,1
6844,0.726027397260274,-0.4590991848883473,73.0,24752.49295774648,2,1,2,0
6846,0.6509803921568628,0.14552670482054914,510.0,36327.90513833992,1,2,3,1
6862,0.5571428571428572,-0.1803467636514505,140.0,68122.92142857143,0,1,3,3
6863,0.6714285714285714,0.3096310689374812,210.0,37573.61538461538,1,2,3,1
6868,0.7666666666666667,-0.7407209274077933,60.0,32090.137931034482,2,0,2,1
6875,0.75,-0.7927054778296386,40.0,49828.35897435898,2,0,1,2
6885,0.7666666666666667,0.7315736885052759,150.0,17351.825503355703,2,3,3,0
6888,0.6778523489932886,0.03737727789825299,149.0,32277.883561643837,1,2,3,1
6901,0.628099173553719,-0.1476422400751296,242.0,45601.12033195021,1,1,3,1
6904,0.3333333333333333,0.1915749165675989,3.0,33013.333333333336,0,2,0,1
6916,0.8110236220472441,0.20705521914647115,127.0,32207.3937007874,2,2,3,1
6920,0.8367346938775511,0.9132320564189103,147.0,27421.154929577464,3,3,3,0
6921,0.6666666666666666,-0.05738511970582574,135.0,73831.17829457365,1,2,3,3
6925,0.6274509803921569,-1.0899559091344888,51.0,45850.78431372549,1,0,2,2
6928,0.5555555555555556,-1.2524280279875952,18.0,29546.722222222223,0,0,1,0
6929,0.7865853658536586,0.49453727222290406,164.0,52434.493902439026,2,2,3,2
6932,0.7297297297297297,-0.8827624056914808,37.0,38972.52777777778,2,0,1,1
6938,0.6040609137055838,-0.4926286108823495,197.0,44826.64432989691,1,1,3,1
6949,0.875,0.910699606519354,8.0,77524.75,3,3,0,3
6953,0.7017543859649122,0.49404607052576327,57.0,85623.01818181819,1,2,2,3
6955,0.7077922077922078,0.9427293993136269,154.0,84979.44827586207,1,3,3,3
6957,0.65625,-0.43483477893211336,96.0,51347.62765957447,1,1,2,2
6962,0.7435897435897436,-0.11871864230723862,39.0,69248.51351351352,2,1,1,3
6963,0.8651685393258427,0.8522470678092583,356.0,40400.93767705382,3,3,3,1
6966,0.7345971563981043,-0.1078958157680875,211.0,37624.45971563981,2,1,3,1
6970,0.8695652173913043,0.6335209363159869,46.0,67048.36363636363,3,3,2,3
6972,0.6956521739130435,-0.4167762492933752,23.0,17776.434782608696,1,1,1,0
6974,0.8327974276527331,1.0950879810426286,311.0,30332.647249190937,3,3,3,0
6976,0.7356608478802993,0.7959053972103992,401.0,67398.02577319587,2,3,3,3
6980,0.6627906976744186,-0.6912333443521356,86.0,30860.45348837209,1,1,2,0
6984,0.8782051282051282,1.407341002927368,156.0,32985.519230769234,3,3,3,1
6986,0.5384615384615384,-0.41933839176952775,13.0,47808.692307692305,0,1,0,2
6988,0.6627218934911243,0.4875011690049031,169.0,75494.13173652695,1,2,3,3
6991,0.49693251533742333,-1.396968662091679,163.0,28749.300613496933,0,0,3,0
7001,0.680365296803653,-0.3559972491518834,219.0,42724.79723502304,1,1,3,1
7004,0.5112781954887218,0.1563653861373884,133.0,65857.9140625,0,2,3,3
7006,0.7808219178082192,0.49970518444362066,73.0,43650.6231884058,2,2,2,1
7014,0.4418604651162791,-0.9900948588739426,129.0,75431.11904761905,0,0,3,3
7016,0.6730769230769231,0.11832892270041286,52.0,58795.28846153846,1,2,2,2
7052,0.6,0.05598662899892304,25.0,48799.583333333336,1,2,1,2
7058,0.6111111111111112,0.1613270429722763,54.0,65192.2037037037,1,2,2,3
7069,0.7732558139534884,0.15948351946380251,172.0,51678.4131736527,2,2,3,2
7073,0.7790697674418605,0.5039345676025612,172.0,23031.31976744186,2,2,3,0
7083,0.6842105263157895,-0.2443817879462033,190.0,29163.615789473683,1,1,3,0
7087,0.8375,1.2803706776621944,80.0,61941.13157894737,3,3,2,2
7105,0.6976744186046512,0.01312000367204373,215.0,60892.68717948718,1,2,3,2
7119,0.6192307692307693,-0.8675646098225546,260.0,29057.04247104247,1,0,3,0
7122,0.7049180327868853,0.6038335688408792,61.0,45932.779661016946,1,3,2,2
7126,0.921311475409836,2.234643735147822,305.0,37102.625,3,3,3,1
7132,0.5641025641025641,-1.288525403513977,39.0,59516.83783783784,0,0,1,2
7141,0.47540983606557374,-1.0168938343308456,61.0,38972.88524590164,0,0,2,1
7142,0.7528089887640449,0.4779823374687064,178.0,50180.971264367814,2,2,3,2
7145,0.6022727272727273,0.19162438907343982,88.0,35927.97647058823,1,2,2,1
7148,0.625,0.06412324773704889,32.0,26526.84375,1,2,1,0
7152,0.7413793103448276,-0.007491205720126859,174.0,50562.3567251462,2,2,3,2
7155,0.7572254335260116,-0.06694790371244856,173.0,37039.313609467456,2,1,3,1
7166,0.625,-0.4712198253194498,40.0,31855.625,1,1,1,0
7174,0.4,-1.3871483902520214,45.0,68606.47727272728,0,0,2,3
7178,0.5954198473282443,-1.1401639659307388,131.0,46261.78461538462,1,0,3,2
7200,0.9310344827586207,2.313322048218771,29.0,42148.379310344826,3,3,1,1
7204,0.7943548387096774,1.3353595994428866,248.0,74087.25630252101,2,3,3,3
7206,0.6268656716417911,0.3848451529385174,134.0,68944.58914728682,1,2,3,3
7211,0.45864661654135336,-1.5813500729277103,133.0,34597.06201550388,0,0,3,1
7213,0.7058823529411765,0.42413620370595245,51.0,122870.63265306123,1,2,2,3
7217,0.6574074074074074,-0.6365366869737099,108.0,47983.53773584906,1,1,2,2
7225,0.7448275862068966,0.16488838205802445,290.0,47077.0553633218,2,2,3,2
7229,0.8816793893129771,0.7713838945879293,262.0,29999.38671875,3,3,3,0
7230,0.7862903225806451,-0.14424046353939632,248.0,71466.7748917749,2,1,3,3
7233,0.6376811594202898,-1.0444148403758193,138.0,30919.496350364963,1,0,3,0
7237,0.9072164948453608,1.4594182090860577,97.0,56273.895833333336,3,3,2,2
7241,0.6617647058823529,0.7050606479148257,272.0,62011.77121771218,1,3,3,2
7242,0.5694444444444444,0.2679248747586363,360.0,69334.90643274854,0,2,3,3
7245,0.7638888888888888,1.0104329390733784,72.0,48972.535211267605,2,3,2,2
7252,0.9615384615384616,2.606352779603962,26.0,84159.13043478261,3,3,1,3
7255,0.7857142857142857,0.6377592464868292,28.0,41362.857142857145,2,3,1,1
7263,0.6740088105726872,-0.9476786269440475,227.0,41441.26666666667,1,0,3,1
7277,0.8543046357615894,0.9751374321906333,302.0,46686.38870431894,3,3,3,2
7283,0.9629629629629629,2.707337311022007,27.0,51409.7037037037,3,3,1,2
7288,0.7829181494661922,0.3607041511423071,281.0,38414.88,2,2,3,1
7293,0.7087912087912088,-0.15435976235638926,182.0,54433.55,1,1,3,2
7295,0.7272727272727273,-0.8354716005701962,77.0,39061.896103896106,2,0,2,1
7306,0.9310344827586207,0.8376724751492689,58.0,72946.53703703704,3,3,2,3
7311,0.7272727272727273,-0.401291506995306,99.0,49601.50515463918,2,1,2,2
7325,0.8173913043478261,0.4438776589582499,115.0,51276.81081081081,3,2,3,2
7333,0.6464646464646465,-0.878460620841702,396.0,25090.62373737374,1,0,3,0
7338,0.8121085594989561,1.0703670252370496,479.0,31073.092436974788,2,3,3,0
7341,0.7014925373134329,-0.7623388116513788,201.0,15611.698492462312,1,0,3,0
7343,0.6666666666666666,-0.9678829774365209,69.0,14740.304347826086,1,0,2,0
7346,0.4827586206896552,-1.3519498429966004,87.0,37239.4367816092,0,0,2,1
7351,0.6578411405295316,-0.6918782084867345,491.0,28966.400826446283,1,1,3,0
7357,0.6076923076923076,-0.896878609263384,130.0,42797.1640625,1,0,3,1
7359,0.6434782608695652,-0.69812254836176,230.0,36476.13716814159,1,1,3,1
7362,0.8609271523178808,1.0310709446887618,604.0,30660.935323383084,3,3,3,0
7374,0.5116851168511685,-1.2596716065341835,813.0,15713.36913580247,0,0,3,0
7376,0.7931034482758621,-0.19012245332595745,348.0,23454.115273775216,2,1,3,0
7378,0.625,-1.0031625907579367,104.0,43944.63461538462,1,0,2,1
7392,0.6770833333333334,-0.8044199351672461,96.0,44617.0,1,0,2,1
7407,0.7678571428571429,0.058976299852231524,56.0,48216.81481481482,2,2,2,2
7412,0.7960687960687961,0.5110252972236815,814.0,54340.42857142857,2,2,3,2
7416,0.733433734939759,-0.005517344970029822,664.0,33188.57164404223,2,2,3,1
7420,0.5907990314769975,-0.42132795963387654,413.0,58510.905,1,1,3,2
7423,0.6547619047619048,-0.5549664156324092,84.0,55670.135802469136,1,1,2,2
7427,0.6893203883495146,-0.6350574320129369,103.0,30033.13725490196,1,1,2,0
7428,0.648854961832061,-0.9643330384698442,131.0,25090.30769230769,1,0,3,0
7429,0.7469879518072289,0.6026721891873441,83.0,44679.57317073171,2,3,2,1
7435,0.6204379562043796,-0.4049501966828575,274.0,56602.362962962965,1,1,3,2
7436,0.6114864864864865,-0.44691241780355595,296.0,42442.85084745763,1,1,3,1
7437,0.7,0.03398549099324117,30.0,104498.86206896552,1,2,1,3
7445,0.7045454545454546,-0.5834398697618082,44.0,37008.47727272727,1,1,2,1
7451,0.8403361344537815,0.413187168554277,119.0,41673.444444444445,3,2,3,1
7466,0.7764705882352941,0.1313852988166241,255.0,45039.93675889328,2,2,3,1
7467,0.48484848484848486,-0.8458035211177484,66.0,41576.77419354839,0,0,2,1
7472,0.7333333333333333,0.5136349020063067,30.0,90551.16666666667,2,2,1,3
7476,0.42857142857142855,-2.3154330442513213,315.0,25886.132258064517,0,0,3,0
7479,0.58,-0.6607094535968536,250.0,25249.26907630522,0,1,3,0
7481,0.7247706422018348,0.1469907723664131,218.0,24912.299539170508,2,2,3,0
7484,0.8018433179723502,0.27765201015306523,217.0,70145.42131979695,2,2,3,3
7486,0.55,-1.0417189510024814,40.0,59618.15789473684,0,0,1,2
7492,0.3333333333333333,-2.792840950592428,69.0,40878.25,0,0,2,1
7496,0.4864864864864865,-1.3795510493202172,37.0,61519.878787878784,0,0,1,2
7500,0.6521739130434783,-0.7657038885101932,207.0,32713.08415841584,1,0,3,1
7510,0.9210526315789473,0.6393521034632536,38.0,14093.71052631579,3,3,1,0
7511,1.0,3.0550960890497803,8.0,62371.625,3,3,0,2
7515,0.8442622950819673,0.7723310727378726,122.0,49453.62295081967,3,3,3,2
7525,0.6233766233766234,-1.1426753331068806,77.0,40281.25974025974,1,0,2,1
7532,0.5469613259668509,-1.1776465517996242,181.0,40468.545454545456,0,0,3,1
7533,0.4954128440366973,-1.3514439189036584,109.0,53686.7570093458,0,0,2,2
7541,0.5921052631578947,-0.9467069189783514,76.0,47651.17105263158,1,0,2,2
7544,0.4727272727272727,-1.7864190162598963,55.0,53722.527272727275,0,0,2,2
7550,0.8064516129032258,0.9325042984673618,62.0,28810.451612903227,2,3,2,0
7556,0.5777126099706745,-0.7787304248214353,341.0,40529.33928571428,0,0,3,1
7559,0.5708661417322834,-0.7093433297318255,254.0,24071.007874015748,0,1,3,0
7562,0.8633540372670807,0.7936579533695257,161.0,46655.076433121016,3,3,3,2
7579,0.5151515151515151,-0.3567196523335703,33.0,31978.272727272728,0,1,1,1
7581,0.821917808219178,0.8605978404628669,73.0,76766.33846153846,3,3,2,3
7583,0.8,0.1464823840983005,15.0,32623.533333333333,2,2,1,1
7587,0.75,0.24789551366605947,8.0,107311.57142857143,2,2,0,3
7590,0.75,-0.1681105579275304,136.0,41086.43703703704,2,1,3,1
7591,0.5,-1.4783299492294937,16.0,12977.5625,0,0,1,0
7600,0.7007874015748031,-0.2586151516944745,127.0,52287.237704918036,1,1,3,2
7602,0.7575757575757576,-0.28449692086370226,33.0,53841.78787878788,2,1,1,2
7613,0.7613636363636364,-0.15104429395857505,528.0,32576.04,2,1,3,1
7616,0.875,1.027946294653376,128.0,65750.4921875,3,3,3,3
7619,0.5775862068965517,-0.7720938949081882,464.0,30386.77922077922,0,0,3,0
7626,0.6473684210526316,0.16178651683882897,190.0,53261.532258064515,1,2,3,2
7636,0.6666666666666666,-0.5898016272008737,213.0,45580.682692307695,1,1,3,1
7637,0.652542372881356,-0.8560290636293436,236.0,36983.957264957266,1,0,3,1
7643,0.6837209302325581,-0.7144707332759356,215.0,62176.9756097561,1,1,3,2
7645,0.6363636363636364,-0.8261006434548187,308.0,35141.905844155845,1,0,3,1
7647,0.5797872340425532,-0.14519997675543375,376.0,53396.73529411765,0,1,3,2
7648,0.748792270531401,0.7725969860667925,207.0,52686.960975609756,2,3,3,2
7652,0.5039370078740157,-1.2029259426987713,127.0,51821.666666666664,0,0,3,2
7658,0.6078431372549019,-0.7640368932283493,51.0,27199.21568627451,1,0,2,0
7661,0.36220472440944884,-2.4966610471179735,254.0,22526.171314741037,0,0,3,0
7671,0.734375,-0.38646382248075273,256.0,54150.93675889328,2,1,3,2
7674,0.8120567375886525,0.12115616847026246,282.0,36662.4623655914,2,2,3,1
7679,0.675,-0.2145272429782817,80.0,39080.898734177215,1,1,2,1
7685,0.4444444444444444,-1.8589721302178115,81.0,21382.79012345679,0,0,2,0
7686,0.6904761904761905,0.5366128684500937,42.0,77284.78048780488,1,2,1,3
7689,0.7383177570093458,0.8607896645033828,535.0,62281.26614481409,2,3,3,2
7696,0.6636363636363637,0.03609524562473111,110.0,58693.38888888889,1,2,3,2
7701,0.9069767441860465,0.6500104348146504,86.0,23912.761904761905,3,3,2,0
7702,0.7617801047120419,0.5537490642946367,382.0,65473.90190735695,2,2,3,3
7708,0.7025862068965517,0.19498277805952008,464.0,65552.49553571429,1,2,3,3
7713,0.8,1.3174983525049568,45.0,98460.95,2,3,2,3
7716,0.6433566433566433,-0.23880554888798528,286.0,52989.08214285714,1,1,3,2
7722,0.6,-0.5196104698970019,240.0,39122.21848739496,1,1,3,1
7726,0.8428571428571429,0.44482701474017633,70.0,37746.10144927536,3,2,2,1
7727,0.9195402298850575,0.7873996971876612,87.0,13514.896551724138,3,3,2,0
7741,0.9577464788732394,1.7888929123591268,71.0,36655.1,3,3,2,1
7743,0.7876106194690266,1.3484498034313517,226.0,75608.77927927928,2,3,3,3
7750,0.5172413793103449,-1.7118716342913192,29.0,21230.344827586207,0,0,1,0
7751,0.6956521739130435,-0.5935265975668201,161.0,21322.6149068323,1,1,3,0
7753,0.6212121212121212,-0.04138940190638806,66.0,53516.276923076926,1,2,2,2
7762,0.7709923664122137,1.0958301495291545,131.0,52887.1007751938,2,3,3,2
7765,0.47368421052631576,-1.0015257695085507,19.0,40069.78947368421,0,0,1,1
7766,0.7058823529411765,-0.33052762062137414,17.0,57096.82352941176,1,1,1,2
7769,0.6345177664974619,0.06685047044362225,197.0,57188.70466321243,1,2,3,2
7784,0.75,0.016569825684670813,8.0,73882.125,2,2,0,3
7785,0.8,0.44268422238033434,5.0,24589.2,2,2,0,0
7788,0.5925925925925926,-0.8313538272987506,27.0,39213.846153846156,1,0,1,1
7797,0.5903614457831325,-0.9267377608019587,83.0,63580.95,1,0,2,3
7800,0.875,-1.198036757223962,8.0,8738.75,3,0,0,0
7824,1.0,4.311303362507749,33.0,10036.969696969696,3,3,1,0
7833,0.7719298245614035,0.4161925640743707,228.0,47579.982142857145,2,2,3,2
7835,0.7327935222672065,-0.2711922778120055,247.0,38898.955465587045,2,1,3,1
7836,1.0,1.8616991792647097,3.0,10145.666666666666,3,3,0,0
7839,0.8179347826086957,0.6297071116112044,368.0,44814.972451790636,3,3,3,1
7845,0.6476190476190476,-0.7667161476382149,105.0,47309.932692307695,1,0,2,2
7847,0.875,1.0329120986294091,16.0,42118.0,3,3,1,1
7848,0.7,-0.5434804326587586,20.0,18109.1,1,1,1,0
7857,0.6342857142857142,-1.189830823218721,350.0,33504.15804597701,1,0,3,1
7858,0.7761194029850746,-0.4348812060177605,268.0,44886.48872180451,2,1,3,1
7860,0.8634538152610441,0.298455832498393,249.0,34137.06072874494,3,2,3,1
7870,0.7261029411764706,-0.17546694817985561,544.0,31892.183673469386,2,1,3,0
7872,0.7024390243902439,-0.4348537782456648,205.0,43546.75490196078,1,1,3,1
7874,0.8022598870056498,0.03017013315979321,354.0,48921.441260744985,2,2,3,2
7882,0.6167247386759582,-0.7351168691108626,287.0,61319.239852398525,1,0,3,2
7883,0.4117647058823529,-0.8077162712713838,17.0,28120.529411764706,0,0,1,0
7899,0.7702702702702703,0.03010047861676516,74.0,31909.18918918919,2,2,2,0
7903,0.5254237288135594,-0.9200109061799572,118.0,32513.887931034482,0,0,3,1
7904,0.5689655172413793,-0.6297902832565111,58.0,46078.92857142857,0,1,2,2
7908,0.6724137931034483,-0.8750871614029703,290.0,56270.34507042253,1,0,3,2
7910,0.5,-0.8765350717485536,8.0,29503.25,0,0,0,0
7911,0.7906976744186046,0.31930203723990946,43.0,62497.0,2,2,2,2
7912,1.0,3.7233983585294195,15.0,77032.93333333333,3,3,1,3
7917,0.5,-1.7068113914699246,92.0,53559.65934065934,0,0,2,2
7920,0.6111111111111112,1.1164481859116078,18.0,157975.2,1,3,1,3
7926,0.925,1.2445877822403748,120.0,35008.153846153844,3,3,3,1
7932,0.7222222222222222,0.24349361783585202,18.0,30759.833333333332,2,2,1,0
7934,0.7777777777777778,0.5373199744537861,18.0,56410.38888888889,2,2,1,2
7935,0.25,-2.01517828922245,28.0,19979.928571428572,0,0,1,0
7957,0.5303030303030303,-1.284643906266164,66.0,67956.078125,0,0,2,3
7958,0.5368421052631579,-0.7689412474228986,95.0,36483.36956521739,0,0,2,1
7961,0.6448598130841121,-0.3769866930679,107.0,26319.11214953271,1,1,2,0
7963,0.717948717948718,-0.05158263407858277,78.0,55630.47368421053,2,2,2,2
7973,0.875,2.2073791403839005,8.0,129248.25,3,3,0,3
7988,0.5636363636363636,-0.04652444459557168,55.0,59673.90566037736,0,2,2,2
8001,0.45454545454545453,-1.5688535837125512,22.0,26568.5,0,0,1,0
8008,0.7248908296943232,-0.8065677455396272,229.0,41559.22907488987,2,0,3,1
8009,0.8461538461538461,-0.23282183204731602,26.0,9079.115384615385,3,1,1,0
8010,0.8636363636363636,2.5518608772838816e-05,22.0,21601.18181818182,3,2,1,0
8012,0.6065573770491803,-0.35718719886208494,61.0,22132.819672131147,1,1,2,0
8018,0.9090909090909091,0.372730128794898,11.0,23596.636363636364,3,2,0,0
8024,0.6771653543307087,0.18789631772218324,127.0,56672.48387096774,1,2,3,2
8030,0.7252747252747253,-0.1503606570310388,91.0,38678.12087912088,2,1,2,1
8035,0.5733333333333334,-1.136029048674292,75.0,54188.90666666667,0,0,2,2
8037,0.5208333333333334,-1.2203996298774402,48.0,23547.541666666668,0,0,2,0
8041,0.6729559748427673,-0.7057551218787717,159.0,44450.03821656051,1,1,3,1
8049,0.6818181818181818,0.6876415148254001,22.0,36910.681818181816,1,3,1,1
8056,0.6612903225806451,-0.704431607586137,62.0,57238.50847457627,1,1,2,2
8059,0.5365853658536586,-1.192631038404895,41.0,23310.525,0,0,1,0
8061,0.7421875,-0.042181213659832545,128.0,52808.624,2,2,3,2
8064,0.41379310344827586,-1.8932797861113417,29.0,30320.96551724138,0,0,1,0
8065,0.6153846153846154,-0.9324283918703555,117.0,85538.14285714286,1,0,3,3
8068,0.75,0.3976838198166683,24.0,70410.41666666667,2,2,1,3
8076,0.6095238095238096,-1.0786745019532114,105.0,56578.53333333333,1,0,2,2
8081,0.34980988593155893,-2.7389090136203302,263.0,33914.67432950192,0,0,3,1
8088,0.4897959183673469,-1.017670577681092,49.0,35126.65306122449,0,0,2,1
8093,0.7727272727272727,0.9687207740369058,132.0,55736.7890625,2,3,3,2
8097,0.5333333333333333,-0.3155560072535659,15.0,24544.14285714286,0,1,1,0
8106,0.6666666666666666,-1.2120349353688114,69.0,25577.333333333332,1,0,2,0
8108,0.8192771084337349,0.09627242822217805,83.0,20063.36144578313,3,2,2,0
8111,0.8088235294117647,0.8302134435216826,68.0,72388.53731343284,2,3,2,3
8112,0.5,-0.9000139932723628,6.0,22802.166666666668,0,0,0,0
8113,0.75,-0.030742875955998658,8.0,66239.42857142857,2,2,0,3
8118,0.6444444444444445,0.33501975275439616,45.0,81383.80952380953,1,2,2,3
8122,0.6902654867256637,-0.5401312277611984,113.0,38713.517857142855,1,1,3,1
8124,0.8288288288288288,0.31710746497174314,111.0,38652.252252252256,3,2,3,1
8130,0.8405797101449275,0.5066208136531748,69.0,58417.52173913043,3,2,2,2
8147,0.6716417910447762,0.5552539212944033,67.0,81688.14516129032,1,2,2,3
8159,0.6,-0.4813762751696117,15.0,42536.4,1,1,1,1
8164,0.875,1.1664227887959504,40.0,51285.97435897436,3,3,1,2
8169,0.900709219858156,0.2353704578355827,141.0,21745.820143884892,3,2,3,0
8173,0.34375,-1.7635593506711036,64.0,23799.46875,0,0,2,0
8174,0.6206896551724138,-0.6311838976635628,29.0,67402.41379310345,1,1,1,3
8183,0.7083333333333334,0.05934023667319889,432.0,32633.768149882904,1,2,3,1
8192,0.7,-1.142026097681527,50.0,19599.54,1,0,2,0
8196,0.6666666666666666,-0.638174839856009,78.0,58353.94594594595,1,1,2,2
8199,0.5573770491803278,-0.501089420457666,61.0,92266.30357142857,0,1,2,3
8203,0.4444444444444444,-2.2417276136220883,9.0,81213.22222222222,0,0,0,3
8207,0.8695652173913043,0.6574380003473052,23.0,33749.82608695652,3,3,1,1
8209,0.8333333333333334,0.6064036261372996,30.0,35617.892857142855,3,3,1,1
8212,0.4,1.270113053649323,10.0,53663.5,0,3,0,2
8221,0.44776119402985076,-0.8215290977243183,67.0,64570.86567164179,0,0,2,3
8223,0.5555555555555556,-0.6877805645741609,27.0,73469.11111111111,0,1,1,3
8226,0.7336956521739131,0.7136367023708887,184.0,61604.563953488374,2,3,3,2
8229,0.6984126984126984,0.3352834311258883,63.0,40581.360655737706,1,2,2,1
8230,0.6666666666666666,-0.6746312152654292,12.0,28535.75,1,1,0,0
8231,0.5833333333333334,-0.5798042798854631,48.0,46862.125,0,1,2,2
8251,0.6237623762376238,0.4339644269778713,101.0,73939.40206185567,1,2,2,3
8256,0.75,0.09888711199596438,12.0,89966.0,2,2,0,3
8259,0.3958333333333333,-1.3647195831993195,48.0,61735.065217391304,0,0,2,2
8266,0.375,-0.9670719530662342,8.0,92726.85714285714,0,0,0,3
8274,0.23076923076923078,-1.5472604074845546,13.0,19071.615384615383,0,0,0,0
8280,0.8307692307692308,0.30853466658296563,130.0,37470.52307692308,3,2,3,1
8285,0.627906976744186,-0.4884478031873294,86.0,59961.53571428572,1,1,2,2
8291,0.6756756756756757,-0.8232931586974944,148.0,61526.2972972973,1,0,3,2
8293,0.7795275590551181,-0.11040089217454412,127.0,35586.18110236221,2,1,3,1
8296,0.8536585365853658,0.33851025582393796,82.0,21505.658536585364,3,2,2,0
8297,0.4293193717277487,-0.5425189652166641,191.0,72228.99462365592,0,1,3,3
8299,0.7766990291262136,-0.48346084406743817,103.0,65832.19801980197,2,1,2,3
8302,0.3959731543624161,-0.4277378135666421,149.0,80098.52777777778,0,1,3,3
8305,0.4444444444444444,-1.0841899855797075,36.0,75107.22857142857,0,0,1,3
8307,0.6338028169014085,-0.04586591433964106,142.0,39659.575539568345,1,2,3,1
8309,0.651685393258427,-0.2654166738487587,89.0,66484.92941176471,1,1,2,3
8312,0.7962962962962963,-0.21528634136172398,54.0,73044.625,2,1,2,3
8314,0.6576576576576577,-0.6825153707952045,111.0,63695.87378640777,1,1,3,3
8317,0.7796610169491526,0.6661034952278277,118.0,51300.5,2,3,3,2
8323,0.6956521739130435,-0.730792546738394,138.0,63792.51145038168,1,0,3,3
8330,0.8252427184466019,0.8731768184932651,103.0,35785.22330097087,3,3,2,1
8332,0.543859649122807,-0.7021674823116688,114.0,53216.429824561405,0,1,3,2
8335,0.40822784810126583,-1.9159236264491974,316.0,57005.881410256414,0,0,3,2
8341,0.8153846153846154,0.7750571281927683,65.0,61240.59016393442,3,3,2,2
8347,0.6814159292035398,-0.051929081812755296,113.0,51039.648148148146,1,2,3,2
8348,0.7346938775510204,-0.34210448918704817,49.0,79000.06521739131,2,1,2,3
8356,0.6041666666666666,-0.9347408804716121,48.0,105428.56097560975,1,0,2,3
8357,0.5897435897435898,-0.5469082018998681,195.0,57640.28795811519,1,1,3,2
8361,0.8716577540106952,1.3139200645053615,187.0,67774.02234636871,3,3,3,3
8362,0.7313432835820896,0.852354562783775,134.0,76811.9921875,2,3,3,3
8364,0.8297872340425532,0.28253456944560285,47.0,90207.32608695653,3,2,2,3
8367,0.7142857142857143,0.07773137666894096,210.0,59411.58706467662,2,2,3,2
8370,0.7807017543859649,0.6768851781713316,228.0,89722.52511415526,2,3,3,3
8381,0.7966101694915254,-0.036447212846869734,59.0,34572.706896551725,2,2,2,1
8382,0.4482758620689655,-0.7909425947832849,29.0,44576.03571428572,0,0,1,1
8383,0.6111111111111112,-0.43266068761129595,18.0,54010.38888888889,1,1,1,2
8396,0.7738095238095238,0.8285595750353693,84.0,68618.24691358025,2,3,2,3
8399,0.6625766871165644,0.2443116294675924,163.0,60372.81290322581,1,2,3,2
8400,0.7804878048780488,0.9554615260898163,246.0,64010.860986547086,2,3,3,3
8403,0.7415730337078652,-0.08128952326674206,89.0,69607.46913580247,2,1,2,3
8404,0.7258064516129032,0.24027415192790177,62.0,58813.58064516129,2,2,2,2
8412,0.5041322314049587,-1.3433855737805216,121.0,43611.91596638656,0,0,3,1
8415,0.7469879518072289,0.5177637741562726,83.0,83726.96,2,2,2,3
8422,0.7741935483870968,0.37985216728303706,93.0,58615.62365591398,2,2,2,2
8424,0.7638888888888888,0.4345142594948539,72.0,88510.33333333333,2,2,2,3
8435,0.7960526315789473,0.4417269010815874,152.0,69482.65986394558,2,2,3,3
8441,0.6923076923076923,-0.703595627321878,26.0,23650.76923076923,1,1,1,0
8443,0.7619047619047619,-0.09520317320853156,63.0,38649.816666666666,2,1,2,1
8455,0.8518518518518519,0.6139800033747694,54.0,50929.92592592593,3,3,2,2
8473,0.6231884057971014,-0.5800165327371185,138.0,46245.97101449275,1,1,3,2
8477,0.4523809523809524,-1.5333480302544467,42.0,26168.571428571428,0,0,1,0
8480,0.625,-1.1103420822646324,176.0,39963.35428571429,1,0,3,1
8486,0.8333333333333334,0.591078387102829,54.0,80972.8679245283,3,3,2,3
8501,0.14814814814814814,-2.8705881079354945,27.0,69134.88888888889,0,0,1,3
8506,0.770949720670391,0.06597672103728575,358.0,33275.138028169014,2,2,3,1
8509,0.5945017182130584,-0.5933784143653082,291.0,86921.1690647482,1,1,3,3
8527,0.5588235294117647,-0.5803403479352546,34.0,86020.65625,0,1,1,3
8543,0.7626262626262627,0.14497366258070282,198.0,49169.131979695434,2,2,3,2
8545,0.7696629213483146,1.2150044886314753,178.0,36555.831460674155,2,3,3,1
8547,0.7290322580645161,0.4199829303971412,155.0,36541.78947368421,2,2,3,1
8550,1.0,4.293648557583475,32.0,48876.4375,3,3,1,2
8553,0.7087378640776699,-0.3601674947641942,103.0,49700.96078431373,1,1,2,2
8554,0.6779661016949152,0.02656541266066404,236.0,57880.841201716736,1,2,3,2
8563,0.609375,-0.7837093685629847,128.0,39281.362204724406,1,0,3,1
8571,0.6504854368932039,-0.6645725253786103,103.0,43889.21568627451,1,1,2,1
8572,0.36231884057971014,-1.1409827188810886,69.0,48397.13432835821,0,0,2,2
8588,0.6782608695652174,-0.24634623941343978,115.0,51680.973913043475,1,1,3,2
8600,0.7484662576687117,0.6763139217855959,163.0,43881.20245398773,2,3,3,1
8601,0.9215686274509803,1.4874598437550068,51.0,49738.666666666664,3,3,2,2
8605,0.42857142857142855,-2.0034528173616626,224.0,15684.781818181818,0,0,3,0
8610,0.7151162790697675,0.49112563041658824,172.0,67604.35928143712,2,2,3,3
8616,0.6790393013100436,-0.35469864788174105,458.0,48883.54897494305,1,1,3,2
8624,0.49295774647887325,-1.0883989522706075,71.0,34523.77142857143,0,0,2,1
8626,0.746031746031746,-0.07199697084992521,63.0,44114.04918032787,2,1,2,1
8628,0.7288135593220338,-0.045602362655464156,59.0,27680.237288135595,2,2,2,0
8630,0.9150326797385621,2.6019682827545423,153.0,59191.046357615895,3,3,3,2
8637,0.6310160427807486,-0.15528712703707764,187.0,46863.021505376346,1,1,3,2
8639,0.6050420168067226,-0.181762358881385,119.0,42542.899159663866,1,1,3,1
8642,0.8928571428571429,1.2580746977903556,84.0,56325.31707317073,3,3,2,2
8647,0.47337278106508873,-0.8644281822692013,169.0,29096.359281437126,0,0,3,0
8653,0.7628205128205128,0.4999678995500543,156.0,54844.8322147651,2,2,3,2
8660,0.3829787234042553,-1.7755199614477317,47.0,30695.608695652172,0,0,2,0
8670,0.5582089552238806,-1.0889072071069106,335.0,41275.486153846156,0,0,3,1
8672,0.8149466192170819,0.4471869659170733,281.0,64315.148014440434,3,2,3,3
8673,0.8378378378378378,1.0395445753642978,333.0,75821.86419753087,3,3,3,3
8676,0.9134199134199135,1.7218284911183563,231.0,21356.30735930736,3,3,3,0
8678,0.7653061224489796,-0.13440763912984938,98.0,38297.58762886598,2,1,2,1
8690,0.7,0.3270664678041603,100.0,72468.05154639175,1,2,2,3
8691,0.76,1.0296662047029062,100.0,55129.145833333336,2,3,2,2
8693,0.6590909090909091,-0.541389569828719,44.0,42572.20930232558,1,1,2,1
8694,0.5730337078651685,-0.31208566189650294,89.0,49190.62790697674,0,1,2,2
8699,0.5833333333333334,-0.5253797135073217,12.0,60992.833333333336,0,1,0,2
8707,0.48333333333333334,-1.5804740542452096,60.0,10054.033898305084,0,0,2,0
8708,0.8604651162790697,1.2454002663264436,43.0,14393.976744186046,3,3,2,0
8711,0.8928571428571429,0.3985142736367401,56.0,25689.21818181818,3,2,2,0
8714,0.8382352941176471,0.11198165656446879,68.0,59833.92647058824,3,2,2,2
8720,0.375,-0.7134824681320714,8.0,67046.28571428571,0,1,0,3
8727,0.5335820895522388,-1.111653786135471,268.0,29649.87924528302,0,0,3,0
8732,0.6666666666666666,-0.5594425720478484,129.0,23775.0859375,1,1,3,0
8733,0.6493506493506493,-0.1506744971599537,154.0,34232.317880794704,1,1,3,1
8736,0.5379310344827586,-0.8848159540595067,145.0,27728.9375,0,0,3,0
8744,0.6984126984126984,-0.3868409962731315,63.0,62033.75409836065,1,1,2,2
8747,0.792507204610951,1.1651113891486387,347.0,50417.1223880597,2,3,3,2
8750,0.6052631578947368,-0.868748821334762,114.0,39895.734513274336,1,0,3,1
8754,0.7931034482758621,0.20381654141397856,58.0,28374.741379310344,2,2,2,0
8762,0.5772357723577236,-0.3645663022307857,123.0,57448.66379310345,0,1,3,2
8769,0.7155963302752294,-0.05578915067694747,109.0,51846.74509803922,2,2,2,2
8785,0.6378378378378379,0.7822848897664306,185.0,68208.32044198895,1,3,3,3
8788,0.6890756302521008,-0.6186570434446197,357.0,52391.90677966102,1,1,3,2
8791,0.8256880733944955,1.0047268173271813,109.0,53539.25,3,3,2,2
8798,0.7157894736842105,1.1958116641823182,95.0,76835.4623655914,2,3,2,3
8800,0.6666666666666666,-0.028892645161223873,45.0,44687.444444444445,1,2,2,1
8806,0.5727272727272728,-0.5835759564866627,220.0,44456.03196347032,0,1,3,1
8808,0.7319587628865979,-0.0483955264808062,97.0,75217.14893617021,2,2,2,3
8809,0.7192982456140351,0.7858532113140214,57.0,80318.11320754717,2,3,2,3
8812,0.7878787878787878,1.2001784043744355,132.0,57410.83720930233,2,3,3,2
8813,0.7317073170731707,0.7872687346246208,123.0,53076.85950413223,2,3,3,2
8818,0.6981132075471698,-0.4408993882666433,212.0,39105.171428571426,1,1,3,1
8827,0.775,0.32500506778760613,40.0,30399.55,2,2,1,0
8840,0.6416666666666667,-0.34304809002167386,120.0,42527.706896551725,1,1,3,1
8843,0.7804878048780488,0.6431488814910664,205.0,34374.30882352941,2,3,3,1
8848,0.6216216216216216,-1.1639657131315602,148.0,34862.244897959186,1,0,3,1
8850,0.688034188034188,0.4589034141920262,234.0,40228.93991416309,1,2,3,1
8851,0.8023255813953488,0.6232966438173471,258.0,35403.56031128405,2,3,3,1
8865,0.75,0.768359262222359,112.0,66170.3644859813,2,3,3,3
8871,0.68,0.5989528390140568,75.0,62458.74285714285,1,3,2,2
8885,0.706140350877193,0.16376075988058186,228.0,58699.52830188679,1,2,3,2
8888,0.65,0.17870886738275948,80.0,65940.06493506493,1,2,2,3
8890,0.6708860759493671,-0.24577064494204842,79.0,41522.53164556962,1,1,2,1
8906,0.9333333333333333,0.7382310682773796,15.0,55384.53333333333,3,3,1,2
8914,0.8051948051948052,0.5686220351367892,308.0,43821.66336633663,2,2,3,1
8916,0.7241379310344828,0.8961959496005074,58.0,67799.87931034483,2,3,2,3
8918,0.8430493273542601,0.765927995558846,223.0,35433.39631336406,3,3,3,1
8923,0.75,1.068441935770864,44.0,72520.04651162791,2,3,2,3
8929,0.5432098765432098,-1.8349368957998595,81.0,65036.94805194805,0,0,2,3
8939,0.2222222222222222,-1.3591484419872404,9.0,30950.555555555555,0,0,0,0
8944,0.7070707070707071,-0.24128017364502352,99.0,67368.3125,1,1,2,3
8947,0.8947368421052632,1.0347510395350035,38.0,26937.78947368421,3,3,1,0
8948,0.632398753894081,-0.7815341889477094,321.0,49465.42857142857,1,0,3,2
8949,0.7880434782608695,0.18904779803701727,368.0,48112.12637362637,2,2,3,2
8950,0.5723684210526315,-0.6351734598360113,152.0,24553.72847682119,0,1,3,0
8958,0.6428571428571429,-0.9021623286096332,14.0,18075.785714285714,1,0,0,0
8964,0.6909090909090909,-0.47463215805215997,165.0,46363.00617283951,1,1,3,2
8967,0.8461538461538461,0.18542491924250107,78.0,53699.53947368421,3,2,2,2
8971,0.6930379746835443,0.8247794535967868,316.0,66310.59415584416,1,3,3,3
8976,0.6785714285714286,-0.029071579753773363,56.0,52128.38888888889,1,2,2,2
8979,0.8518518518518519,1.1305754636655978,27.0,83853.61538461539,3,3,1,3
8985,0.667574931880109,-0.9254029765928569,367.0,57272.79369627507,1,0,3,2
8989,0.6883116883116883,-0.11124942490143852,77.0,44699.77922077922,1,1,2,1
8992,0.6428571428571429,-0.7400186809099196,56.0,55327.375,1,0,2,2
8995,0.782258064516129,0.010740697155333375,124.0,32421.975409836065,2,2,3,1
9009,0.9044117647058824,1.0127968274219747,136.0,63436.528,3,3,3,3
9014,0.6923076923076923,-0.02897061523208973,52.0,25934.69230769231,1,2,2,0
9015,0.5185185185185185,-0.9630345538826066,54.0,29725.24074074074,0,0,2,0
9017,0.7799043062200957,0.2772771791873602,209.0,52227.87,2,2,3,2
9018,0.6972477064220184,0.07079674523926087,109.0,77580.62745098039,1,2,2,3
9031,0.776,0.22779537663768673,125.0,52946.792,2,2,3,2
9035,0.8173913043478261,0.8714554283813901,115.0,55373.921739130434,3,3,3,2
9036,0.6906474820143885,-0.5854103433773441,139.0,49039.619402985074,1,1,3,2
9041,0.6344086021505376,-0.775506548056541,93.0,58448.10752688172,1,0,2,2
9044,0.8202614379084967,0.3613644000599985,306.0,47004.38870431894,3,2,3,2
9051,0.6748166259168704,-0.011013340625980144,409.0,24243.611793611795,1,2,3,0
9058,0.6833333333333333,-0.848517354868536,60.0,44667.01724137931,1,0,2,1
9060,0.876984126984127,0.9853999717469601,252.0,29333.916334661353,3,3,3,0
9062,0.659217877094972,-0.6738410597676691,179.0,52053.33139534884,1,1,3,2
9064,0.7525773195876289,-0.1825512069253183,97.0,46709.73684210526,2,1,2,2
9066,0.7307692307692307,-0.5776682994408705,52.0,21898.55769230769,2,1,2,0
9069,0.7244094488188977,-0.17453954882187195,254.0,44077.1124497992,2,1,3,1
9080,0.9221556886227545,0.813915311475864,167.0,61786.05487804878,3,3,3,2
9085,0.861904761904762,0.4928164979611953,210.0,22560.697115384617,3,2,3,0
9086,0.4,-1.6421514579498426,55.0,58634.51851851852,0,0,2,2
9089,0.9318181818181818,1.5783024573089008,44.0,31118.214285714286,3,3,2,0
9092,0.5188679245283019,-1.1648826584881096,106.0,46048.26666666667,0,0,2,2
9093,0.325,-3.0668717270371677,40.0,37530.2,0,0,1,1
9097,0.7120253164556962,-0.2987758275084921,316.0,48616.221153846156,1,1,3,2
9102,0.39215686274509803,-2.16734816258069,102.0,17456.247524752474,0,0,2,0
9105,0.776595744680851,-0.1507371660593034,94.0,47234.913043478264,2,1,2,2
9106,0.5,-1.4241262768079768,38.0,52881.18918918919,0,0,1,2
9107,0.6666666666666666,0.17201286643417182,69.0,76094.9104477612,1,2,2,3
9115,0.6505376344086021,-0.34172458843973763,372.0,41632.497126436785,1,1,3,1
9118,0.6339285714285714,-1.0443703950967205,112.0,31429.754545454547,1,0,3,0
9120,0.6226415094339622,-0.6286994237003665,53.0,38642.54716981132,1,1,2,1
9121,0.673352435530086,-0.5938228493697184,349.0,36700.70930232558,1,1,3,1
9125,0.6052631578947368,-0.2577812230453814,38.0,51122.34210526316,1,1,1,2
9133,0.8666666666666667,0.37064608914769764,15.0,18277.266666666666,3,2,1,0
9138,0.8214285714285714,0.6935111716927204,56.0,50205.482142857145,3,3,2,2
9149,0.5246305418719212,-1.6310612478818725,406.0,61293.253132832084,0,0,3,2
9167,0.5227272727272727,-1.9037574022057702,44.0,31037.116279069767,0,0,2,0
9169,0.6862745098039216,-0.0905684451864248,204.0,28987.14285714286,1,1,3,0
9170,0.6352201257861635,-0.39286026679519453,159.0,55592.78064516129,1,1,3,2
9178,0.5858433734939759,-1.1761471021343561,664.0,42607.80060882801,1,0,3,1
9179,0.5238095238095238,-1.9235664401895247,42.0,25406.95238095238,0,0,1,0
9183,0.7878787878787878,-0.1530922219685635,99.0,40206.69387755102,2,1,2,1
9191,0.5794871794871795,-0.9972998158947934,195.0,45163.78238341969,0,0,3,1
9193,0.7058823529411765,-0.576210817756884,17.0,70244.64705882352,1,1,1,3
9194,0.4915254237288136,-2.096166523545989,118.0,30742.956896551725,0,0,3,0
9196,0.7069767441860465,-0.3323203576031221,215.0,51773.301886792455,1,1,3,2
9199,0.21875,-2.2915855154270117,160.0,41360.08280254777,0,0,3,1
9200,0.9215686274509803,2.3322041629843064,51.0,22473.254901960783,3,3,2,0
9210,0.69,-0.2456400518926658,300.0,47381.90784982935,1,1,3,2
9218,0.5333333333333333,-1.1090072001691076,30.0,71464.22222222222,0,0,1,3
9226,0.56,0.37845734521755325,25.0,17792.12,0,2,1,0
9227,0.5,-1.7143869382980597,26.0,37002.57692307692,0,0,1,1
9246,0.2857142857142857,-0.7772595869623892,7.0,139657.33333333334,0,0,0,3
9267,0.7777777777777778,-0.003120465812648196,9.0,68877.88888888889,2,2,0,3
9274,0.8148148148148148,1.0094426646365964,54.0,31415.462962962964,3,3,2,0
9277,0.656,-0.6540767490619293,125.0,69710.43697478992,1,1,3,3
9289,0.8043478260869565,0.13097366557834422,276.0,39458.87272727273,2,2,3,1
9291,0.39285714285714285,-1.4731899971232345,56.0,36445.163636363635,0,0,2,1
9292,0.697508896797153,-0.10542622403909149,281.0,27945.58064516129,1,1,3,0
9296,0.6885245901639344,-0.27145421913293877,122.0,38072.239669421484,1,1,3,1
9299,0.5872093023255814,-1.0979154206068187,344.0,29950.94674556213,1,0,3,0
9300,0.6737160120845922,-0.6054310300552259,331.0,31971.924471299095,1,1,3,1
9301,0.5833333333333334,-0.8060874170058981,36.0,16657.472222222223,0,0,1,0
9302,0.6666666666666666,-0.5637878656716102,60.0,25390.86440677966,1,1,2,0
9308,0.75,-0.38568380214416087,40.0,25267.925,2,1,1,0
9313,0.3333333333333333,-1.3583436928697326,6.0,70050.4,0,0,0,3
9327,0.8275862068965517,-0.29707602967279384,87.0,22081.540229885057,3,1,2,0
9328,0.45161290322580644,-1.215670159911134,31.0,35291.967741935485,0,0,1,1
9338,0.8846153846153846,1.072051591207801,78.0,53865.30263157895,3,3,2,2
9341,0.7899159663865546,0.1526340850582585,357.0,60837.19653179191,2,2,3,2
9342,0.6947368421052632,-0.6882033975746978,95.0,56734.71578947368,1,1,2,2
9344,0.8824884792626728,0.7925694193447724,434.0,50203.195804195806,3,3,3,2
9351,0.8732394366197183,1.0126822830733622,71.0,40645.30434782609,3,3,2,1
9355,0.7727272727272727,-0.15961776311626721,66.0,41680.096774193546,2,1,2,1
9358,0.65625,-0.8662509820049191,128.0,50548.67741935484,1,0,3,2
9364,0.9452054794520548,1.8953072593780746,73.0,51992.97260273973,3,3,2,2
9382,0.8205128205128205,-0.16882253193782049,156.0,80420.67763157895,3,1,3,3
9388,0.5903614457831325,-0.7357759183060019,83.0,25031.24096385542,1,0,2,0
9397,0.7727272727272727,0.24808173519728335,22.0,72762.18181818182,2,2,1,3
9398,0.7704918032786885,0.30285235239665453,61.0,82299.5,2,2,2,3
9403,0.8736842105263158,0.5651973958729606,95.0,64341.49462365591,3,2,2,3
9404,0.9113924050632911,0.6097112735271657,79.0,61421.36708860759,3,3,2,2
9411,0.6629213483146067,-0.6070731030022515,89.0,45008.920454545456,1,1,2,1
9417,0.7073170731707317,-0.37770373972350957,82.0,49446.91358024691,1,1,2,2
9421,0.7586206896551724,0.8032416018740567,145.0,55016.444444444445,2,3,3,2
9423,0.7,-0.3510866591628628,80.0,46347.75,1,1,2,2
9439,0.8867924528301887,0.497573405165664,53.0,57283.519230769234,3,2,2,2
9446,0.5645714285714286,-0.5397245909937323,875.0,33788.00461361015,0,1,3,1
9452,0.7142857142857143,-0.45043649635112726,70.0,63176.08823529412,2,1,2,3
9453,0.8193146417445483,0.6069954568876594,321.0,52333.815873015876,3,3,3,2
9456,0.7066666666666667,-0.24762827619141148,75.0,86459.94444444444,1,1,2,3
9461,0.8604651162790697,0.6428038225953128,43.0,15170.046511627907,3,3,2,0
9469,0.7769230769230769,-0.03398422972193101,130.0,43429.19379844961,2,2,3,1
9477,0.9347826086956522,1.442665188552859,92.0,26103.82608695652,3,3,2,0
9485,0.6176470588235294,-0.600070945799252,34.0,28707.323529411766,1,1,1,0
9486,0.5454545454545454,-0.4545378626121114,66.0,70156.54098360655,0,1,2,3
9489,0.5950413223140496,-0.7525759084646995,121.0,34775.49166666667,1,0,3,1
9494,0.8061674008810573,1.1851005563292423,227.0,59197.40178571428,2,3,3,2
9508,0.5157894736842106,-0.4597221230219035,95.0,63881.89361702128,0,1,2,3
9512,0.8860759493670886,0.6684590588931021,79.0,32110.80769230769,3,3,2,1
9515,0.6480938416422287,-0.5456762036343622,341.0,33957.84411764706,1,1,3,1
9516,0.0,-3.1268750467973807,4.0,72435.25,0,0,0,3
9517,0.7405660377358491,-0.054234213592386823,212.0,20940.849056603773,2,2,3,0
9533,0.76,0.3284336037694119,25.0,21496.72,2,2,1,0
9547,0.23076923076923078,-2.4374136719546216,26.0,34455.88461538462,0,0,1,1
9560,0.7630057803468208,0.19674555999544863,173.0,38067.45086705202,2,2,3,1
9564,0.7777777777777778,-0.09344335186188509,54.0,24979.87037037037,2,1,2,0
9577,0.717948717948718,-0.31261101664984836,39.0,78338.51282051283,2,1,1,3
9585,0.8333333333333334,0.47603765534682585,6.0,107550.66666666667,3,2,0,3
9592,1.0,1.8616991792647097,3.0,36544.666666666664,3,3,0,1
9594,0.75,1.0857743250567065,20.0,51018.4,2,3,1,2
9596,0.7709923664122137,-0.3782431688501891,131.0,37317.16923076923,2,1,3,1
9600,0.7692307692307693,-0.7927225073699904,26.0,20229.96153846154,2,0,1,0
9609,0.7266187050359713,-0.10869591724124103,139.0,79766.69230769231,2,1,3,3
9615,0.6190476190476191,0.32869899805467273,21.0,36874.95238095238,1,2,1,1
9620,0.9523809523809523,2.8221110803594143,21.0,69577.19047619047,3,3,1,3
9635,0.9545454545454546,1.6937426162427918,66.0,68183.69230769231,3,3,2,3
9639,0.7959183673469388,0.7072488585882435,98.0,55510.072916666664,2,3,2,2
9643,0.5454545454545454,-0.91598809094996,22.0,59434.318181818184,0,0,1,2
9644,0.8,0.755492913955801,20.0,68303.85,2,3,1,3
9645,0.625,-0.35668712142614817,8.0,74837.0,1,1,0,3
9649,0.5436893203883495,-0.49432988784960885,103.0,60383.11111111111,0,1,2,2
9653,0.4473684210526316,-1.5951369842436225,38.0,18001.78947368421,0,0,1,0
9656,0.6666666666666666,-0.5835393255421931,9.0,101935.33333333333,1,1,0,3
9657,0.6041666666666666,-1.8397929706442888,48.0,31694.333333333332,1,0,2,0
9661,0.5882352941176471,1.075801061785876,17.0,132760.26666666666,1,3,1,3
9682,0.631578947368421,-0.7404563505480524,19.0,30713.166666666668,1,0,1,0
9687,0.21052631578947367,-2.059060543248275,38.0,49640.05263157895,0,0,1,2
9693,1.0,3.1914843073109314,9.0,36847.88888888889,3,3,0,1
9699,0.8108108108108109,0.5069832881694254,37.0,83863.54285714286,2,2,1,3
9700,0.10810810810810811,-3.5110715607908665,37.0,40609.52777777778,0,0,1,1
9702,0.5638766519823789,-0.8175417371708673,227.0,39704.69469026549,0,0,3,1
9704,0.7424242424242424,-0.23668070839834443,66.0,35098.07575757576,2,1,2,1
9706,0.8660287081339713,1.1426910204644585,209.0,42929.995192307695,3,3,3,1
9710,0.3220338983050847,-2.6245779969978864,59.0,16986.758620689656,0,0,2,0
9715,0.8823529411764706,0.9927182320163637,17.0,54147.470588235294,3,3,1,2
9718,0.7413793103448276,0.49720441779347485,58.0,34319.724137931036,2,2,2,1
9720,0.5555555555555556,-0.20118304963152614,9.0,71782.88888888889,0,1,0,3
9724,0.7333333333333333,-0.1452297777611247,30.0,61417.333333333336,2,1,1,2
9727,0.7,-1.2125534167306435,20.0,46200.8,1,0,1,2
9733,1.0,4.732543708037393,102.0,7206.333333333333,3,3,2,0
9735,0.7538461538461538,0.6529711676844814,65.0,68489.11111111111,2,3,2,3
9745,0.2345679012345679,-2.2884271838518564,81.0,50509.05194805195,0,0,2,2
9749,0.9534883720930233,1.8305538394317133,43.0,68736.53658536586,3,3,2,3
9753,0.8235294117647058,1.271738406566946,17.0,98779.2,3,3,1,3
9755,0.96,1.9799509542797804,25.0,31420.8,3,3,1,0
9759,0.75,0.663694299619806,12.0,36389.083333333336,2,3,0,1
9761,0.7424242424242424,0.16707356598059594,66.0,92507.61538461539,2,2,2,3
9763,0.6666666666666666,0.24562032126082275,3.0,184045.0,1,2,0,3
9766,0.7142857142857143,0.13630193057076875,21.0,82087.09523809524,2,2,1,3
9768,0.7941176470588235,0.4561168942548558,68.0,39091.28358208955,2,2,2,1
9769,0.3673469387755102,-1.1263503473503877,49.0,98481.25531914894,0,0,2,3
9776,0.7857142857142857,1.1924730376431907,56.0,44360.08928571428,2,3,2,1
9786,0.4166666666666667,-0.7013857824003026,12.0,10953.833333333334,0,1,0,0
9787,0.6792452830188679,-0.2762730604722875,106.0,37830.171428571426,1,1,2,1
9792,0.5902777777777778,0.5622695951050581,144.0,75476.08450704225,1,2,3,3
9795,0.7218934911242604,0.30533023933072145,169.0,75357.15,2,2,3,3
9804,0.7938144329896907,0.7604810201262586,97.0,79403.39285714286,2,3,2,3
9806,0.65625,-0.1636848139671784,96.0,34549.563829787236,1,1,2,1
9812,0.3404255319148936,-2.0081239772563166,47.0,73996.02272727272,0,0,2,3
9815,0.10810810810810811,-3.6207964432194792,37.0,37460.416666666664,0,0,1,1
9817,0.3333333333333333,-1.9309025904928763,69.0,37258.23529411765,0,0,2,1
9826,0.5040650406504065,-0.3592068510560222,123.0,63895.06956521739,0,1,3,3
9831,0.6171875,-0.8134605729823308,128.0,71418.18487394958,1,0,3,3
9832,0.84,0.28346911147602083,125.0,22527.177419354837,3,2,3,0
9842,0.6153846153846154,-0.21090370055212157,13.0,68411.0,1,1,0,3
9844,0.77,-0.12997328730697297,100.0,45569.12,2,1,2,1
9845,0.8165137614678899,0.17269752916628556,109.0,36974.48623853211,3,2,2,1
9849,0.29896907216494845,-1.2802412384313957,97.0,67385.7032967033,0,0,2,3
9855,0.7466666666666667,1.191791676316107,75.0,108063.01587301587,2,3,2,3
9859,0.8985507246376812,0.7067623976205806,69.0,49868.24637681159,3,3,2,2
9861,0.6197183098591549,-0.249899845634336,142.0,39791.27142857143,1,1,3,1
9867,0.7636363636363637,0.6138976355451365,110.0,55546.5871559633,2,3,3,2
9871,0.8072289156626506,0.05837825290562134,83.0,69013.91139240506,2,2,2,3
9875,0.7058823529411765,0.4085024502284597,17.0,43635.470588235294,1,2,1,1
9877,0.425531914893617,-0.5255466743323806,47.0,59312.75555555556,0,1,2,2
9878,0.5,0.025142354127800158,22.0,92991.35,0,2,1,3
9887,0.8888888888888888,1.5213897590336902,18.0,40124.61111111111,3,3,1,1
9893,0.803921568627451,0.18673299491040518,51.0,67628.35294117648,2,2,2,3
9896,0.7788461538461539,0.7566717958038051,104.0,43658.34951456311,2,3,2,1
9904,0.5372340425531915,-0.3545607481244271,188.0,54758.362162162164,0,1,3,2
9908,0.7535211267605634,0.472847862070369,142.0,55700.65,2,2,3,2
9916,0.6,-1.4793540500951559,10.0,7925.0,1,0,0,0
9918,0.6666666666666666,-0.8435472370330029,27.0,22756.40740740741,1,0,1,0
9927,0.8214285714285714,0.5225904075137127,56.0,25153.535714285714,3,2,2,0
9939,0.8,-0.17184181179971159,30.0,33574.76666666667,2,1,1,1
9946,0.7454545454545455,-0.1090218678322684,55.0,46392.163636363635,2,1,2,2
9947,0.8775510204081632,0.7742833524240454,49.0,56151.795918367345,3,3,2,2
9952,0.6746031746031746,0.2853327741142645,126.0,49106.2868852459,1,2,3,2
9956,0.8979591836734694,0.8333294377327515,49.0,61552.28571428572,3,3,2,2
9958,0.44,-0.38876873290206754,25.0,75106.625,0,1,1,3
9960,0.9565217391304348,1.7948586649986626,46.0,93537.26086956522,3,3,2,3
9962,0.6633663366336634,1.1695910904438933,101.0,120211.64130434782,1,3,2,3
9967,0.1,-1.54562428516613,10.0,28854.222222222223,0,0,0,0
9969,0.7836538461538461,0.6208676735059473,208.0,69386.02061855671,2,3,3,3
9976,0.7634408602150538,0.15100522486760032,93.0,60455.61111111111,2,2,2,2
9978,0.9014084507042254,1.0476555585195901,71.0,46078.98591549296,3,3,2,2
9982,0.5357142857142857,-0.14048561372970209,56.0,86075.59615384616,0,1,2,3
9987,0.75,0.2571808160245269,12.0,44636.166666666664,2,2,0,1
9991,0.6774193548387096,-0.760233240076742,62.0,66017.37288135593,1,0,2,3
10006,0.6511627906976745,0.317649846350984,43.0,59672.153846153844,1,2,2,2
10007,0.5625,-0.8643656124843642,16.0,64279.0,0,0,1,3
10009,0.5,-0.38646951945939223,12.0,44790.5,0,1,0,1
10014,0.8006329113924051,0.5690859821163273,316.0,36255.885714285716,2,2,3,1
10015,0.7394957983193278,0.4770342342684132,119.0,59531.139130434785,2,2,3,2
10016,0.8392857142857143,1.501112001561556,56.0,57428.781818181815,3,3,2,2
10020,0.8203883495145631,0.6095313946056258,206.0,54670.14356435643,3,3,3,2
10027,0.7922705314009661,0.42045935103861937,207.0,46449.75742574257,2,2,3,2
10028,0.8761904761904762,1.4809388178435414,210.0,40443.52173913043,3,3,3,1
10030,0.6842105263157895,0.36946833506910187,190.0,66412.29378531073,1,2,3,3
10031,0.5339805825242718,-1.1425190927818136,103.0,22986.138613861385,0,0,2,0
10032,0.0,-3.1268750467973807,4.0,13671.75,0,0,0,0
10039,0.4044943820224719,-0.850543211044571,89.0,98264.28735632185,0,0,2,3
10049,0.8170731707317073,0.5745613472890515,82.0,30588.585365853658,3,2,2,0
10050,0.8389261744966443,0.9635291120278654,149.0,75019.78472222222,3,3,3,3
10053,0.5745454545454546,-1.0451545240569167,550.0,25392.76286764706,0,0,3,0
10071,0.5611510791366906,-0.42246221472255024,139.0,58824.840579710144,0,1,3,2
10075,0.6783216783216783,0.014433445694022688,143.0,44011.68115942029,1,2,3,1
10078,0.7848101265822784,0.32158249789118415,79.0,24620.0,2,2,2,0
10080,0.8082191780821918,0.6114200691395433,146.0,62342.692307692305,2,3,3,2
10095,0.5405405405405406,-1.2017815944040393,37.0,45416.77142857143,0,0,1,1
10096,0.7586206896551724,0.4537998848319076,87.0,38095.348837209305,2,2,2,1
10102,0.8791208791208791,0.9595302457113913,273.0,37867.66176470588,3,3,3,1
10116,0.92,1.3082511083096005,50.0,36713.38,3,3,2,1
10118,0.7314814814814815,0.044402788363148225,108.0,53404.49056603773,2,2,2,2
10120,0.69,-0.23550597908672669,100.0,42044.50505050505,1,1,2,1
10133,0.6964285714285714,0.6689297570381545,56.0,51795.37037037037,1,3,2,2
10134,0.8602941176470589,1.0018873344314476,136.0,40765.69852941176,3,3,3,1
10136,0.8349514563106796,1.0280598530412297,103.0,43391.8932038835,3,3,2,1
10137,0.56,-0.9758026494044224,25.0,10314.12,0,0,1,0
10143,0.7226890756302521,-0.23682343585728627,119.0,65782.11403508772,2,1,3,3
10152,0.5773195876288659,-0.4494992647762867,97.0,59678.020833333336,0,1,2,2
10154,0.6511627906976745,0.2370157654174651,86.0,41347.72619047619,1,2,2,1
10168,0.7833333333333333,-0.4100820740872623,60.0,27943.01694915254,2,1,2,0
10177,0.8466666666666667,1.4772756831325686,150.0,14541.38,3,3,3,0
10178,0.6439393939393939,-0.14612463590697197,132.0,29102.84251968504,1,1,3,0
10179,0.4342105263157895,-1.5292218648179376,76.0,29071.466666666667,0,0,2,0
10182,0.6601307189542484,-0.13331077097598407,153.0,16436.196078431374,1,1,3,0
10194,0.4153846153846154,-2.1064138052054733,65.0,27698.446153846155,0,0,2,0
10204,0.6526946107784432,-0.4728123836610169,167.0,47423.218181818185,1,1,3,2
10216,0.8571428571428571,0.38926774437727485,56.0,36683.21428571428,3,2,2,1
10226,0.5217391304347826,-0.35930891638931317,23.0,52612.47826086957,0,1,1,2
10232,0.7333333333333333,0.3714851569446522,150.0,32866.12751677852,2,2,3,1
10236,0.8152173913043478,0.955508627546487,92.0,38308.79120879121,3,3,2,1
10237,0.753968253968254,0.38100534894657223,126.0,27997.272,2,2,3,0
10241,0.6229508196721312,-0.2528346630557461,122.0,41567.98333333333,1,1,3,1
10243,0.6825396825396826,0.539481611399791,189.0,39982.44385026738,1,2,3,1
10245,0.6984126984126984,-0.5422145849288034,63.0,22237.650793650795,1,1,2,0
10249,0.7666666666666667,0.8399973060852993,30.0,55479.5,2,3,1,2
10263,0.7692307692307693,0.5261494294716522,52.0,100968.53333333334,2,2,2,3
10267,0.5157232704402516,-1.3427697441466764,159.0,57855.41025641026,0,0,3,2
10268,0.5714285714285714,-1.0921713942516829,7.0,109013.71428571429,0,0,0,3
10273,0.8015873015873016,1.5799388622280681,126.0,35403.380952380954,2,3,3,1
10278,0.7037037037037037,-0.5250238299149975,54.0,76184.17647058824,1,1,2,3
10279,0.875,0.0205428189745555,8.0,27109.0,3,2,0,0
10280,0.7424242424242424,-0.16047882745134298,66.0,40036.34848484849,2,1,2,1
10281,0.8333333333333334,1.6007647974632269,42.0,34040.70731707317,3,3,1,1
10283,0.5925925925925926,-0.7110082049791306,54.0,49064.4,1,1,2,2
10284,0.42857142857142855,-1.7117748845792744,154.0,28031.353741496598,0,0,3,0
10290,0.7294117647058823,0.09747178942845304,85.0,36311.59756097561,2,2,2,1
10293,0.8409785932721713,1.1799556444016654,327.0,43395.45987654321,3,3,3,1
10296,0.6388888888888888,-0.4141638272832917,72.0,78917.0,1,1,2,3
10300,0.9130434782608695,0.6380620488890449,23.0,15340.95652173913,3,3,1,0
10301,0.7819905213270142,-0.08911561906260017,211.0,46048.18932038835,2,1,3,2
10302,0.8239700374531835,0.6109937099228704,267.0,51578.65779467681,3,3,3,2
10313,0.46511627906976744,-1.0049749383911557,43.0,63075.28571428572,0,0,2,3
10343,0.8776595744680851,0.736997745295556,188.0,57025.211956521736,3,3,3,2
10347,0.723404255319149,-0.4033661582496456,47.0,60074.282608695656,2,1,2,2
10348,0.7307692307692307,-0.7339387313241031,52.0,58436.28,2,0,2,2
10350,0.673469387755102,-1.0062813013506169,49.0,41493.795918367345,1,0,2,1
10369,0.875,1.1559973353615747,24.0,41601.333333333336,3,3,1,1
10387,0.5932203389830508,-1.2475005243364778,118.0,43894.89655172414,1,0,3,1
10394,0.6086956521739131,-0.3748266836547583,46.0,29521.08695652174,1,1,2,0
10397,0.5681818181818182,-0.9132295822780544,176.0,68574.14705882352,0,0,3,3
10398,0.9696969696969697,1.365686193156965,33.0,22822.272727272728,3,3,1,0
10399,0.7284768211920529,0.011357495878824241,151.0,63430.16,2,2,3,3
10401,0.8467741935483871,0.06581369152350164,124.0,75949.47933884297,3,2,3,3
10403,0.6,-0.6026163762260462,10.0,55273.1,1,1,0,2
10406,0.6869565217391305,-0.4765865874205493,115.0,44783.02631578947,1,1,3,1
10408,0.8245614035087719,0.1652378935950825,114.0,98738.12962962964,3,2,3,3
10421,0.4375,-0.8965350070355957,16.0,19706.8125,0,0,1,0
10439,0.676923076923077,-0.7365433038968024,65.0,45682.793650793654,1,0,2,1
10451,0.5594202898550724,-1.2623237235628597,690.0,57431.631498470946,0,0,3,2
10468,0.7206703910614525,-0.3705778312054807,179.0,47312.00564971752,2,1,3,2
10472,0.8787878787878788,0.7737905759789266,33.0,46262.393939393936,3,3,1,2
10474,0.8376068376068376,0.5347416868098245,117.0,41869.82905982906,3,2,3,1
10475,0.37423312883435583,-1.6057274672918178,163.0,71400.7610062893,0,0,3,3
10479,0.9333333333333333,1.09630707141234,15.0,24321.6,3,3,1,0
10484,0.6149068322981367,-0.7311784391162538,161.0,48128.56050955414,1,0,3,2
10489,0.48936170212765956,-0.5393633178589524,47.0,30945.36170212766,0,1,2,0
10490,0.3902439024390244,-0.6816061377192288,41.0,29218.0,0,1,1,0
10495,0.7439024390243902,0.4415806922188084,82.0,56119.45,2,2,2,2
10496,0.6491228070175439,-0.2948298087794027,228.0,38900.92792792793,1,1,3,1
10506,0.6222222222222222,-1.096025149769484,135.0,28317.162962962964,1,0,3,0
10511,0.7135416666666666,-0.7651972483753613,384.0,36545.526455026455,2,0,3,1
10517,0.9555555555555556,2.061648971282701,45.0,34994.2,3,3,2,1
10518,0.75,-0.676428949715006,8.0,65421.375,2,1,0,3
10524,0.7014218009478673,-0.4212739129414225,211.0,43654.04854368932,1,1,3,1
10526,0.48214285714285715,-1.5080916176141275,56.0,40861.53703703704,0,0,2,1
10529,0.7073170731707317,-0.6222520418363663,41.0,45902.6,1,1,1,2
10535,0.4727272727272727,-1.1260727223923839,55.0,54556.0,0,0,2,2
10552,0.6482758620689655,-0.6206463879362025,145.0,44899.680555555555,1,1,3,1
10556,0.8,-0.12616559214473996,40.0,21795.1,2,1,1,0
10557,0.6545454545454545,-0.39902442192401166,110.0,41927.75471698113,1,1,3,1
10559,0.6896551724137931,-0.9825435236853648,29.0,61404.862068965514,1,0,1,2
10562,0.8026315789473685,-0.09246961398292503,76.0,63849.08108108108,2,1,2,3
10563,0.7428571428571429,-0.49166795171033856,35.0,11512.085714285715,2,1,1,0
10566,0.5436893203883495,-0.38281842660698023,103.0,63898.91,0,1,2,3
10573,0.7777777777777778,0.22452507484526757,36.0,57777.97142857143,2,2,1,2
10578,0.65,-0.4980041181532956,20.0,39379.8,1,1,1,1
10583,0.7222222222222222,-0.5554750597603612,18.0,21634.722222222223,2,1,1,0
10590,0.4854368932038835,-0.8040494404527642,103.0,48531.45652173913,0,0,2,2
10613,0.5586206896551724,-0.9760429116754807,145.0,43701.6875,0,0,3,1
10617,0.46987951807228917,-1.8408174153833698,83.0,32986.20987654321,0,0,2,1
10623,0.7927272727272727,1.0374455028129297,275.0,75022.84584980237,2,3,3,3
10624,0.7737556561085973,0.9785311530386567,221.0,81289.336492891,2,3,3,3
10625,0.7757575757575758,1.2751039542269182,165.0,88685.1049382716,2,3,3,3
10628,0.8837209302325582,0.20822995140645265,86.0,26902.302325581397,3,2,2,0
10631,0.7315789473684211,0.0531742281490625,190.0,67000.34972677595,2,2,3,3
10633,0.8854166666666666,0.4179607957994199,96.0,25664.614583333332,3,2,2,0
10648,0.6481481481481481,-1.639977105003226,108.0,37405.622641509435,1,0,2,1
10655,0.8159509202453987,-0.10117244375460167,163.0,10385.981595092024,3,1,3,0
10665,0.8275862068965517,1.2409255661913787,87.0,41770.91954022989,3,3,2,1
10670,0.5568181818181818,-0.8902004037722586,88.0,35550.9540229885,0,0,2,1
10673,0.8,-0.058237216874873904,75.0,73540.08219178082,2,1,2,3
10680,0.6823529411764706,-0.5506284354952281,85.0,59155.75903614458,1,1,2,2
10683,0.6470588235294118,-0.6660626013066695,102.0,35968.24509803922,1,1,2,1
10688,0.9367088607594937,1.655687950407032,79.0,39511.230769230766,3,3,2,1
10694,0.3103448275862069,-1.016596228879984,29.0,77513.4074074074,0,0,1,3
10724,0.7,-0.2680141422502608,20.0,80908.42105263157,1,1,1,3
10726,0.7777777777777778,1.0233998843194683,18.0,13797.444444444445,2,3,1,0
10727,0.3076923076923077,-1.7277106634196038,13.0,12904.307692307691,0,0,0,0
10735,0.8118811881188119,1.3094806510336483,202.0,55496.99502487562,2,3,3,2
10759,0.18181818181818182,-2.171792557131123,11.0,74653.7,0,0,0,3
10765,0.7272727272727273,-0.36043924005759753,11.0,38514.09090909091,2,1,0,1
10766,0.34615384615384615,-0.7491110982025742,26.0,109630.60869565218,0,0,1,3
10771,1.0,3.7233983585294195,15.0,39762.53333333333,3,3,1,1
10773,0.8285714285714286,0.3403046914869523,35.0,27758.14285714286,3,2,1,0
10774,0.6666666666666666,-0.1801618911403965,9.0,84163.22222222222,1,1,0,3
10776,0.8571428571428571,2.1721627031665593,7.0,94474.85714285714,3,3,0,3
10779,0.4954128440366973,-1.152722645962661,109.0,40564.40186915888,0,0,2,1
10781,0.2692307692307692,-1.464694376065907,26.0,65384.76,0,0,1,3
10782,0.6923076923076923,0.035662461861622155,26.0,29541.36,1,2,1,0
10784,1.0,3.3096874298039283,10.0,11352.9,3,3,0,0
10790,0.6666666666666666,1.3905438149191869,27.0,115267.51851851853,1,3,1,3
10795,0.4146341463414634,-1.9493826959246345,82.0,24275.086419753086,0,0,2,0
10801,0.4722222222222222,-0.4007371418414331,36.0,49395.52777777778,0,1,1,2
10808,0.6956521739130435,-0.42533562003560166,23.0,64646.13043478261,1,1,1,3
10811,0.8823529411764706,0.6209287387086583,34.0,24519.441176470587,3,3,1,0
10812,0.6774193548387096,-0.748701830155235,31.0,24856.451612903227,1,0,1,0
10813,0.7667844522968198,0.5267880885324179,283.0,23635.86524822695,2,2,3,0
10814,1.0,3.413115161985301,11.0,21856.454545454544,3,3,0,0
10816,0.8235294117647058,0.5835647230058929,17.0,56167.05882352941,3,3,1,2
10822,0.6666666666666666,-0.7099093204998707,9.0,41632.555555555555,1,1,0,1
10826,0.7714285714285715,-0.2847055581907641,70.0,48144.086956521736,2,1,2,2
10827,0.8636363636363636,0.5791476949522382,88.0,43942.651162790695,3,2,2,1
10831,1.0,3.658075580309605,14.0,21120.785714285714,3,3,0,0
10847,0.0625,-2.9679637906760843,16.0,57470.25,0,0,1,2
10854,0.8817204301075269,1.2464109052382426,93.0,58920.58241758242,3,3,2,2
10856,0.7916666666666666,0.6064814755370938,24.0,49782.583333333336,2,3,1,2
10859,0.8260869565217391,-0.07248768425873231,69.0,28025.72463768116,3,1,2,0
10863,0.6285714285714286,-0.4505171398783971,35.0,54807.05882352941,1,1,1,2
10869,0.9247311827956989,2.1215139801849556,93.0,67259.76923076923,3,3,2,3
10871,0.5517241379310345,-0.7410757890244019,29.0,11482.758620689656,0,0,1,0
10874,0.9285714285714286,0.871795048378091,70.0,14260.826086956522,3,3,2,0
10884,0.5333333333333333,-0.4393237962560378,30.0,101684.96428571429,0,1,1,3
10885,0.784,0.27622981577241335,125.0,76105.24107142857,2,2,3,3
10890,0.7859778597785978,0.566925116749155,271.0,51099.416030534354,2,2,3,2
10894,0.7171717171717171,-0.23168406563829513,99.0,31196.690721649484,2,1,2,0
10901,0.5348837209302325,-0.23807536970648238,43.0,30962.20930232558,0,1,2,0
10907,0.7454545454545455,-0.14820317967584548,55.0,32420.01851851852,2,1,2,1
10908,0.42528735632183906,-1.8770896644581774,87.0,35280.87209302326,0,0,2,1
10909,0.8533333333333334,0.8237382827333912,75.0,49589.01351351351,3,3,2,2
10925,0.5689655172413793,-1.2393013321900115,58.0,36510.82456140351,0,0,2,1
10935,0.3939393939393939,-0.859475415655192,132.0,61789.083969465646,0,0,3,2
10944,0.65,-0.7671822005777552,20.0,34901.95,1,0,1,1
10945,0.5272727272727272,-0.4624067010834183,55.0,110986.36363636363,0,1,2,3
10947,0.9903846153846154,1.9794070724241675,104.0,8144.096153846154,3,3,2,0
10952,0.43333333333333335,-1.1818766569932713,120.0,48134.19130434783,0,0,3,2
10957,0.8275862068965517,-0.42911069938647634,29.0,41364.75862068965,3,1,1,1
10960,0.6,0.12692445537845173,25.0,42076.24,1,2,1,1
10964,0.8285714285714286,0.5802949790120124,35.0,23530.114285714284,3,3,1,0
10966,0.711340206185567,-0.3612931208328406,97.0,45749.270833333336,1,1,2,1
10967,0.5485074626865671,-0.4533152881077605,268.0,31491.151515151516,0,1,3,0
10968,0.8849557522123894,0.2064474387705095,113.0,10161.309734513274,3,2,3,0
10976,0.5121951219512195,-0.33663469851070904,82.0,27180.963414634145,0,1,2,0
10987,0.47058823529411764,-0.31445510402431076,238.0,61100.852173913045,0,1,3,2
10990,0.21153846153846154,-2.7542222875021696,52.0,61905.02040816326,0,0,2,2
10995,0.7866666666666666,0.3106377058469,75.0,49594.561643835616,2,2,2,2
11000,0.8148148148148148,0.03587002534548214,27.0,27616.185185185186,3,2,1,0
11001,0.8125,0.248509051989596,128.0,34992.77777777778,2,2,3,1
11007,0.5378151260504201,0.4110802759112552,119.0,80311.64035087719,0,2,3,3
11016,0.8,-0.04121558032824134,110.0,45239.58181818182,2,2,3,1
11017,0.7133333333333334,-0.3677841005980786,150.0,29395.743243243243,2,1,3,0
11018,0.6845238095238095,-0.5778079838917897,168.0,39308.092024539874,1,1,3,1
11031,0.8260869565217391,-0.20885975952652616,23.0,7969.347826086957,3,1,1,0
11038,0.8235294117647058,0.279752623795481,85.0,79284.54320987655,3,2,2,3
11045,0.696969696969697,1.0176082472588912,99.0,92120.93975903615,1,3,2,3
11046,0.8082191780821918,0.8973192300169293,73.0,79852.43661971831,2,3,2,3
11048,0.7142857142857143,0.1894612049442872,7.0,74368.14285714286,2,2,0,3
11049,0.9444444444444444,1.4556430318414826,54.0,42874.833333333336,3,3,2,1
11059,0.8426966292134831,1.0979715041705747,89.0,57072.33707865168,3,3,2,2
11062,0.8837209302325582,0.6989435333001858,43.0,111668.075,3,3,2,3
11071,0.7346938775510204,-0.23867690758096025,49.0,36887.183673469386,2,1,2,1
11077,0.875,0.6143156575026294,40.0,67285.30769230769,3,3,1,3
11080,1.0,3.1914843073109314,9.0,71081.55555555556,3,3,0,3
11084,0.7872340425531915,0.1326624362532272,94.0,75272.27272727272,2,2,2,3
11094,0.8409090909090909,0.33028554658005144,44.0,33112.0,3,2,2,1
11095,0.7341772151898734,0.5853850108668236,79.0,49194.0641025641,2,3,2,2
11106,0.732484076433121,0.5293035819485454,157.0,60801.87417218543,2,2,3,2
11110,0.6794871794871795,0.0981155567953445,78.0,40812.96153846154,1,2,2,1
11114,0.9111111111111111,1.2781527251144116,45.0,107854.17073170732,3,3,2,3
11123,0.5833333333333334,-0.6830809180563436,72.0,62171.281690140844,0,1,2,2
11129,0.8333333333333334,0.5168138898549895,54.0,43824.84905660377,3,2,2,1
11130,0.7818181818181819,0.005188745374443822,55.0,67652.87037037036,2,2,2,3
11133,0.765625,-0.09588295598361411,64.0,63242.209677419356,2,1,2,3
11134,0.7058823529411765,-0.35445284485000544,68.0,50656.96923076923,1,1,2,2
11137,0.4444444444444444,-0.1701600381877536,9.0,43144.0,0,1,0,1
11148,0.7375,-0.2152828651325313,160.0,39230.243589743586,2,1,3,1
11151,0.8260869565217391,0.3712007528280571,23.0,73059.31818181818,3,2,1,3
11152,0.9,0.6954291291455399,10.0,44450.0,3,3,0,1
11153,0.7205882352941176,0.2500074828458163,68.0,85077.078125,2,2,2,3
11154,0.7777777777777778,-0.26192004804047797,9.0,76203.77777777778,2,1,0,3
11165,0.6666666666666666,-0.6119838817594556,9.0,39216.555555555555,1,1,0,1
11167,0.8108108108108109,0.6558018253375717,74.0,64771.305555555555,2,3,2,3
11168,0.7037037037037037,-0.10859131597099574,27.0,46610.96296296296,1,1,1,2
11171,1.0,4.359100517302735,36.0,49147.63888888889,3,3,1,2
11174,0.7368421052631579,-0.5992231835575474,19.0,48902.166666666664,2,1,1,2
11177,0.6197718631178707,-0.7640913390149984,263.0,37118.89883268483,1,0,3,1
11180,0.5566037735849056,-1.1682613721800155,318.0,31481.968454258677,0,0,3,0
11189,0.7603305785123967,0.6416649471443823,121.0,55349.40517241379,2,3,3,2
11197,0.4392523364485981,-1.654424631924128,214.0,37806.79342723005,0,0,3,1
11202,0.6394557823129252,0.07563305767480981,147.0,69779.86805555556,1,2,3,3
11205,0.4675324675324675,-1.3052424497242934,77.0,23990.44155844156,0,0,2,0
11208,0.8903225806451613,1.07874233379929,155.0,57315.46575342466,3,3,3,2
11213,1.0,2.7079260789304866,6.0,37550.0,3,3,0,1
11219,0.7297297297297297,0.14376427335083825,111.0,43601.32432432433,2,2,3,1
11222,0.8333333333333334,0.041188127551655254,18.0,24623.38888888889,3,2,1,0
11227,0.5096153846153846,-0.7774320993197474,104.0,89234.875,0,0,2,3
11228,0.6666666666666666,0.1566381913066657,45.0,42829.431818181816,1,2,2,1
11229,0.7659574468085106,-0.19025871351910006,47.0,29536.82978723404,2,1,2,0
11233,0.8837209302325582,1.3466985407384813,86.0,45396.92941176471,3,3,2,1
11237,0.723404255319149,0.8634475520707291,329.0,36631.667692307696,2,3,3,1
11242,0.8367346938775511,0.4708530489241365,49.0,40924.208333333336,3,2,2,1
11243,0.6086956521739131,-1.0867239499464765,69.0,92665.91803278688,1,0,2,3
11253,0.556390977443609,-1.1312235556727885,133.0,37850.099236641225,0,0,3,1
11255,0.7256637168141593,0.03477164040357726,113.0,55990.61061946903,2,2,3,2
11258,0.7789473684210526,0.5184648310538387,95.0,64176.68085106383,2,2,2,3
11260,0.5689655172413793,-0.5268267477718144,116.0,41662.149122807015,0,1,3,1
11265,0.6388888888888888,-0.42109159690972375,108.0,43065.37962962963,1,1,2,1
11287,0.514018691588785,-1.3507216357844523,214.0,57731.206730769234,0,0,3,2
11292,0.15897435897435896,-4.595023713211567,390.0,6513.933333333333,0,0,3,0
11293,0.8571428571428571,1.7835174071203574,14.0,87540.53846153847,3,3,0,3
11308,0.7333333333333333,0.44518205085512297,150.0,28492.24832214765,2,2,3,0
11309,0.3333333333333333,0.1915749165675989,3.0,45430.0,0,2,0,1
11311,0.3333333333333333,0.1915749165675989,3.0,41630.666666666664,0,2,0,1
11312,0.6741071428571429,0.3997247052376978,224.0,76416.7558685446,1,2,3,3
11316,0.803921568627451,-0.1327688530967475,51.0,39671.551020408166,2,1,2,1
11318,0.8714285714285714,1.275996288749702,140.0,40204.08571428571,3,3,3,1
11326,0.6698113207547169,0.5288424620303606,106.0,50416.057692307695,1,2,2,2
11332,0.5673076923076923,-0.9818931666762405,104.0,43621.666666666664,0,0,2,1
11344,0.7837837837837838,0.24816644259686316,37.0,20615.432432432433,2,2,1,0
11367,0.6341463414634146,0.10638337781437221,82.0,96786.06578947368,1,2,2,3
11375,0.6326530612244898,-0.7184047117314789,49.0,41578.234042553195,1,0,2,1
11382,0.7166666666666667,-0.3095923629387632,60.0,25782.101694915254,2,1,2,0
11384,0.41904761904761906,-0.6351478272166216,210.0,61711.567307692305,0,1,3,2
11386,0.6589147286821705,0.3203487266648413,129.0,28791.75968992248,1,2,3,0
11388,0.7818181818181819,0.23864202755436295,55.0,46172.055555555555,2,2,2,2
11393,0.5416666666666666,-0.9878960891044417,48.0,53853.97872340425,0,0,2,2
11396,0.8080495356037152,0.8395868723394435,323.0,39094.333333333336,2,3,3,1
11397,0.7,0.7593599565249364,180.0,57039.12994350283,1,3,3,2
11402,0.42718446601941745,-2.0044908419398015,103.0,31115.59405940594,0,0,2,0
11405,1.0,1.8616991792647097,3.0,24081.0,3,3,0,0
11411,0.8192771084337349,1.308912869357024,83.0,64000.77777777778,3,3,2,3
11416,0.6294117647058823,-0.831650479561427,170.0,46034.467065868266,1,0,3,2
11418,0.5641025641025641,-0.5102061333867228,39.0,32892.94871794872,0,1,1,1
11421,0.5789473684210527,-0.6845008407851207,38.0,24984.07894736842,0,1,1,0
11429,0.9024390243902439,1.8470335191701694,41.0,87392.17073170732,3,3,1,3
11431,0.569620253164557,-1.132522837864565,79.0,43642.55844155844,0,0,2,1
11437,0.7906976744186046,-0.23923826866358788,86.0,37916.916666666664,2,1,2,1
11444,0.6666666666666666,-1.21291691311222,66.0,39532.954545454544,1,0,2,1
11452,0.7948717948717948,1.4953566780347547,273.0,59038.68029739777,2,3,3,2
11454,0.7037037037037037,-0.5390277433479769,81.0,32240.725,1,1,2,1
11462,0.9473684210526315,1.0165598715934359,57.0,26385.736842105263,3,3,2,0
11466,0.7058823529411765,0.5329319003845303,68.0,60975.93939393939,1,2,2,2
11472,0.8787878787878788,1.0420415170876778,66.0,49962.333333333336,3,3,2,2
11474,0.7338129496402878,-0.22149972002635096,139.0,57128.98529411765,2,1,3,2
11491,0.5151515151515151,-1.0678792038559903,132.0,65667.12,0,0,3,3
11496,0.6428571428571429,0.36413087013152434,14.0,10902.357142857143,1,2,0,0
11499,0.5476190476190477,-1.0164485446851512,42.0,19208.64285714286,0,0,1,0
11509,0.4779874213836478,-1.6304473858826227,159.0,46512.532051282054,0,0,3,2
11514,0.7924528301886793,0.09033372108095782,106.0,37575.105769230766,2,2,2,1
11517,0.5824175824175825,-1.3656291072097675,273.0,56515.68965517241,0,0,3,2
11521,0.8333333333333334,1.1422380364538343,24.0,40685.625,3,3,1,1
11524,0.7692307692307693,0.03806887157051184,39.0,59727.55263157895,2,2,1,2
11525,0.6923076923076923,-0.9478039428115211,26.0,20508.03846153846,1,0,1,0
11531,0.5714285714285714,-1.0583072367100954,154.0,60867.1768707483,0,0,3,2
11532,0.6666666666666666,-0.23416413908568587,141.0,76937.67391304347,1,1,3,3
11541,0.5212765957446809,-0.9583089979902816,94.0,36105.086956521736,0,0,2,1
11550,0.5555555555555556,-0.5972702330494516,18.0,88926.23529411765,0,1,1,3
11553,0.8,-0.11433379806456945,15.0,78781.0,2,1,1,3
11557,0.7619047619047619,0.08958633834962602,21.0,35243.80952380953,2,2,1,1
11563,0.8026315789473685,0.40451873211660516,76.0,82733.94666666667,2,2,2,3
11565,0.8120300751879699,1.700563259688748,266.0,51708.55133079848,2,3,3,2
11575,0.8055555555555556,1.1844405095663213,36.0,54831.88888888889,2,3,1,2
11580,0.625,-1.0017929224767868,8.0,191992.16666666666,1,0,0,3
11600,0.5,-1.6691365512273126,30.0,24612.366666666665,0,0,1,0
11602,0.8695652173913043,0.145622434691999,23.0,54271.77272727273,3,2,1,2
11605,0.6,0.6416317032119364,25.0,44802.88,1,3,1,1
11609,0.6164383561643836,-0.8929683702466242,73.0,50684.76056338028,1,0,2,2
11614,0.8482142857142857,0.5829032559299617,112.0,39687.51851851852,3,3,3,1
11617,0.9038461538461539,0.9674769410874123,52.0,25404.80769230769,3,3,2,0
11621,0.4731182795698925,-1.6315174034072335,93.0,38580.22826086957,0,0,2,1
11622,0.4690265486725664,-1.3224607894362428,113.0,53672.045045045044,0,0,3,2
11627,0.625,-1.04729526432673,24.0,28765.083333333332,1,0,1,0
11630,0.5625,-1.4545526813300316,32.0,18195.53125,0,0,1,0
11639,0.8055555555555556,-0.1693366427050729,36.0,22384.027777777777,2,1,1,0
11645,0.7610619469026548,0.0473760435748624,113.0,17560.693693693695,2,2,3,0
11647,0.8888888888888888,1.0393871894230113,18.0,95842.0625,3,3,1,3
11653,0.6363636363636364,-0.5844462485516644,143.0,60564.14388489209,1,1,3,2
11656,0.477124183006536,-1.2374138484754074,153.0,55628.25174825175,0,0,3,2
11658,0.5172413793103449,-0.680897130242262,87.0,31336.41379310345,0,1,2,0
11659,0.5384615384615384,-0.3721524713611234,91.0,26948.87777777778,0,1,2,0
11663,0.5754716981132075,-0.4474773868717672,106.0,73986.41584158415,0,1,2,3
11665,0.8770491803278688,0.8347564838277276,122.0,53627.7868852459,3,3,3,2
11671,0.7654320987654321,-0.22241627391723529,243.0,41012.6375,2,1,3,1
11673,0.6967213114754098,-0.5015571485274076,244.0,43270.698347107435,1,1,3,1
11687,0.7796610169491526,0.16065400477912337,59.0,35048.93103448276,2,2,2,1
11690,0.9157894736842105,0.8798424797607864,95.0,18927.084210526315,3,3,2,0
11705,0.631578947368421,0.04432262864392752,57.0,77063.49122807017,1,2,2,3
11707,0.4878048780487805,-0.6079454160444323,41.0,38823.07317073171,0,1,1,1
11710,0.5,-0.27278641556581634,64.0,57117.3125,0,1,2,2
11716,0.8767123287671232,0.6100897294712844,73.0,23439.76712328767,3,3,2,0
11718,0.6021505376344086,-0.6135784269426232,93.0,45878.58241758242,1,1,2,2
11721,0.8529411764705882,0.11745765011522512,34.0,26380.235294117647,3,2,1,0
11732,0.7936507936507936,-0.35591816683251476,63.0,46625.29508196721,2,1,2,2
11735,0.8571428571428571,0.574360575610558,84.0,25972.869047619046,3,2,2,0
11739,0.9489795918367347,1.690003002974621,98.0,27283.288659793816,3,3,2,0
11745,0.8472222222222222,0.6018758657001531,72.0,91538.79166666667,3,3,2,3
11747,0.6436781609195402,-0.372863591857912,87.0,55428.97619047619,1,1,2,2
11752,0.734375,0.44558981990769514,64.0,40716.42857142857,2,2,2,1
11764,0.8,0.1137191403305066,45.0,59722.97777777778,2,2,2,2
11765,0.7248322147651006,-0.16329903003727728,149.0,49948.0625,2,1,3,2
11772,0.8243243243243243,0.3394811926294795,74.0,11195.405405405405,3,2,2,0
11774,0.6309523809523809,-0.6219809766965729,84.0,71996.06172839506,1,1,2,3
11782,0.5714285714285714,-0.9029908183352354,42.0,51489.04878048781,0,0,1,2
11790,0.6810810810810811,-0.4990934725267682,185.0,27869.760869565216,1,1,3,0
11793,0.7012987012987013,-0.20814917078532674,77.0,52340.22368421053,1,1,2,2
11797,0.6746987951807228,-0.4104605955416263,83.0,83290.87341772152,1,1,2,3
11798,0.8043478260869565,0.1794341094554029,46.0,64055.36363636364,2,2,2,3
11802,0.37623762376237624,-2.307898849088144,101.0,27642.950495049507,0,0,2,0
11804,0.7714285714285715,1.3380560439266405,70.0,86189.02985074627,2,3,2,3
11806,0.6790123456790124,-0.22949475538292166,81.0,111519.04285714286,1,1,2,3
11809,0.31761006289308175,-2.6355368603902423,318.0,10419.745283018869,0,0,3,0
11812,0.78125,-0.40804672790904334,32.0,50773.23333333333,2,1,1,2
11816,0.625,1.510932771448921,24.0,78401.04545454546,1,3,1,3
11818,0.5454545454545454,-0.9473493155480047,66.0,48764.833333333336,0,0,2,2
11820,0.6470588235294118,-0.2236291507815925,85.0,61859.23529411765,1,1,2,2
11822,0.8765432098765432,0.7644961881356128,81.0,49979.456790123455,3,3,2,2
11823,0.7777777777777778,0.537319974453786,18.0,26278.055555555555,2,2,1,0
11826,0.17647058823529413,-2.1010857693711955,17.0,26251.0,0,0,1,0
11835,0.16666666666666666,-3.04817640944202,12.0,72338.16666666667,0,0,0,3
11836,0.7577319587628866,0.2712969986353166,194.0,25279.711340206184,2,2,3,0
11840,0.7619047619047619,0.3292094543643174,63.0,31571.444444444445,2,2,2,0
11841,0.625,0.02896655940335509,24.0,71859.04166666667,1,2,1,3
11843,0.6046511627906976,-0.6591045450440208,43.0,31077.780487804877,1,1,2,0
11854,0.6818181818181818,-0.38400082734725544,66.0,42165.21875,1,1,2,1
11862,0.8529411764705882,0.1421768774390143,34.0,18168.852941176472,3,2,1,0
11865,0.8095238095238095,0.21049883591154014,21.0,20778.47619047619,2,2,1,0
11869,0.8947368421052632,1.2247438598937757,19.0,47824.57894736842,3,3,1,2
11872,0.7894736842105263,1.4622088882810065,38.0,55558.97222222222,2,3,1,2
11875,0.35526315789473684,-1.663452036905371,76.0,40015.26666666667,0,0,2,1
11880,0.2727272727272727,-3.314790413064878,33.0,17387.125,0,0,1,0
11890,0.1267605633802817,-2.56931672306674,71.0,19069.394366197183,0,0,2,0
11892,0.627906976744186,-0.31585787079807914,43.0,52042.72093023256,1,1,2,2
11896,0.6846846846846847,-0.7894079697461982,111.0,44603.48623853211,1,0,3,1
11899,0.5348837209302325,-1.30556818369158,43.0,40122.232558139534,0,0,2,1
11909,0.7468354430379747,0.32571802219752305,79.0,61555.333333333336,2,2,2,2
11913,0.8277945619335347,1.213574397862183,331.0,37614.814024390245,3,3,3,1
11915,0.6,-0.6732510041604641,25.0,61424.416666666664,1,1,1,2
11917,0.6428571428571429,-0.6660313499165307,14.0,102558.08333333333,1,1,0,3
11924,0.5555555555555556,-1.0314718338603899,9.0,100059.88888888889,0,0,0,3
11930,0.7959183673469388,0.09413083901138423,49.0,33991.183673469386,2,2,2,1
11933,0.5625,-1.2563413086984823,32.0,31024.033333333333,0,0,1,0
11934,0.4888888888888889,-1.8839287555399657,45.0,25731.466666666667,0,0,2,0
11937,0.9767441860465116,2.362760876978453,43.0,41550.767441860466,3,3,2,1
11940,0.7419354838709677,-0.49692617454498755,62.0,39306.37096774193,2,1,2,1
11942,0.3037037037037037,-2.4842302880922116,135.0,24379.911111111112,0,0,3,0
11950,0.7258064516129032,0.2869141071595479,124.0,65857.27118644067,2,2,3,3
11958,0.8846153846153846,1.2445764690163237,26.0,50801.88,3,3,1,2
11960,0.5094339622641509,-1.0264161391412034,53.0,67652.25490196078,0,0,2,3
11961,0.6451612903225806,-0.41949712685672913,31.0,41226.77419354839,1,1,1,1
11962,0.5365853658536586,-0.928568746330101,41.0,60350.8,0,0,1,2
11963,0.673469387755102,-0.3281493776093109,49.0,41712.166666666664,1,1,2,1
11965,0.8502024291497976,1.0708890554765722,247.0,55066.37662337662,3,3,3,2
11969,0.5789473684210527,-1.015141072203081,19.0,48255.21052631579,0,0,1,2
11970,0.3116883116883117,-1.739282523963318,77.0,53563.01388888889,0,0,2,2
11975,0.6491228070175439,0.23537938203861153,57.0,52556.30357142857,1,2,2,2
11977,0.9333333333333333,1.6206021088087978,60.0,34581.933333333334,3,3,2,1
11981,0.8048780487804879,0.8722022318732047,41.0,63379.333333333336,2,3,1,3
11983,0.9902912621359223,1.9173299974599873,103.0,18119.194174757282,3,3,2,0
11986,0.2982456140350877,-2.0422435529195435,57.0,49893.05357142857,0,0,2,2
11990,1.0,4.738870638128352,105.0,6815.038095238096,3,3,2,0
11991,0.6833333333333333,-0.012820511411908465,60.0,47477.50847457627,1,2,2,2
11993,0.7857142857142857,0.17529472935253157,98.0,60758.663157894734,2,2,2,2
11998,0.7441860465116279,-0.6667943864277941,43.0,26650.0,2,1,2,0
12000,0.7058823529411765,-0.26335113711668673,51.0,42541.86274509804,1,1,2,1
12006,0.675,-0.27998297062727384,40.0,42311.7,1,1,1,1
12013,0.5357142857142857,-0.6408339589195842,168.0,53582.705521472395,0,1,3,2
12014,0.8783783783783784,1.2972653765148918,74.0,44512.708333333336,3,3,2,1
12017,0.6778523489932886,1.0090991745318196,149.0,68129.71527777778,1,3,3,3
12018,0.9090909090909091,1.3396650735369184,55.0,51147.12,3,3,2,2
12020,0.8043478260869565,1.7091208357630734,46.0,57100.47826086957,2,3,2,2
12022,0.7647058823529411,0.822220880287093,34.0,64620.8125,2,3,1,3
12030,1.0,3.1914843073109314,9.0,90400.11111111111,3,3,0,3
12032,0.8333333333333334,1.0000519062832647,48.0,62256.73333333333,3,3,2,2
12035,0.9137931034482759,1.7923775247140834,58.0,50813.15789473684,3,3,2,2
12046,0.6291390728476821,0.01631978920964619,151.0,45164.38513513513,1,2,3,1
12047,0.5203252032520326,-0.616895454782916,123.0,37849.43697478992,0,1,3,1
12052,0.35,-1.1291219328662347,160.0,66872.41139240506,0,0,3,3
12061,0.8636363636363636,0.510165171859774,22.0,88070.90909090909,3,2,1,3
12065,0.8352941176470589,0.300822188965708,85.0,69021.5294117647,3,2,2,3
12069,0.8955223880597015,1.4135849274577577,67.0,41328.10447761194,3,3,2,1
12076,0.7638888888888888,1.6610257553791594,72.0,147638.23214285713,2,3,2,3
12080,0.9444444444444444,2.158825668812621,18.0,34283.0,3,3,1,1
12082,0.7745098039215687,0.9908377484248542,102.0,88354.96739130435,2,3,2,3
12086,0.8478260869565217,0.38511636577407143,46.0,43355.608695652176,3,2,2,1
12090,0.7170731707317073,0.10025176211115637,205.0,50482.4702970297,2,2,3,2
12093,0.8222222222222222,0.3368216565627705,45.0,45532.04651162791,3,2,2,1
12095,0.5405405405405406,0.5262356620826936,37.0,108493.80645161291,0,2,1,3
12096,0.8113207547169812,0.0734143375789749,106.0,43659.53773584906,2,2,2,1
12102,0.7115384615384616,-0.4451370463648432,52.0,44652.56862745098,1,1,2,1
12103,0.6379310344827587,-0.8670234083977287,58.0,78322.41818181818,1,0,2,3
12109,0.9333333333333333,1.3368883638156384,45.0,105872.2564102564,3,3,2,3
12111,0.5876288659793815,-1.092713307667233,97.0,56270.065217391304,1,0,2,2
12133,0.5555555555555556,-1.1579309438001222,27.0,24924.333333333332,0,0,1,0
12138,0.765625,-0.47836457394553655,64.0,48841.625,2,1,2,2
12142,0.7090909090909091,-0.15186155712574997,55.0,102309.11764705883,1,1,2,3
12146,0.5681818181818182,-0.20589196781097624,88.0,61586.19512195122,0,1,2,2
12147,0.9387755102040817,1.5140085308411277,49.0,68935.39583333333,3,3,2,3
12149,0.6888888888888889,-0.5319984941772671,45.0,47471.77777777778,1,1,2,2
12151,0.9302325581395349,1.1670869373272974,43.0,85535.3953488372,3,3,2,3
12152,0.5987654320987654,-1.6961715555922536,162.0,37262.14375,1,0,3,1
12160,0.627906976744186,0.19149386866705484,43.0,84739.56410256411,1,2,2,3
12168,0.7592592592592593,-0.05801012945178194,54.0,38248.03703703704,2,1,2,1
12172,0.6153846153846154,-0.11149629221291697,13.0,72713.15384615384,1,1,0,3
12173,0.75,0.3733193438882684,4.0,108950.25,2,2,0,3
12176,0.92,2.0701610946235722,25.0,10225.68,3,3,1,0
12189,0.38509316770186336,-2.282664392923897,161.0,30620.66875,0,0,3,0
12190,0.7555555555555555,0.39639106602412744,90.0,27937.426966292136,2,2,2,0
12193,0.8461538461538461,0.3506187293225821,52.0,35835.92156862745,3,2,2,1
12207,0.8,0.36097029507900685,135.0,38405.81481481482,2,2,3,1
12211,0.7551020408163265,0.4901923838176312,98.0,79381.46315789473,2,2,2,3
12216,0.6703296703296703,0.3370412905688553,91.0,49831.7191011236,1,2,2,2
12235,0.8620689655172413,0.4380548504489307,29.0,102028.62068965517,3,2,1,3
12244,0.7777777777777778,0.606414759146642,9.0,54164.22222222222,2,3,0,2
12245,0.6666666666666666,0.513369534143112,9.0,120787.75,1,2,0,3
12246,0.8082191780821918,0.6048697927512405,73.0,24234.625,2,3,2,0
12266,0.6935483870967742,-0.3411162210393373,62.0,16162.048387096775,1,1,2,0
12269,0.5960264900662252,-0.32324727135319775,151.0,43571.26666666667,1,1,3,1
12276,0.8507462686567164,0.9134980188109789,67.0,58948.666666666664,3,3,2,2
12279,0.8602150537634409,1.0686314008536468,93.0,75032.76344086022,3,3,2,3
12284,0.9622641509433962,1.6797100828533318,53.0,32077.905660377357,3,3,2,1
12285,0.6666666666666666,0.38520505671889654,60.0,58188.96666666667,1,2,2,2
12295,0.4807692307692308,-1.3400531038718309,52.0,26832.102040816328,0,0,2,0
12301,0.7164634146341463,0.597314402773652,328.0,34282.276923076926,2,3,3,1
12302,0.7303921568627451,0.5987319429074691,408.0,41540.69773299748,2,3,3,1
12305,0.6811594202898551,0.69424436777814,69.0,66092.24242424243,1,3,2,3
12307,0.4166666666666667,-0.4974665378136721,12.0,84570.27272727272,0,1,0,3
12308,0.8181818181818182,0.0711630150420423,110.0,45332.42452830189,3,2,3,1
12311,0.9411764705882353,0.3311256734370465,68.0,3885.294117647059,3,2,2,0
12312,0.8455284552845529,0.39133315611660596,123.0,24865.590163934427,3,2,3,0
12314,0.5343915343915344,-1.1253521506013866,189.0,24949.122340425532,0,0,3,0
12317,0.8013698630136986,0.5999223210517407,146.0,31354.479452054795,2,3,3,0
12318,0.7733333333333333,0.7704263593166195,150.0,19961.533333333333,2,3,3,0
12321,0.5074626865671642,-0.8544348587526401,67.0,15491.30303030303,0,0,2,0
12324,0.9607843137254902,2.379669786343649,51.0,27391.549019607843,3,3,2,0
12336,0.7535211267605634,-0.17183735812252213,142.0,73497.04347826086,2,1,3,3
12338,0.6854838709677419,-0.6966813166370958,124.0,46271.81034482759,1,1,3,2
12339,0.8354430379746836,0.335056796120891,158.0,64484.14189189189,3,2,3,3
12340,0.7485029940119761,0.27139872031831336,167.0,47675.74375,2,2,3,2
12341,0.7428571428571429,-0.4161400362554384,70.0,61759.05970149254,2,1,2,2
12355,0.8125,0.8393420294781817,48.0,71676.6170212766,2,3,2,3
12356,0.7215189873417721,-0.014544282664115978,79.0,31259.02564102564,2,2,2,0
12358,0.7678571428571429,0.18738841938102038,56.0,74221.38181818182,2,2,2,3
12368,0.7894736842105263,0.5034052719802589,19.0,72204.66666666667,2,2,1,3
12369,0.89,1.9578556322359761,100.0,42212.27272727273,3,3,2,1
12371,0.8260869565217391,1.3357720036407799,23.0,80577.0,3,3,1,3
12373,0.5833333333333334,-0.1396055978740837,24.0,59313.5,0,1,1,2
12375,0.6565656565656566,0.10044560331470317,99.0,30602.635416666668,1,2,2,0
12378,0.6746987951807228,-0.003257415056203172,83.0,23545.69512195122,1,2,2,0
12381,0.8571428571428571,-0.14573923273724546,7.0,16145.0,3,1,0,0
12386,0.4782608695652174,-1.2241197871651215,23.0,67179.5,0,0,1,3
12398,0.6565656565656566,-0.7294641744110565,198.0,46527.072916666664,1,0,3,2
12400,0.5714285714285714,-1.1630734903513842,126.0,79712.03333333334,0,0,3,3
12407,0.4444444444444444,-1.3405315307946015,45.0,47012.71111111111,0,0,2,2
12409,0.8441558441558441,0.3497089512397067,77.0,31375.12987012987,3,2,2,0
12411,0.8484848484848485,-0.4997630718120681,33.0,23864.272727272728,3,1,1,0
12412,0.7647058823529411,0.08628231572817259,170.0,46883.09523809524,2,2,3,2
12415,0.3333333333333333,-2.671010851534253,9.0,68953.22222222222,0,0,0,3
12420,0.3950617283950617,-1.559797342534769,81.0,70153.875,0,0,2,3
12424,0.8591549295774648,0.15109587458757393,71.0,52335.6231884058,3,2,2,2
12434,0.6268656716417911,-0.3624150394377924,67.0,80428.03125,1,1,2,3
12439,0.9166666666666666,0.32793472630331216,36.0,19766.38888888889,3,2,1,0
12444,0.68,-0.02989274259836231,100.0,38244.707070707074,1,2,2,1
12453,0.23595505617977527,-2.8855870844689435,89.0,28401.011627906977,0,0,2,0
12465,0.603448275862069,-0.4493374642927333,290.0,74804.6129032258,1,1,3,3
12466,0.5,-1.0735946565484638,6.0,44280.666666666664,0,0,0,1
12485,0.9072164948453608,0.627557763696752,97.0,62846.74736842105,3,3,2,2
12491,1.0,3.971624915764714,20.0,29824.85,3,3,1,0
12500,0.6956521739130435,-0.3205126470701026,23.0,94209.55555555556,1,1,1,3
12502,0.6631578947368421,-0.8360478508503537,95.0,30231.947368421053,1,0,2,0
12504,0.8148148148148148,1.0469491045817474,27.0,57558.92307692308,3,3,1,2
12509,0.6193853427895981,-0.4858157624832974,423.0,36819.394230769234,1,1,3,1
12516,0.5032679738562091,-2.108394065679738,153.0,60848.69127516779,0,0,3,2
12526,0.7,-0.15684548858376682,10.0,25972.4,1,1,0,0
12541,0.75,0.7683612785741246,32.0,74584.35483870968,2,3,1,3
12544,0.8095238095238095,-0.509428643277097,21.0,21484.85714285714,2,1,1,0
12545,0.8148148148148148,1.0063373965100446,81.0,50837.87654320987,3,3,2,2
12568,0.6371681415929203,-0.520727634390277,113.0,47210.95412844037,1,1,3,2
12571,0.8571428571428571,0.43520437202464796,147.0,38276.448979591834,3,2,3,1
12581,0.6428571428571429,-0.5287124273696651,14.0,52730.07142857143,1,1,0,2
12586,0.6707317073170732,-0.7984970251976549,82.0,43812.45121951219,1,0,2,1
12588,0.7580645161290323,0.12975624824359858,62.0,42574.19672131148,2,2,2,1
12597,0.8184713375796179,0.10596968076159385,314.0,38786.59872611465,3,2,3,1
12598,0.494949494949495,-1.4067083558663078,99.0,65744.19791666667,0,0,2,3
12601,0.7751937984496124,0.7671844060729704,129.0,62861.712,2,3,3,2
12614,0.6875,-1.1318266674590054,48.0,77095.72727272728,1,0,2,3
12615,0.4444444444444444,-1.0288514610323365,18.0,21695.0,0,0,1,0
12619,0.6563573883161512,-0.7718446476036162,291.0,45012.82986111111,1,0,3,1
12622,0.8,0.1798624315942327,15.0,31417.066666666666,2,2,1,0
12625,0.09375,-3.52485018672564,32.0,50358.354838709674,0,0,1,2
12631,0.36486486486486486,-2.3976127438046055,74.0,23920.12676056338,0,0,2,0
12632,0.6923076923076923,-0.4244659248494262,39.0,44296.282051282054,1,1,1,1
12641,0.6588235294117647,-0.6872670095353121,85.0,50682.52380952381,1,1,2,2
12643,0.75,-0.054681263562458,60.0,31756.933333333334,2,2,2,0
12650,0.7457627118644068,0.42843253584479646,59.0,69722.62962962964,2,2,2,3
12654,0.8306010928961749,-0.08725673229590689,183.0,50494.311111111114,3,1,3,2
12655,0.7023809523809523,0.3170900135067096,84.0,31529.785714285714,1,2,2,0
12659,0.675,-0.16544230053138184,80.0,40560.97435897436,1,1,2,1
12661,0.5036496350364964,-1.1766789308900796,137.0,24127.518248175184,0,0,3,0
12665,0.8833333333333333,0.40598566317272367,60.0,56727.85964912281,3,2,2,2
12677,0.7439024390243902,0.5223936316414861,164.0,34941.2037037037,2,2,3,1
12678,0.35294117647058826,-2.0590906935242783,85.0,34854.31764705882,0,0,2,1
12679,0.6435643564356436,-0.7175017959482622,101.0,46005.95,1,0,2,2
12684,0.8636363636363636,1.0606635068980381,88.0,106051.97530864198,3,3,2,3
12686,0.6595744680851063,-0.5970760146972691,47.0,33182.29787234042,1,1,2,1
12690,0.7884615384615384,-0.32238412635755237,52.0,47183.82692307692,2,1,2,2
12705,0.8387096774193549,0.5095175145710502,93.0,28613.086021505376,3,2,2,0
12706,0.9278350515463918,1.3229835337382678,97.0,36600.239583333336,3,3,2,1
12708,0.8173913043478261,0.3676041617202118,115.0,27280.33043478261,3,2,3,0
12710,0.36,-1.625939468611449,25.0,34067.958333333336,0,0,1,1
12711,1.0,2.7079260789304866,6.0,70292.75,3,3,0,3
12713,0.8089887640449438,0.43746881425771594,89.0,60424.57831325301,2,2,2,2
12714,0.5877862595419847,-0.8865254920272869,131.0,30142.90076335878,1,0,3,0
12724,0.5333333333333333,-0.8106887537660502,15.0,44548.2,0,0,1,1
12725,0.5454545454545454,-0.9347938212926553,11.0,25631.454545454544,0,0,0,0
12727,0.6666666666666666,-0.018929013859349933,18.0,17530.61111111111,1,2,1,0
12732,0.5555555555555556,-0.47771595006072076,18.0,23713.166666666668,0,1,1,0
12733,0.375,-1.2782871745254236,16.0,28303.375,0,0,1,0
12734,0.8333333333333334,0.8860776118163919,18.0,37151.833333333336,3,3,1,1
12737,0.6804123711340206,-0.7213806157766359,97.0,53621.520833333336,1,0,2,2
12739,0.8,0.27630029267066025,50.0,71561.87755102041,2,2,2,3
12741,0.6458333333333334,-0.011372667279164838,48.0,31052.6875,1,2,2,0
12747,0.6666666666666666,1.3005040045880925,9.0,42303.444444444445,1,3,0,1
12749,0.40458015267175573,-1.3691770366566465,131.0,22521.870229007633,0,0,3,0
12750,0.6571428571428571,-0.3004698352020677,105.0,40856.84761904762,1,1,2,1
12760,0.6785714285714286,0.4433543604878724,28.0,59746.92592592593,1,2,1,2
12772,0.84,-0.0500719329377175,25.0,34722.6,3,2,1,1
12775,0.3783783783783784,-2.246015135718439,37.0,12665.54054054054,0,0,1,0
12783,0.5547945205479452,-0.644347450720529,146.0,55155.69784172662,0,1,3,2
12793,0.9047619047619048,2.1821564444985473,21.0,57875.1,3,3,1,2
12796,0.3058823529411765,-2.2898306186258197,85.0,31126.0,0,0,2,0
12802,0.8,0.37617013426099505,25.0,30906.08,2,2,1,0
12804,0.42857142857142855,-1.1105237882159247,7.0,62739.28571428572,0,0,0,2
12806,0.7142857142857143,0.33100781425493514,14.0,57219.53846153846,2,2,0,2
12807,0.7,-0.10511437376110466,20.0,50160.75,1,1,1,2
12818,0.9130434782608695,1.7833151053099097,23.0,91379.95454545454,3,3,1,3
12825,0.875,0.3055119545152949,8.0,12881.25,3,2,0,0
12830,0.9090909090909091,1.133629252755816,33.0,55093.36363636364,3,3,1,2
12831,0.3469387755102041,-0.8610214515516716,49.0,41460.36734693877,0,0,2,1
12832,0.7272727272727273,0.18650790211259063,22.0,71972.14285714286,2,2,1,3
12833,0.9666666666666667,2.3370385623891834,30.0,43346.53333333333,3,3,1,1
12837,0.84375,1.2708538682108925,32.0,22351.40625,3,3,1,0
12839,0.3269230769230769,-2.8209178286577767,52.0,60790.270833333336,0,0,2,2
12852,0.8461538461538461,0.6402174600103646,13.0,44712.46153846154,3,3,0,1
12854,0.4,-0.625542200409575,20.0,20680.8,0,1,1,0
12855,0.7931034482758621,-0.7520122523583721,29.0,74075.66666666667,2,0,1,3
12857,0.7419354838709677,0.03780028498928667,31.0,29904.16129032258,2,2,1,0
12858,0.35119047619047616,-2.240327612081394,336.0,46880.53191489362,0,0,3,2
12865,0.6428571428571429,0.02140727930894646,56.0,42253.94642857143,1,2,2,1
12873,0.0,-3.5177344276470537,5.0,35161.4,0,0,0,1
12877,0.6037735849056604,-0.5360050432836827,106.0,58050.38461538462,1,1,2,2
12885,0.2,-1.9643823082929739,30.0,45326.96551724138,0,0,1,1
12888,0.6578947368421053,-0.31294404034331885,38.0,35233.0,1,1,1,1
12890,0.7692307692307693,-0.36281354931078713,13.0,40521.07692307692,2,1,0,1
12892,0.5714285714285714,-0.40407270498577624,21.0,70039.35,0,1,1,3
12898,1.0,2.2064582865359523,4.0,80640.25,3,3,0,3
12900,0.7894736842105263,0.3712191028645774,114.0,44896.79824561404,2,2,3,1
12904,0.45989304812834225,-0.6130793189532305,187.0,41692.64324324324,0,1,3,1
12919,0.7195121951219512,0.637084273230188,164.0,51624.7385620915,2,3,3,2
12922,0.574468085106383,-0.21007382166342492,141.0,35068.29078014184,0,1,3,1
12929,0.43283582089552236,-1.4737626475052708,67.0,60300.67692307692,0,0,2,2
12938,0.7727272727272727,-0.49675290104062514,22.0,13184.045454545454,2,1,1,0
12939,0.8076923076923077,0.06282739360913772,26.0,33713.0,2,2,1,1
12941,0.4444444444444444,0.09122716592554461,9.0,158857.14285714287,0,2,0,3
12951,0.0,-3.8375284665240583,6.0,119501.16666666667,0,0,0,3
12957,0.6912751677852349,0.661246033130013,149.0,64824.27464788732,1,3,3,3
12960,0.6902654867256637,-0.744993375122206,113.0,53546.411214953274,1,0,3,2
12963,0.6111111111111112,0.01906115131670885,18.0,45572.88888888889,1,2,1,1
12970,0.6836734693877551,0.4034637000909162,98.0,76608.87912087912,1,2,2,3
12980,0.6231884057971014,0.7772587508791396,69.0,78610.32307692307,1,3,2,3
12983,0.8846153846153846,0.8259445605069562,52.0,66366.0,3,3,2,3
12989,0.7323943661971831,-0.2312655152572362,142.0,35045.26056338028,2,1,3,1
12990,0.86,0.49504712774074744,50.0,51621.38775510204,3,2,2,2
12991,0.75,-0.25864083304484603,52.0,51036.333333333336,2,1,2,2
13012,0.8222222222222222,0.1976029154263191,45.0,54269.0,3,2,2,2
13016,0.36363636363636365,-1.33284560650014,198.0,59525.37948717949,0,0,3,2
13023,0.9038461538461539,0.8838787843273204,52.0,57975.92307692308,3,3,2,2
13028,0.8068181818181818,0.8700130040290822,88.0,45459.65517241379,2,3,2,1
13032,0.8055555555555556,1.0676664758360592,72.0,81290.78461538462,2,3,2,3
13039,0.7142857142857143,-0.6914424823810054,28.0,37333.607142857145,2,1,1,1
13040,0.8636363636363636,0.5295449422662141,44.0,87574.09302325582,3,2,2,3
13044,0.6571428571428571,0.5522780942233934,35.0,120775.33333333333,1,2,1,3
13051,0.873015873015873,1.1375302864563002,63.0,24583.73015873016,3,3,2,0
13052,0.6,-1.289059438364699,35.0,16923.4,1,0,1,0
13056,0.8571428571428571,0.592154104768137,14.0,48065.230769230766,3,3,0,2
13057,1.0,3.1914843073109314,9.0,94361.88888888889,3,3,0,3
13060,0.7664233576642335,-0.08934691265422957,137.0,43024.671875,2,1,3,1
13062,0.75,0.7773633894073245,28.0,47091.25,2,3,1,2
13065,0.7142857142857143,0.5552140053541353,35.0,30722.428571428572,2,2,1,0
13075,0.5813953488372093,-0.7493855680341817,43.0,22657.02380952381,0,0,2,0
13078,0.9454545454545454,3.1288228859170837,55.0,122895.15094339622,3,3,2,3
13096,1.0,3.504374925674748,12.0,99073.63636363637,3,3,0,3
13104,0.9019607843137255,1.4657609307980823,102.0,90611.21649484536,3,3,2,3
13106,0.7115384615384616,-0.3658765489827446,52.0,18175.96153846154,1,1,2,0
13108,0.7583333333333333,-0.2670864156650043,120.0,68324.10619469026,2,1,3,3
13117,0.6551724137931034,-0.29107542156740573,87.0,65185.58139534884,1,1,2,3
13123,0.8688524590163934,1.4228851010404149,122.0,35026.024590163935,3,3,3,1
13124,0.7948717948717948,1.0125847390349931,39.0,60354.35897435898,2,3,1,2
13127,0.6507936507936508,0.36295198617190383,63.0,76684.61016949153,1,2,2,3
13131,0.9117647058823529,1.6613252091235013,34.0,66045.67647058824,3,3,1,3
13139,0.5769230769230769,-0.4073879995479086,26.0,87678.0,0,1,1,3
13155,0.8225806451612904,-0.06815130689605596,62.0,37086.06451612903,3,1,2,1
13157,0.8852459016393442,0.8131088784945161,61.0,55864.5,3,3,2,2
13175,0.5714285714285714,-0.8942710638454198,63.0,44433.88888888889,0,0,2,1
13182,0.6901408450704225,0.3505253657636813,71.0,86490.63492063493,1,2,2,3
13191,0.047619047619047616,-3.278044173653016,21.0,35810.142857142855,0,0,1,1
13194,0.5925925925925926,-0.5894835904564354,27.0,53498.8,1,1,1,2
13197,0.5982905982905983,-0.1837011379259309,117.0,60871.434782608696,1,1,3,2
13199,0.2857142857142857,-1.0551056346437506,14.0,52016.21428571428,0,0,0,2
13202,0.7923497267759563,0.06589923790336141,183.0,56026.43956043956,2,2,3,2
13205,0.6136363636363636,-0.6905695438427857,176.0,39313.857142857145,1,1,3,1
13206,0.7073170731707317,-0.43836459227863245,41.0,56667.38461538462,1,1,1,2
13218,0.7878787878787878,0.31380101188349463,66.0,37418.681818181816,2,2,2,1
13220,0.8181818181818182,-0.7508452568052286,11.0,31172.909090909092,3,0,0,0
13223,0.7903225806451613,0.32045277692224444,62.0,59764.15254237288,2,2,2,2
13227,0.6210526315789474,0.353617128869255,95.0,78653.67391304347,1,2,2,3
13229,0.5111111111111111,-1.312965934219279,45.0,23164.06818181818,0,0,2,0
13230,0.6666666666666666,-0.4036296301685755,9.0,68144.11111111111,1,1,0,3
13234,0.54337899543379,-1.2665031809361302,219.0,53421.299019607846,0,0,3,2
13235,0.84,0.344964549184127,75.0,69507.36486486487,3,2,2,3
13236,0.8524590163934426,0.5967564967204659,61.0,58288.46666666667,3,3,2,2
13244,0.652542372881356,-0.9411441234816869,118.0,42222.025862068964,1,0,3,1
13247,0.8870967741935484,0.3590949628317458,62.0,32258.573770491803,3,2,2,1
13253,0.8148148148148148,-0.8305789727220859,27.0,43173.92307692308,3,0,1,1
13256,0.7746478873239436,0.10858643656546675,71.0,59642.89705882353,2,2,2,2
13258,0.8529411764705882,1.1921057493396374,34.0,71342.70588235294,3,3,1,3
13263,0.9142857142857143,1.7117802941713491,35.0,51494.08571428571,3,3,1,2
13271,0.8013698630136986,-0.04538372966089761,146.0,28485.781690140844,2,2,3,0
13275,0.5909090909090909,-0.831672007751732,44.0,31870.13953488372,1,0,2,0
13281,0.9375,1.2933500333027914,64.0,88012.10344827586,3,3,2,3
13282,1.0,1.8616991792647097,3.0,114067.33333333333,3,3,0,3
13290,0.7083333333333334,-0.18197690800457456,48.0,40293.32608695652,1,1,2,1
13291,0.7037037037037037,0.9805193895326318,27.0,74458.70370370371,1,3,1,3
13295,0.8666666666666667,1.4050490024602362,15.0,17333.5,3,3,1,0
13296,0.7469879518072289,-0.2244897605101614,83.0,47588.819277108436,2,1,2,2
13301,0.7088607594936709,-0.2618341712295688,79.0,52406.333333333336,1,1,2,2
13311,0.6307692307692307,-0.8328019049960365,65.0,50152.27419354839,1,0,2,2
13319,0.7619047619047619,0.27274253263203235,21.0,92773.28571428571,2,2,1,3
13322,0.7619047619047619,0.21976697796903902,42.0,66533.09756097561,2,2,1,3
13332,0.7083333333333334,0.5438787140018864,72.0,70110.81944444444,1,2,2,3
13336,0.8918918918918919,1.8474800951575034,37.0,73362.97222222222,3,3,1,3
13345,0.6666666666666666,-0.9523117982122047,36.0,23921.571428571428,1,0,1,0
13354,0.7586206896551724,0.08433961566685826,58.0,38301.724137931036,2,2,2,1
13356,0.44,-0.2763463132702169,25.0,110871.19047619047,0,1,1,3
13368,0.7627118644067796,-0.33201311029991537,118.0,46319.92105263158,2,1,3,2
13377,0.6521739130434783,-0.8634658591816604,92.0,46576.95505617977,1,0,2,2
13380,0.7078651685393258,-0.3150361455915428,89.0,44351.25842696629,1,1,2,1
13384,0.782608695652174,-0.028366067817343594,46.0,17493.5,2,2,2,0
13416,0.8653846153846154,1.2039903356825943,104.0,91078.93939393939,3,3,2,3
13423,0.6739130434782609,0.15259352174947197,46.0,50499.73809523809,1,2,2,2
13431,0.5098039215686274,-0.31149551414886345,51.0,42128.62745098039,0,1,2,1
13439,0.8888888888888888,0.6320557179259743,108.0,30483.88888888889,3,3,2,0
13446,0.6056338028169014,-1.7327635799535481,71.0,19118.87323943662,1,0,2,0
13447,0.8522727272727273,0.316554734755405,88.0,51907.8275862069,3,2,2,2
13452,0.6142857142857143,-0.84038007250591,70.0,47212.35294117647,1,0,2,2
13453,0.7108433734939759,-0.3708387238458889,83.0,37067.329268292684,1,1,2,1
13457,0.5897435897435898,-1.0491344276754353,39.0,58918.02631578947,1,0,1,2
13463,0.5633802816901409,-1.1999812105493555,71.0,80036.9857142857,0,0,2,3
13467,0.8064516129032258,0.8800361044975263,124.0,34341.21138211382,2,3,3,1
13468,0.7484276729559748,0.3397108405499803,159.0,62852.06451612903,2,2,3,2
13474,0.703125,-0.3393107960920097,64.0,87042.01666666666,1,1,2,3
13479,0.5098039215686274,-0.7022176758547549,51.0,30828.29411764706,0,1,2,0
13481,0.8333333333333334,0.6564926346455324,18.0,49193.27777777778,3,3,1,2
13490,0.5970149253731343,-0.977667854999874,67.0,45156.835820895525,1,0,2,1
13496,0.8543689320388349,0.6152316507335791,103.0,40933.3786407767,3,3,2,1
13499,0.62,-0.9857373477037068,150.0,34350.75,1,0,3,1
13501,0.8571428571428571,0.5290610625626241,14.0,74125.16666666667,3,2,0,3
13503,0.8333333333333334,1.0535610916163691,6.0,150287.0,3,3,0,3
13506,0.7876712328767124,1.0392393614808846,146.0,49609.308219178085,2,3,3,2
13508,0.5789473684210527,-0.8109906136798547,38.0,44128.21052631579,0,0,1,1
13518,0.8787878787878788,0.33920094779960386,33.0,33536.06060606061,3,2,1,1
13520,0.8333333333333334,0.8860776118163919,18.0,40884.833333333336,3,3,1,1
13521,0.4444444444444444,-0.9045808762935678,18.0,19175.944444444445,0,0,1,0
13523,0.8620689655172413,0.8787731050493782,145.0,47355.65034965035,3,3,3,2
13525,0.8888888888888888,1.334688023207426,18.0,50660.38888888889,3,3,1,2
13531,0.7631578947368421,-0.10147172167017766,38.0,67389.0625,2,1,1,3
13538,0.7608695652173914,0.4417089512948888,46.0,24411.58695652174,2,2,2,0
13539,0.36231884057971014,-1.8673422099795363,69.0,58947.65625,0,0,2,2
13550,0.6756756756756757,-0.5105033320465316,74.0,45761.232876712325,1,1,2,1
13559,0.7246376811594203,-1.2816330668516307,69.0,25282.426470588234,2,0,2,0
13568,0.8148148148148148,0.38655167299047,27.0,77673.04,3,2,1,3
13584,0.8333333333333334,-0.891465604328473,12.0,12336.666666666666,3,0,0,0
13590,0.6288659793814433,-1.4636214233321325,97.0,44692.791666666664,1,0,2,1
13603,0.8888888888888888,0.7517583544096291,9.0,76041.0,3,3,0,3
13615,0.7358490566037735,0.09847497801088727,53.0,43674.92452830189,2,2,2,1
13618,0.8409090909090909,0.4300657564321707,44.0,97546.81818181818,3,2,2,3
13629,0.6363636363636364,-0.4347872494638041,11.0,35743.72727272727,1,1,0,1
13630,0.9285714285714286,1.9143609264526948,28.0,59062.53571428572,3,3,1,2
13633,0.8333333333333334,-0.050996882402787186,24.0,41751.13043478261,3,2,1,1
13635,0.44680851063829785,-1.7305980634485407,47.0,44549.0,0,0,2,1
13642,0.7948717948717948,-0.05789200647794878,39.0,64307.40540540541,2,1,1,3
13650,0.5625,-0.29047242552191294,16.0,79903.1875,0,1,1,3
13651,0.4,-0.8171093610634099,10.0,43414.4,0,0,0,1
13655,0.8235294117647058,0.5010241846629975,17.0,68137.88235294117,3,2,1,3
13662,0.7906976744186046,1.1830415845399598,43.0,44681.25581395349,2,3,2,1
13666,0.5555555555555556,-0.8301817428518927,9.0,20910.222222222223,0,0,0,0
13673,0.9047619047619048,1.0078197028674614,42.0,30075.60975609756,3,3,1,0
13675,0.7288135593220338,0.10071383555487777,177.0,45303.40462427746,2,2,3,1
13687,0.7333333333333333,0.13244852689138015,15.0,21898.666666666668,2,2,1,0
13694,0.8181818181818182,0.7936175541133927,11.0,59275.8,3,3,0,2
13698,0.875,-0.09997310456750977,8.0,45048.75,3,1,0,1
13699,0.8135593220338984,0.24372293910882092,59.0,34483.813559322036,3,2,2,1
13702,0.6461538461538462,0.21440176004518788,65.0,19853.30769230769,1,2,2,0
13710,0.375,-0.9338624518860342,8.0,32700.625,0,0,0,1
13712,0.38235294117647056,-0.34907875814733685,68.0,66045.24242424243,0,1,2,3
13721,0.5333333333333333,-0.3776785871430104,15.0,59841.53846153846,0,1,1,2
13726,0.0,-4.690312570196071,10.0,34536.4,0,0,0,1
13728,0.6923076923076923,-0.866046599102334,13.0,54761.92307692308,1,0,0,2
13738,0.7875,0.03746847400302024,80.0,34648.7875,2,2,2,1
13741,0.6666666666666666,0.11858534254714964,3.0,43399.0,1,2,0,1
13743,0.7971014492753623,0.9130201377514994,69.0,75955.87301587302,2,3,2,3
13744,0.7738095238095238,0.9394829488418284,84.0,49436.01204819277,2,3,2,2
13751,0.6666666666666666,0.2541871331558692,18.0,106282.76470588235,1,2,1,3
13756,0.6833333333333333,-0.3623396630846811,60.0,44855.333333333336,1,1,2,1
13767,1.0,3.504374925674748,12.0,29893.333333333332,3,3,0,0
13778,0.7142857142857143,0.418274240484461,14.0,23134.785714285714,2,2,0,0
13781,0.7872340425531915,0.03713407855930683,47.0,54891.64444444444,2,2,2,2
13791,0.8301886792452831,0.350750537794242,53.0,82999.22,3,2,2,3
13800,0.8333333333333334,0.19322336800714437,18.0,21285.333333333332,3,2,1,0
13813,1.0,3.504374925674748,12.0,26037.916666666668,3,3,0,0
13814,1.0,4.521269435357152,51.0,55771.509803921566,3,3,2,2
13836,0.6078431372549019,-0.2595773868256381,102.0,42644.17647058824,1,1,2,1
13837,0.49429657794676807,-1.0691839517007506,263.0,33554.79007633588,0,0,3,1
13838,0.6914893617021277,-0.4937034461190939,188.0,44265.5935828877,1,1,3,1
13843,0.7794117647058824,0.3554673384533876,136.0,66112.03053435114,2,2,3,3
13856,1.0,3.782499919775918,16.0,11301.0,3,3,1,0
13857,0.7325581395348837,0.28404758962827625,86.0,37664.78313253012,2,2,2,1
13864,0.8809523809523809,1.132777164745792,42.0,36538.80487804878,3,3,1,1
13865,0.47058823529411764,0.14913444711726714,17.0,88620.5,0,2,1,3
13869,0.5,-0.03301914335449332,14.0,134577.53846153847,0,2,0,3
13872,0.9444444444444444,2.123582111985653,18.0,78997.5,3,3,1,3
13877,0.7905405405405406,0.11594044835873392,148.0,80144.19444444444,2,2,3,3
13879,0.5357142857142857,-1.0236743034019558,84.0,41471.97530864197,0,0,2,1
13884,0.9130434782608695,1.5091917691924654,92.0,34497.641304347824,3,3,2,1
13895,0.5376344086021505,-1.0328809675924382,93.0,51228.055555555555,0,0,2,2
13899,0.7111111111111111,-0.3423569213563016,45.0,31935.88888888889,1,1,2,1
13902,0.5647058823529412,-0.17726762621310785,85.0,22429.690476190477,0,1,2,0
13909,0.8888888888888888,0.8111618390152903,9.0,22566.88888888889,3,3,0,0
13911,0.7619047619047619,0.6361897894133512,42.0,51039.40476190476,2,3,1,2
13912,1.0,1.8616991792647097,3.0,9036.333333333334,3,3,0,0
13915,0.9242424242424242,0.7700832744366346,66.0,18763.560606060608,3,3,2,0
13919,0.9459459459459459,1.6808337163282678,37.0,20624.675675675677,3,3,1,0
13923,0.6878980891719745,-0.044002301689260406,157.0,34254.21935483871,1,2,3,1
13926,0.49710982658959535,-1.163041077302717,173.0,33945.686046511626,0,0,3,1
13928,0.8688524590163934,0.8000848170684125,61.0,25577.262295081968,3,3,2,0
13933,0.8735632183908046,0.9726910005672171,87.0,40626.54022988506,3,3,2,1
13935,0.7540983606557377,0.1529843920643583,61.0,76445.5172413793,2,2,2,3
13940,0.5909090909090909,0.5305768250659103,176.0,70592.49101796407,1,2,3,3
13951,0.7777777777777778,0.6288379353706168,9.0,48073.666666666664,2,3,0,2
13953,0.41025641025641024,-1.4135512773986532,39.0,24029.102564102563,0,0,1,0
13956,0.5869565217391305,-1.0976474567735046,46.0,35203.17391304348,1,0,2,1
13957,0.6,0.0837981211588291,20.0,61063.95,1,2,1,2
13960,0.8888888888888888,1.1099244222603974,63.0,51175.11111111111,3,3,2,2
13964,0.6511627906976745,-0.5395776170336367,43.0,64919.88372093023,1,1,2,3
13965,0.7213114754098361,0.34413582566850826,61.0,71514.93220338984,2,2,2,3
13972,0.6019417475728155,0.1332029400268366,103.0,43894.7572815534,1,2,2,1
13976,0.875,0.3610479229693984,24.0,26299.666666666668,3,2,1,0
13977,0.8571428571428571,-0.30485701518646124,7.0,25272.714285714286,3,1,0,0
13988,0.5714285714285714,-0.46083684221406823,28.0,13941.607142857143,0,1,1,0
13990,0.6989795918367347,-0.4410217320879575,196.0,32044.432989690722,1,1,3,1
13998,0.675,-1.4721311884005253,40.0,20121.75,1,0,1,0
14001,0.8333333333333334,0.7571927347219001,90.0,39369.3,3,3,2,1
14003,0.6331360946745562,-0.7220664889745672,169.0,68281.21212121213,1,0,3,3
14005,0.7241379310344828,0.19095640338515585,29.0,47441.275862068964,2,2,1,2
14011,0.6666666666666666,0.3831905078500036,48.0,46905.89361702128,1,2,2,2
14019,0.5119047619047619,-1.3690951743431943,84.0,29297.698795180724,0,0,2,0
14025,0.7758620689655172,-0.09537946454332617,58.0,27873.327586206895,2,1,2,0
14028,0.7227722772277227,-0.22828167757501394,101.0,45520.07920792079,2,1,2,1
14030,0.38,-2.144253665408173,150.0,22096.56375838926,0,0,3,0
14032,0.7857142857142857,0.2756034182146507,14.0,130020.09090909091,2,2,0,3
14034,0.6388888888888888,-0.9397663372440882,36.0,47259.944444444445,1,0,1,2
14047,0.7142857142857143,0.21568069818676863,42.0,25269.268292682926,2,2,1,0
14048,0.6065573770491803,-1.3553562312913348,122.0,41260.68965517241,1,0,3,1
14054,0.5901639344262295,-0.9150694679990202,61.0,63486.147540983606,1,0,2,3
14069,0.5,-0.9097206506074619,10.0,75491.0,0,0,0,3
14087,0.8970588235294118,2.261289757873757,136.0,91668.30645161291,3,3,3,3
14090,0.7058823529411765,0.15010386435228895,34.0,72309.17647058824,1,2,1,3
14098,0.7142857142857143,-0.09939757481877627,63.0,62762.15,2,1,2,2
14101,0.725,0.0012476700116221947,80.0,19785.1,2,2,2,0
14103,0.8108108108108109,0.5696994974972127,74.0,35475.95945945946,2,2,2,1
14106,0.7903225806451613,0.466487457721268,62.0,28367.16129032258,2,2,2,0
14109,0.8,-0.29778853547899864,15.0,37550.53333333333,2,1,1,1
14113,0.6538461538461539,-1.143109917527043,26.0,40267.92307692308,1,0,1,1
14115,0.2903225806451613,-2.00190398221388,31.0,37585.34482758621,0,0,1,1
14117,0.6206896551724138,0.1948153918917919,29.0,67371.28571428571,1,2,1,3
14118,0.75,0.46280815246257917,36.0,79466.88888888889,2,2,1,3
14119,0.92,1.2149932514177866,25.0,50286.30434782609,3,3,1,2
14120,0.8857142857142857,0.7884649842952778,35.0,18027.742857142857,3,3,1,0
14123,0.6904761904761905,-0.8502569832978871,42.0,56362.12195121951,1,0,1,2
14126,0.5454545454545454,-0.5815807247151923,33.0,48452.8125,0,1,1,2
14127,0.785234899328859,0.5867620024259294,149.0,50051.61073825503,2,3,3,2
14134,0.14285714285714285,-1.6611532211427151,7.0,80433.5,0,0,0,3
14139,0.6666666666666666,-0.23684530833912099,21.0,29610.095238095237,1,1,1,0
14143,0.6604938271604939,-0.4519652183521026,162.0,69733.4625,1,1,3,3
14146,0.5348837209302325,-0.2713992406183535,43.0,26745.25581395349,0,1,2,0
14152,0.7,-0.8041339218501977,50.0,41207.96,1,0,2,1
14154,0.47619047619047616,-1.9154395078445021,21.0,45104.80952380953,0,0,1,1
14155,0.9425287356321839,1.3005311554911485,87.0,11244.19540229885,3,3,2,0
14161,0.72,0.4286890778294555,50.0,70385.97959183673,2,2,2,3
14163,0.75,0.8105107742837752,44.0,53466.25581395349,2,3,2,2
14164,0.6607142857142857,0.2453618945588625,56.0,45247.57142857143,1,2,2,1
14172,0.6666666666666666,-0.5184515300337139,6.0,11064.0,1,1,0,0
14176,0.6956521739130435,-0.8098309556754134,23.0,24193.956521739132,1,0,1,0
14180,0.5862068965517241,-0.7468359139287715,29.0,23452.241379310344,1,0,1,0
14184,0.7898550724637681,0.16939609023820612,276.0,36252.642335766424,2,2,3,1
14189,0.6666666666666666,-0.9877363693529709,54.0,32761.25925925926,1,0,2,1
14198,0.7692307692307693,-0.1319518030492763,13.0,65620.61538461539,2,1,0,3
14204,0.7560975609756098,0.08205767762644703,82.0,61957.79268292683,2,2,2,2
14207,0.9444444444444444,1.4669381915168547,18.0,48707.27777777778,3,3,1,2
14211,0.4457831325301205,-1.8319404025610029,83.0,57621.46575342466,0,0,2,2
14213,0.16666666666666666,-2.138641503620143,18.0,38972.9375,0,0,1,1
14224,0.6666666666666666,-0.5010207169811023,9.0,20241.0,1,1,0,0
14228,0.6,-1.1385653320896283,25.0,28433.125,1,0,1,0
14235,0.5,-0.6064276283930711,12.0,63009.0,0,1,0,3
14237,0.6091954022988506,-0.808321672020798,87.0,35659.67058823529,1,0,2,1
14241,0.3971631205673759,-1.5605097911000225,141.0,36796.09420289855,0,0,3,1
14242,0.5052631578947369,-1.723320492652975,95.0,32504.55319148936,0,0,2,1
14246,0.9259259259259259,0.7190468657090221,27.0,11825.74074074074,3,3,1,0
14251,0.631578947368421,0.060993985930986816,57.0,50095.142857142855,1,2,2,2
14252,0.7894736842105263,0.8864230578224898,19.0,57451.82352941176,2,3,1,2
14259,0.5,-2.5023492612348015,8.0,38136.0,0,0,0,1
14263,0.8181818181818182,-0.38618452197574327,11.0,33755.90909090909,3,1,0,1
14271,0.8024691358024691,-0.09461168854829476,81.0,32254.654320987655,2,1,2,1
14283,0.8333333333333334,1.3948645024897246,18.0,55373.5,3,3,1,2
14284,0.8548387096774194,0.5623836978426796,62.0,53239.86666666667,3,2,2,2
14289,0.0,-6.156035248382344,35.0,9823.257142857143,0,0,1,0
14291,0.6428571428571429,-1.3517205853421321,28.0,14286.5,1,0,1,0
14303,0.6666666666666666,0.31306497073773,30.0,69092.1724137931,1,2,1,3
14309,0.7666666666666667,0.6448429788352691,60.0,47749.583333333336,2,3,2,2
14311,0.8181818181818182,-0.10817108670407158,11.0,18344.545454545456,3,1,0,0
14314,0.7857142857142857,0.27539193237165016,14.0,16727.071428571428,2,2,0,0
14318,0.7272727272727273,-0.4696592156267232,11.0,56088.9,2,1,0,2
14320,0.671875,0.3726532877415083,64.0,38740.91803278688,1,2,2,1
14321,0.5882352941176471,0.014780439661460032,68.0,56002.05970149254,1,2,2,2
14325,0.5777777777777777,-0.7411921905468571,45.0,30702.044444444444,0,0,2,0
14330,0.6578947368421053,0.20515232894247157,38.0,45729.57894736842,1,2,1,1
14335,0.8571428571428571,0.8898204331696568,42.0,72206.34146341463,3,3,1,3
14338,0.25,0.29725900967571384,4.0,29412.5,0,2,0,0
14339,0.782608695652174,0.9841663887503894,23.0,66162.21739130435,2,3,1,3
14344,0.6888888888888889,0.5385461279875947,45.0,56077.61363636364,1,2,2,2
14345,0.5241935483870968,-0.2991031640585081,124.0,41111.41463414634,0,1,3,1
14348,0.35714285714285715,-1.1263344943944598,14.0,30315.5,0,0,0,0
14349,0.5476190476190477,-0.5731918117050333,84.0,63580.444444444445,0,1,2,3
14351,0.95,2.079000745565479,60.0,90902.81355932204,3,3,2,3
14363,0.5789473684210527,-0.6430836968852237,19.0,44647.0,0,1,1,1
14369,0.6111111111111112,-0.6329535215330439,18.0,66013.64705882352,1,1,1,3
14375,0.7,-0.5203358251449163,40.0,39612.925,1,1,1,1
14378,0.13333333333333333,-3.7683645917976776,15.0,19500.666666666668,0,0,1,0
14385,0.6451612903225806,0.2567623985662294,93.0,43440.391304347824,1,2,2,1
14386,0.7333333333333333,0.3240474187718063,75.0,25049.493333333332,2,2,2,0
14387,0.7333333333333333,0.36315826602695817,30.0,48705.7,2,2,1,2
14389,0.6818181818181818,1.7575065627584474,22.0,86256.7,1,3,1,3
14395,0.6,-0.3096107003298338,5.0,25912.6,1,1,0,0
14398,0.375,-1.8649466045847356,24.0,72528.39130434782,0,0,1,3
14402,1.0,1.8616991792647097,3.0,114614.0,3,3,0,3
14409,0.5,-0.5246252899505685,10.0,62630.9,0,1,0,2
14415,0.6027397260273972,-0.5567903815237073,73.0,79164.80882352941,1,1,2,3
14418,0.7662337662337663,-0.13944996681912833,77.0,37518.818181818184,2,1,2,1
14426,0.7361111111111112,1.144733937687769,72.0,79000.22535211267,2,3,2,3
14427,0.6,0.37398826767753207,50.0,97321.47619047618,1,2,2,3
14430,0.8666666666666667,0.9593788237129095,15.0,82103.42857142857,3,3,1,3
14438,0.7619047619047619,1.1112643127793624,42.0,111011.58823529411,2,3,1,3
14440,0.864406779661017,1.1055486576267177,59.0,81184.66666666667,3,3,2,3
14445,0.6190476190476191,-0.032729262531360985,21.0,50946.28571428572,1,2,1,2
14447,0.7346938775510204,-0.22793270081075592,49.0,119079.0,2,1,2,3
14448,0.8367346938775511,0.6372451738150953,196.0,64496.703125,3,3,3,3
14453,0.9423076923076923,1.7679854566679747,52.0,53643.53846153846,3,3,2,2
14454,0.7,-0.20414516771054952,30.0,22329.133333333335,1,1,1,0
14456,0.7586206896551724,0.14934055573120603,29.0,30998.464285714286,2,2,1,0
14457,0.8284023668639053,0.7900184655989011,169.0,81456.84337349398,3,3,3,3
14459,0.6086956521739131,-0.8675353581251608,46.0,17897.108695652172,1,0,2,0
14464,0.9230769230769231,0.4824703028684,13.0,53239.153846153844,3,2,0,2
14471,0.7571428571428571,-0.013600004445127094,70.0,102702.71212121213,2,2,2,3
14491,0.7346938775510204,-1.009587615885106,49.0,21150.448979591838,2,0,2,0
14492,0.6923076923076923,-0.5390152368961719,26.0,65377.46153846154,1,1,1,3
14493,0.9587628865979382,1.8977166945097441,97.0,39144.52631578947,3,3,2,1
14494,0.2,-0.8292962157572343,5.0,57231.8,0,0,0,2
14498,0.6822429906542056,-0.269209706022355,107.0,56611.796116504855,1,1,2,2
14499,0.3448275862068966,-2.0929403949725693,29.0,31104.827586206895,0,0,1,0
14500,0.6530612244897959,-0.30011014887946214,98.0,29639.683673469386,1,1,2,0
14508,0.44,-1.4089186416425517,25.0,91652.16,0,0,1,3
14509,0.7692307692307693,0.38306603540315803,13.0,46333.53846153846,2,2,0,2
14524,0.8392857142857143,0.8401398978956985,56.0,45777.92156862745,3,3,2,1
14527,0.8846153846153846,1.1430747566432446,78.0,65228.217948717946,3,3,2,3
14528,0.7413793103448276,0.022514763231977136,116.0,64120.027272727275,2,2,3,3
14537,0.627906976744186,-0.04952037282798698,43.0,60460.48837209302,1,2,2,2
14541,0.7485380116959064,-0.015311963901212783,171.0,73786.20958083832,2,2,3,3
14544,0.686046511627907,-0.5272912462404128,86.0,57295.4375,1,1,2,2
14553,0.6463414634146342,-0.8481452136503813,82.0,23648.19512195122,1,0,2,0
14560,0.5700934579439252,-0.4063920156258646,107.0,33863.09433962264,0,1,2,1
14579,0.46153846153846156,-0.615219262212743,26.0,41254.46153846154,0,1,1,1
14581,0.8181818181818182,0.8592328575742825,33.0,14991.363636363636,3,3,1,0
14584,0.8045112781954887,-0.0160558097419814,133.0,64629.108527131786,2,2,3,3
14588,0.896551724137931,0.6595839036831265,29.0,92172.66666666667,3,3,1,3
14590,0.8467741935483871,0.9078181249462713,124.0,55819.42975206611,3,3,3,2
14600,0.5853658536585366,0.07058915013023655,41.0,105688.72972972973,1,2,1,3
14605,0.5254237288135594,-1.1058731385052212,59.0,70761.77586206897,0,0,2,3
14619,0.8888888888888888,1.2929594661159083,63.0,36249.95161290323,3,3,2,1
14620,0.7926829268292683,0.2200362819131334,82.0,55781.62195121951,2,2,2,2
14622,0.631578947368421,-0.09265578812747756,38.0,30357.42105263158,1,1,1,0
14624,0.8235294117647058,0.5366596425178746,34.0,31097.147058823528,3,2,1,0
14625,0.7746478873239436,0.7639503032660555,142.0,45908.95744680851,2,3,3,2
14632,0.4583333333333333,-0.6314775212672117,24.0,49578.958333333336,0,1,1,2
14637,0.8955223880597015,1.4723684707108402,67.0,38828.985074626864,3,3,2,1
14639,0.7669172932330827,1.1454026922619762,133.0,67632.96923076923,2,3,3,3
14641,0.6176470588235294,0.5463265922323459,68.0,67616.92424242424,1,2,2,3
14648,0.6944444444444444,-0.4657454465879757,36.0,31055.166666666668,1,1,1,0
14650,1.0,1.8616991792647097,3.0,26216.333333333332,3,3,0,0
14666,0.8666666666666667,-0.1639018401682813,60.0,41214.661016949154,3,1,2,1
14669,0.8974358974358975,0.9367364739687714,78.0,45768.63157894737,3,3,2,1
14672,0.5862068965517241,-0.38082218213517,29.0,21550.931034482757,1,1,1,0
14674,1.0,3.658075580309605,14.0,33102.692307692305,3,3,0,1
14676,0.736,-0.12299152909042486,125.0,42240.74380165289,2,1,3,1
14678,0.8571428571428571,0.8471628758357407,28.0,102734.95652173914,3,3,1,3
14684,0.8157894736842105,1.1055926192973082,38.0,96722.94594594595,3,3,1,3
14685,0.7294117647058823,-0.41007897274803756,170.0,35909.7705882353,2,1,3,1
14689,0.7195121951219512,0.23019257190040845,82.0,70227.29487179487,2,2,2,3
14696,0.7777777777777778,0.1482304546369881,45.0,66335.34090909091,2,2,2,3
14697,0.6987951807228916,-0.5918876063921131,83.0,27641.843373493975,1,1,2,0
14712,0.719626168224299,-0.513114072269127,107.0,30146.905660377357,2,1,2,0
14715,0.6666666666666666,0.4537219652997516,9.0,30580.777777777777,1,2,0,0
14735,0.7931034482758621,0.2970077081292181,29.0,94838.24137931035,2,2,1,3
14755,0.5714285714285714,-0.5844012701990762,7.0,40200.42857142857,0,1,0,1
14759,0.8888888888888888,0.7160904613748937,36.0,17799.571428571428,3,3,1,0
14762,0.7450980392156863,0.2969569856879805,51.0,28534.058823529413,2,2,2,0
14763,0.7058823529411765,-0.8364518210366466,17.0,18702.352941176472,1,0,1,0
14768,0.813953488372093,0.49010577951237827,43.0,65639.30232558139,3,2,2,3
14770,0.6935483870967742,-0.3654033321495597,62.0,55673.17741935484,1,1,2,2
14773,0.6829268292682927,-0.7657244752273201,82.0,20558.46913580247,1,0,2,0
14774,0.3888888888888889,-1.5109234706605155,18.0,57471.444444444445,0,0,1,2
14777,1.0,2.4822655723529463,5.0,91130.8,3,3,0,3
14781,0.68,0.2959101676810738,75.0,75012.87837837837,1,2,2,3
14783,0.2,-1.4533564613264751,5.0,12106.8,0,0,0,0
14784,0.6206896551724138,-0.8078191571285354,58.0,34954.724137931036,1,0,2,1
14786,0.5333333333333333,-0.9617886671064279,45.0,39209.933333333334,0,0,2,1
14793,0.7746478873239436,0.09098024819275143,142.0,63679.55319148936,2,2,3,3
14800,0.6363636363636364,-1.1998017275315362,66.0,25716.227272727272,1,0,2,0
14819,0.5,-1.2730066905818003,50.0,42624.816326530614,0,0,2,1
14825,0.6956521739130435,1.2133993951836037,23.0,59737.47826086957,1,3,1,2
14837,0.8414634146341463,0.8088826089974844,82.0,86933.96052631579,3,3,2,3
14842,0.2222222222222222,-0.6840299937306602,9.0,58573.666666666664,0,1,0,2
14843,0.6122448979591837,-1.1154511072477022,49.0,52346.816326530614,1,0,2,2
14847,0.4166666666666667,-1.5895283442873658,24.0,21193.0,0,0,1,0
14852,0.5555555555555556,-0.4790052804520911,18.0,32732.277777777777,0,1,1,1
14853,0.7521367521367521,-0.3977163725019786,117.0,39751.34188034188,2,1,3,1
14855,0.5555555555555556,0.02212938461858113,9.0,65945.88888888889,0,2,0,3
14875,0.85,0.4823139247679411,20.0,20889.85,3,2,1,0
14880,0.9166666666666666,0.23072454536586637,12.0,38045.583333333336,3,2,0,1
14883,0.16666666666666666,-1.2068613836421014,6.0,43658.5,0,0,0,1
14890,0.9,0.5844951265388089,10.0,62640.6,3,3,0,2
14897,0.36065573770491804,-2.5108402512281924,61.0,14614.22950819672,0,0,2,0
14898,0.7837837837837838,0.10689268681352673,37.0,38831.81081081081,2,2,1,1
14900,0.7021276595744681,-0.4660210922475944,47.0,106072.20454545454,1,1,2,3
14907,1.0,4.009813616877836,21.0,53153.142857142855,3,3,1,2
14909,0.6551724137931034,0.32910263090562575,29.0,84351.53846153847,1,2,1,3
14915,0.8493150684931506,-0.07731496070305026,73.0,38506.45205479452,3,1,2,1
14918,0.8407079646017699,0.6315176201027373,113.0,60033.95238095238,3,3,3,2
14922,0.5,-0.7171009986639404,32.0,21979.46875,0,0,1,0
14924,0.12903225806451613,-3.9579322420638627,31.0,22689.366666666665,0,0,1,0
14930,0.6481481481481481,-0.8126794209883499,54.0,36839.92592592593,1,0,2,1
14942,0.9,0.6722720930561943,20.0,46082.6,3,3,1,2
14945,0.7446808510638298,-0.25198281437091086,47.0,45862.65217391304,2,1,2,2
14956,0.6363636363636364,-0.38154881687444736,11.0,44089.72727272727,1,1,0,1
14957,0.6842105263157895,-1.091724819264704,19.0,25043.842105263157,1,0,1,0
14963,0.44761904761904764,-1.4100933743111939,105.0,24797.409523809525,0,0,2,0
14966,0.8082191780821918,-0.39977011863806716,73.0,44018.02857142857,2,1,2,1
14985,0.9903846153846154,1.9701389147932549,104.0,7044.048076923077,3,3,2,0
14988,0.8615384615384616,0.9832296188119057,65.0,17221.66153846154,3,3,2,0
14990,0.8518518518518519,1.3832479220507858,54.0,31919.37037037037,3,3,2,0
14991,0.8518518518518519,0.247095868634102,135.0,26215.533333333333,3,2,3,0
14997,0.8333333333333334,1.6084833445675408,36.0,66451.16666666667,3,3,1,3
14999,0.47368421052631576,0.3111535310255438,57.0,58115.357142857145,0,2,2,2
15004,0.7456140350877193,0.38381622448308206,114.0,36707.68421052631,2,2,3,1
15006,0.6666666666666666,-0.9759821740177687,27.0,43355.18518518518,1,0,1,1
15010,0.43243243243243246,-0.7502458881406372,37.0,36420.62162162162,0,0,1,1
15013,0.7272727272727273,0.2769080964494206,22.0,54005.09090909091,2,2,1,2
15019,0.25,-1.3323505313290853,20.0,74757.75,0,0,1,3
15021,0.4090909090909091,-1.1291484882174885,44.0,66713.375,0,0,2,3
15022,0.7435897435897436,0.1769674263126912,39.0,89442.02777777778,2,2,1,3
15027,0.6,-0.7507900616476647,20.0,94486.55555555556,1,0,1,3
15028,0.47368421052631576,-1.2278291615694277,38.0,50755.81081081081,0,0,1,2
15040,0.6312056737588653,0.04046885126683291,141.0,70194.25,1,2,3,3
15046,0.648,0.7033750363738142,125.0,97705.81512605042,1,3,3,3
15065,0.75,-0.13994600167330745,128.0,68904.6393442623,2,1,3,3
15074,1.0,3.3096874298039283,10.0,63110.625,3,3,0,3
15082,0.8604651162790697,0.5490321189244082,43.0,52564.79069767442,3,2,2,2
15085,0.9090909090909091,1.060109590803806,44.0,52851.41860465116,3,3,2,2
15086,0.6382978723404256,-0.6466979967749906,94.0,64251.51764705883,1,1,2,3
15091,0.9361702127659575,1.3908064250534122,47.0,105531.73913043478,3,3,2,3
15092,0.9545454545454546,1.5401132372540343,22.0,40592.36363636364,3,3,1,1
15096,0.85,0.42087829413211586,40.0,72395.075,3,2,1,3
15114,0.38461538461538464,-1.618174732782955,26.0,49716.153846153844,0,0,1,2
15127,0.7300613496932515,0.6826697470938737,163.0,55388.879746835446,2,3,3,2
15130,0.9166666666666666,2.2298609979769326,36.0,37427.22222222222,3,3,1,1
15136,0.4945054945054945,-1.6368681219830241,91.0,31352.261363636364,0,0,2,0
15139,0.7763975155279503,0.5796870149324601,161.0,39981.6375,2,3,3,1
15140,0.6445783132530121,0.05919405652452353,166.0,49450.6149068323,1,2,3,2
15154,0.6976744186046512,-0.2553533458383991,86.0,58057.964705882354,1,1,2,2
15166,0.6153846153846154,0.38924087977838867,13.0,39251.25,1,2,0,1
15170,0.6666666666666666,-0.1712143734290928,18.0,45494.27777777778,1,1,1,1
15171,0.6216216216216216,0.2771942011581121,37.0,66712.77777777778,1,2,1,3
15176,0.8181818181818182,-0.06843075282321398,11.0,63093.8,3,1,0,3
15182,0.5666666666666667,0.18721806035712918,30.0,96653.10714285714,0,2,1,3
15183,0.7194244604316546,0.47223289618168657,139.0,62582.544117647056,2,2,3,2
15195,1.0,4.009813616877836,21.0,25087.380952380954,3,3,1,0
15202,0.9607843137254902,1.991528473862319,51.0,17186.098039215685,3,3,2,0
15203,0.0,-2.6383008207352905,3.0,49195.0,0,0,0,2
15204,0.6966292134831461,0.44410647850534973,89.0,60046.1724137931,1,2,2,2
15211,0.6507936507936508,-0.13558140129162774,63.0,44438.6129032258,1,1,2,1
15213,0.7818181818181819,1.056606850261139,55.0,64358.72,2,3,2,3
15215,0.7692307692307693,0.27472404123278077,52.0,51394.42307692308,2,2,2,2
15224,0.8589743589743589,0.8084771901697172,156.0,68852.61842105263,3,3,3,3
15230,0.7352941176470589,0.1624253027499324,68.0,55819.477611940296,2,2,2,2
15232,0.7674418604651163,-0.2577576569971549,43.0,55646.15,2,1,2,2
15233,0.7352941176470589,-0.8674533084253216,34.0,30011.878787878788,2,0,1,0
15236,0.4594594594594595,-1.230849782636198,148.0,40870.97872340425,0,0,3,1
15244,0.8095238095238095,0.6801721128216002,21.0,72024.6,2,3,1,3
15247,0.8333333333333334,0.7207489753982635,12.0,49438.166666666664,3,3,0,2
15248,0.5448717948717948,-0.9909266535731754,156.0,74223.18120805369,0,0,3,3
15257,0.6097560975609756,0.5144629652643424,41.0,78259.56097560975,1,2,1,3
15261,0.863013698630137,0.31855069703042904,73.0,51819.12857142857,3,2,2,2
15262,0.6097560975609756,-0.9099064834573953,123.0,36915.09016393442,1,0,3,1
15263,0.75,-0.398647179031701,20.0,42318.31578947369,2,1,1,1
15268,0.7407407407407407,0.2007720311827444,27.0,68893.84615384616,2,2,1,3
15269,0.7391304347826086,0.07208739747069293,23.0,71131.81818181818,2,2,1,3
15277,0.6878048780487804,-0.5409212458905909,205.0,41357.32,1,1,3,1
15280,0.4444444444444444,-0.8309769044021904,18.0,67088.44444444444,0,0,1,3
15299,0.7692307692307693,0.4849296203520733,13.0,32311.23076923077,2,2,0,1
15310,0.7777777777777778,0.03392803127370976,9.0,22160.555555555555,2,2,0,0
15312,0.7636363636363637,1.0946359002091035,55.0,62934.2037037037,2,3,2,2
15335,0.9,1.2661414882251394,50.0,63677.02,3,3,2,3
15340,0.8888888888888888,0.9690994522182398,72.0,86543.53731343284,3,3,2,3
15345,0.4,-1.0187676419238558,5.0,44099.0,0,0,0,1
15367,0.6428571428571429,-1.6118718911305718,98.0,52184.652631578945,1,0,2,2
15373,0.6455696202531646,-0.9407249430669596,79.0,26639.58227848101,1,0,2,0
15377,0.7362637362637363,-0.5209658651078879,91.0,36290.03333333333,2,1,2,1
15378,0.8969072164948454,0.8486614825924423,97.0,70967.58947368422,3,3,2,3
15379,0.48,-1.2659392331140211,25.0,66890.08,0,0,1,3
15381,0.09090909090909091,-2.3626781800316263,11.0,62811.818181818184,0,0,0,2
15383,0.723404255319149,0.30419821103216027,47.0,46073.617021276594,2,2,2,2
15386,0.9230769230769231,-0.11498359704702457,13.0,40948.846153846156,3,1,0,1
15387,0.7142857142857143,-1.0843769179026852,28.0,45578.92857142857,2,0,1,1
15388,0.7888888888888889,0.4918693290466617,90.0,91656.77380952382,2,2,2,3
15390,0.5348837209302325,-0.8752309091901176,43.0,57982.90476190476,0,0,2,2
15393,0.64,-1.1751866521048955,25.0,39092.92,1,0,1,1
15396,0.7439024390243902,-0.16653516756509107,82.0,62578.65789473684,2,1,2,2
15397,0.8928571428571429,1.6053351929355424,28.0,53047.25,3,3,1,2
15401,0.5,-0.8916665370137449,16.0,9703.25,0,0,1,0
15404,0.9,0.89740154386679,20.0,33401.0,3,3,1,1
15407,0.7777777777777778,0.275861507654092,18.0,59761.0,2,2,1,2
15415,0.7857142857142857,0.054607316385568656,14.0,59965.5,2,2,0,2
15426,0.6444444444444445,-0.7953987923011383,45.0,34648.02272727273,1,0,2,1
15439,0.7402597402597403,-0.0927192676370344,77.0,31955.14285714286,2,1,2,1
15441,0.8421052631578947,0.2462147726479984,19.0,31505.684210526317,3,2,1,0
15445,0.9565217391304348,1.033585823875843,23.0,66212.91304347826,3,3,1,3
15446,0.31343283582089554,-1.2426614329604035,67.0,19100.119402985074,0,0,2,0
15447,0.8518518518518519,0.350891365572085,27.0,77238.29629629629,3,2,1,3
15448,0.9375,1.9175996244243603,16.0,18732.4375,3,3,1,0
15465,0.7142857142857143,-0.9363688458063195,35.0,33537.94285714286,2,0,1,1
15466,0.6782608695652174,-0.7448431561825625,115.0,46821.991228070176,1,0,3,2
15478,0.6666666666666666,-0.46669459912401395,12.0,15585.5,1,1,0,0
15485,0.7368421052631579,0.07599811325969863,19.0,87255.21052631579,2,2,1,3
15486,0.5217391304347826,-1.0096329625926648,23.0,23581.869565217392,0,0,1,0
15488,0.46153846153846156,-1.315797542926103,26.0,46189.5,0,0,1,2
15490,0.7647058823529411,0.041290233726699335,17.0,85599.91666666667,2,2,1,3
15494,0.4,-1.2939258221469547,10.0,58986.0,0,0,0,2
15502,0.4666666666666667,-0.8795284721175858,15.0,48839.666666666664,0,0,1,2
15506,0.8163265306122449,0.2778797837150696,49.0,42994.836734693876,3,2,2,1
15507,0.84375,0.6045696806264449,32.0,61110.125,3,3,1,2
15512,0.6666666666666666,-0.07808067520069936,9.0,36998.555555555555,1,1,0,1
15516,0.5454545454545454,-0.43048188420492894,55.0,54893.25,0,1,2,2
15519,0.7352941176470589,0.8548249525185913,34.0,44643.67647058824,2,3,1,1
15520,0.5483870967741935,0.07622478483497437,31.0,35814.65517241379,0,2,1,1
15528,0.5277777777777778,-0.6681089778113749,36.0,101490.8,0,1,1,3
15530,0.8,0.6129742417059078,5.0,60691.0,2,3,0,2
15531,0.75,0.04368608352608934,8.0,26332.375,2,2,0,0
15547,0.9904761904761905,1.9803808510489935,105.0,6089.561904761905,3,3,2,0
15558,0.9,1.4557042605955872,10.0,37086.9,3,3,0,1
15559,0.775,-0.3403234572255538,40.0,39302.89473684211,2,1,1,1
15563,0.48484848484848486,-0.7602497861220046,33.0,41713.545454545456,0,0,1,1
15570,0.5384615384615384,0.33636063184242193,26.0,47217.346153846156,0,2,1,2
15571,0.25,-1.2335990812224011,4.0,45946.75,0,0,0,2
15575,0.7894736842105263,0.30718011301940884,57.0,34510.929824561405,2,2,2,1
15576,0.6886792452830188,0.08505595760847272,106.0,35988.70873786408,1,2,2,1
15577,0.5714285714285714,0.30531316184970586,21.0,93227.76190476191,0,2,1,3
15581,0.6875,0.3147587205917638,32.0,65178.57142857143,1,2,1,3
15583,0.7727272727272727,-0.49675290104062525,22.0,17296.095238095237,2,1,1,0
15585,0.8260869565217391,-0.15094141385678586,23.0,18059.08695652174,3,1,1,0
15592,0.9552238805970149,1.7694534212328363,67.0,55802.36923076923,3,3,2,2
15601,1.0,2.7079260789304866,6.0,23569.833333333332,3,3,0,0
15603,0.7735849056603774,0.23889776141181648,106.0,68576.52040816327,2,2,2,3
15608,0.8040540540540541,0.5823750762498567,148.0,53551.17985611511,2,3,3,2
15613,0.7391304347826086,-0.33412681659738896,138.0,61492.744525547445,2,1,3,2
15623,0.8631578947368421,1.3943858394450674,95.0,25345.884210526317,3,3,2,0
15633,0.6538461538461539,-0.6611325938449373,52.0,50414.04,1,1,2,2
15634,0.7777777777777778,-0.5368154962786615,36.0,14426.833333333334,2,1,1,0
15635,0.7666666666666667,0.5296348146043456,30.0,17314.033333333333,2,2,1,0
15640,0.7391304347826086,0.752544333633915,23.0,37076.565217391304,2,3,1,1
15645,0.8846153846153846,1.3255226811090322,26.0,52220.4,3,3,1,2
15652,0.3333333333333333,-1.8246922856228673,27.0,40264.96296296296,0,0,1,1
15654,0.2,-2.5459745681439827,25.0,34099.72,0,0,1,1
15656,0.5833333333333334,0.3915153492989858,24.0,65183.333333333336,0,2,1,3
15658,0.7777777777777778,0.6080532201047208,63.0,30430.83870967742,2,3,2,0
15663,0.5428571428571428,-0.3801185212601109,35.0,53347.57142857143,0,1,1,2
15676,0.62,-0.7722827536805927,150.0,46290.644295302016,1,0,3,2
15687,0.8,0.032879005206054135,5.0,7812.0,2,2,0,0
15688,0.7931034482758621,1.2435480194549642,29.0,37309.724137931036,2,3,1,1
15692,0.390625,-1.7011438471134919,64.0,51797.88888888889,0,0,2,2
15695,0.5876288659793815,-0.5562855640539454,194.0,56839.357894736844,1,1,3,2
15700,0.5531914893617021,-1.1484575601170963,47.0,40810.35555555556,0,0,2,1
15708,0.8095238095238095,1.1259490128655167,42.0,66235.29268292683,2,3,1,3
15718,0.8260869565217391,0.42176986248451576,46.0,51806.13043478261,3,2,2,2
15720,0.8227848101265823,0.15278611071719775,79.0,46658.72368421053,3,2,2,2
15725,0.8089887640449438,1.2136970832257958,89.0,84169.72289156627,2,3,2,3
15726,0.693069306930693,0.20117516182530573,101.0,40335.56701030928,1,2,2,1
15734,1.0,3.504374925674748,12.0,46819.0,3,3,0,2
15736,0.46153846153846156,-0.7374506674762572,13.0,43332.230769230766,0,0,0,1
15743,0.35714285714285715,-0.14980457861803298,28.0,104326.8,0,1,1,3
15750,0.8461538461538461,1.6887618762507999,13.0,34918.692307692305,3,3,0,1
15756,0.7738095238095238,0.03289903536074973,84.0,39802.29761904762,2,2,2,1
15760,0.6170212765957447,0.2481258447698279,47.0,91143.57777777778,1,2,2,3
15764,0.8,0.006335340970153813,15.0,56248.53846153846,2,2,1,2
15765,0.6153846153846154,-0.09679281826497838,13.0,86936.53846153847,1,1,0,3
15770,0.9230769230769231,0.37848232942667215,13.0,48826.153846153844,3,2,0,2
15790,0.8857142857142857,1.529914955662272,35.0,66660.54285714286,3,3,1,3
15794,0.92,1.2548542393977793,25.0,21893.96,3,3,1,0
15804,0.5344827586206896,-1.2233071278556398,116.0,42988.043103448275,0,0,3,1
15807,0.49019607843137253,-1.3489933010912583,51.0,36905.21568627451,0,0,2,1
15808,0.8023255813953488,0.11126672779092041,86.0,29691.0,2,2,2,0
15809,0.875,0.13843987185416287,8.0,12536.5,3,2,0,0
15825,0.725,0.42176465706981914,40.0,35857.230769230766,2,2,1,1
15826,0.5961538461538461,-0.30961593958988165,52.0,28373.80769230769,1,1,2,0
15828,0.5,-0.36507309359005485,10.0,91088.2,0,1,0,3
15836,0.5625,-0.9967428218302391,48.0,98459.85106382979,0,0,2,3
15839,0.8076923076923077,0.6359621144387375,78.0,49368.92307692308,2,3,2,2
15842,0.48,-1.9376258540444484,25.0,71252.0,0,0,1,3
15843,0.6086956521739131,-0.9180733207694671,23.0,49714.95652173913,1,0,1,2
15848,0.65,0.26726438256177876,80.0,56602.77333333333,1,2,2,2
15858,0.9081632653061225,1.6827922779223865,98.0,60902.989130434784,3,3,2,2
15866,0.2631578947368421,-1.1185136183170497,19.0,20658.42105263158,0,0,1,0
15870,1.0,4.359100517302735,36.0,8165.777777777777,3,3,1,0
15877,1.0,1.8616991792647097,3.0,4771.0,3,3,0,0
15880,0.8014184397163121,0.8098114047918105,141.0,50685.36690647482,2,3,3,2
15884,0.6022727272727273,-0.9500410184951025,88.0,31417.897727272728,1,0,2,0
15886,0.76,0.010233447194849903,25.0,95863.24,2,2,1,3
15891,0.9318181818181818,1.1585669440074364,88.0,38980.63636363636,3,3,2,1
15892,0.8831168831168831,0.9660606579026741,77.0,51132.85135135135,3,3,2,2
15894,0.2231404958677686,-2.539802828323528,121.0,11955.483333333334,0,0,3,0
15900,0.7142857142857143,1.608083683931826,7.0,17191.428571428572,2,3,0,0
15907,0.7692307692307693,-0.19953474198881724,26.0,64370.653846153844,2,1,1,3
15914,0.7888888888888889,0.10316810026795632,90.0,61607.704545454544,2,2,2,2
15915,0.6075949367088608,-0.8113438482564959,79.0,48345.454545454544,1,0,2,2
15917,1.0,2.7079260789304866,6.0,11435.666666666666,3,3,0,0
15918,0.9069767441860465,1.4514405154001104,129.0,49513.80620155039,3,3,3,2
15926,0.7245508982035929,0.2818872919474979,167.0,30742.819277108432,2,2,3,0
15932,0.7142857142857143,0.10014686365621865,91.0,92085.29761904762,2,2,2,3
15950,0.0,-4.690312570196071,10.0,2821.7,0,0,0,0
15960,0.5833333333333334,-1.2618671873699563,12.0,30260.5,0,0,0,0
15964,0.5555555555555556,-0.9395883471864775,27.0,31383.48148148148,0,0,1,0
15967,0.5833333333333334,-0.3028054391630076,108.0,63143.57142857143,0,1,2,3
15971,0.7058823529411765,0.254707007483456,34.0,26292.647058823528,1,2,1,0
15981,0.75,0.12070269709853272,28.0,34051.03571428572,2,2,1,1
15983,0.2857142857142857,-0.6887959170709003,7.0,91867.57142857143,0,1,0,3
15985,0.6571428571428571,-0.12117628236735843,35.0,78311.08571428571,1,1,1,3
15993,0.8571428571428571,0.6496274212488456,42.0,45647.47619047619,3,3,1,1
16002,0.55,-0.9916848107900151,20.0,15181.05,0,0,1,0
16008,0.8793103448275862,1.0874925559087827,58.0,71137.46551724138,3,3,2,3
16009,0.4444444444444444,-0.3019484201833856,36.0,60366.5,0,1,1,2
16013,0.42857142857142855,-1.6466483044605758,56.0,87565.5,0,0,2,3
16014,0.6666666666666666,-0.8611044047260288,120.0,61552.391304347824,1,0,3,2
16030,0.5285714285714286,-1.7866610471913644,70.0,37485.08571428571,0,0,2,1
16046,0.625,-0.22441963402357779,8.0,63110.0,1,1,0,3
16053,0.5862068965517241,-0.09062090567127094,29.0,32010.0,1,1,1,1
16054,0.5967741935483871,-0.09420893858570768,62.0,59174.85,1,1,2,2
16055,0.8392857142857143,0.313359854564327,56.0,45990.307692307695,3,2,2,2
16060,0.9,2.0772917000322364,50.0,53429.19565217391,3,3,2,2
16063,0.6,-1.17218677886319,130.0,38684.6796875,1,0,3,1
16070,0.5652173913043478,-1.115156740782272,46.0,39010.5,0,0,2,1
16073,0.7083333333333334,-0.3934695140413976,24.0,41081.375,1,1,1,1
16074,0.5714285714285714,-0.14845179348308268,7.0,60867.0,0,1,0,2
16079,0.6666666666666666,-0.7111978933514324,3.0,47005.333333333336,1,1,0,2
16085,0.75,1.0103341010148337,20.0,32395.85,2,3,1,1
16088,0.76,0.32806359348643216,25.0,38636.44,2,2,1,1
16094,0.4074074074074074,-2.3278751603022614,27.0,61079.62962962963,0,0,1,2
16098,0.6,-0.6507085726023336,5.0,16572.0,1,1,0,0
16100,0.6363636363636364,-1.352380049301558,22.0,16833.0,1,0,1,0
16117,0.5882352941176471,0.963165058224619,17.0,80605.0,1,3,1,3
16120,0.8222222222222222,0.3333244253004139,45.0,72832.88372093023,3,2,2,3
16122,0.975,2.1624373749204304,40.0,98821.4705882353,3,3,1,3
16143,0.7802197802197802,-0.22542665057510733,91.0,35598.92307692308,2,1,2,1
16144,0.7454545454545455,0.4000195883262141,55.0,61870.36363636364,2,2,2,2
16149,0.4,-0.26269485683503,5.0,65098.8,0,1,0,3
16153,0.75,-0.08441382034266495,16.0,68533.53333333334,2,1,1,3
16160,0.17647058823529413,-2.6312477137993064,17.0,72714.29411764706,0,0,1,3
16166,0.7586206896551724,-0.4203443860638687,29.0,60065.1724137931,2,1,1,2
16172,0.8333333333333334,0.5823750394355705,6.0,40125.166666666664,3,3,0,1
16176,0.7575757575757576,0.7630756856711248,33.0,39527.25806451613,2,3,1,1
16189,0.6607142857142857,-0.27184112810077504,56.0,41808.03571428572,1,1,2,1
16191,0.8860759493670886,1.3880662127618901,79.0,42116.29113924051,3,3,2,1
16193,0.75,1.3371394904501912,8.0,81941.25,2,3,0,3
16196,0.8985507246376812,1.4187202792548026,69.0,50620.59420289855,3,3,2,2
16197,0.56,-1.2713003162341334,25.0,62205.44,0,0,1,2
16198,0.71875,-0.24296255484266563,32.0,32720.875,2,1,1,1
16199,0.78125,0.5246924796107344,64.0,53989.1935483871,2,2,2,2
16206,0.8586956521739131,1.0441142180990834,92.0,83353.41758241758,3,3,2,3
16208,0.8181818181818182,1.2739370078933268,11.0,106538.0,3,3,0,3
16211,0.671875,-0.7428028894409828,64.0,41785.890625,1,0,2,1
16214,0.7094017094017094,0.027145160057226805,117.0,69973.15315315315,1,2,3,3
16232,1.0,2.4822655723529463,5.0,134423.6,3,3,0,3
16249,0.8421052631578947,1.6427288758673557,19.0,43724.31578947369,3,3,1,1
16250,0.42857142857142855,-0.9568244975216808,21.0,109118.2,0,0,1,3
16257,0.6896551724137931,-0.39580206649384275,58.0,49333.625,1,1,2,2
16277,0.42857142857142855,-1.5531892091033708,77.0,52120.72857142857,0,0,2,2
16281,0.631578947368421,-1.2758316387512032,38.0,107355.32352941176,1,0,1,3
16284,0.75,-0.01632785483315042,4.0,36772.75,2,2,0,1
16286,0.68,-0.44388550944129324,25.0,53794.086956521736,1,1,1,2
16298,0.8823529411764706,0.7455540952187317,34.0,33112.117647058825,3,3,1,1
16299,0.6593406593406593,-0.339338866852339,91.0,25999.12222222222,1,1,2,0
16302,0.6666666666666666,-0.38426461813871954,30.0,44991.566666666666,1,1,1,1
16304,0.8108108108108109,0.4604308642310193,37.0,47312.4,2,2,1,2
16307,0.6666666666666666,0.4692264131350933,9.0,50997.333333333336,1,2,0,2
16308,0.8,0.07790330191875716,5.0,97256.75,2,2,0,3
16315,0.9,0.625134690463629,10.0,40872.9,3,3,0,1
16318,0.7804878048780488,-0.28337520483683903,41.0,31465.414634146342,2,1,1,0
16321,0.8181818181818182,0.8403397206261708,55.0,43579.92592592593,3,3,2,1
16323,0.7032520325203252,0.20366171714559478,246.0,51591.06995884774,1,2,3,2
16331,0.676056338028169,0.4519494818249806,71.0,72393.69696969698,1,2,2,3
16334,0.6521739130434783,-0.6186701515133056,23.0,61375.27272727273,1,1,1,2
16335,0.5,-1.7092824666414044,68.0,87317.69642857143,0,0,2,3
16341,0.6790123456790124,0.35458163640587603,81.0,45888.13924050633,1,2,2,2
16345,0.6956521739130435,0.9992367098918523,23.0,16777.82608695652,1,3,1,0
16346,0.0,-6.109749269071199,33.0,17878.636363636364,0,0,1,0
16351,0.6382978723404256,-0.8699172374247628,47.0,33770.11111111111,1,0,2,1
16355,0.45,-1.4015245004600914,20.0,13981.5,0,0,1,0
16365,0.36585365853658536,-2.4897179623474597,82.0,45058.20731707317,0,0,2,1
16366,0.7142857142857143,0.3130856201483839,175.0,51226.870588235295,2,2,3,2
16372,0.7272727272727273,0.6625374070324608,22.0,72872.13636363637,2,3,1,3
16377,0.2972972972972973,-2.4423480269684315,37.0,31911.0,0,0,1,0
16390,0.7410714285714286,-0.13609273821193354,112.0,49337.61818181818,2,1,3,2
16391,0.6794871794871795,-0.6038794046547529,78.0,57281.493506493505,1,1,2,2
16392,0.5681818181818182,-0.847155279402235,44.0,24074.39534883721,0,0,2,0
16393,0.7435897435897436,-0.8759321860146633,39.0,65805.0,2,0,1,3
16398,0.0,-3.8375284665240583,6.0,108238.0,0,0,0,3
16401,1.0,1.8616991792647097,3.0,13575.666666666666,3,3,0,0
16404,0.631578947368421,-0.37237823157065314,38.0,51771.43243243243,1,1,1,2
16406,0.75,0.7508931404517303,20.0,69164.8947368421,2,3,1,3
16418,0.7228915662650602,-0.45885747100797447,83.0,52284.07594936709,2,1,2,2
16420,0.47619047619047616,-1.561864828923772,63.0,24128.380952380954,0,0,2,0
16421,0.96875,1.9695951139698233,32.0,34865.34375,3,3,1,1
16422,0.35714285714285715,-0.6884740114036431,28.0,123656.95833333333,0,1,1,3
16428,0.75,-0.16978592321566857,8.0,23879.375,2,1,0,0
16434,0.6385542168674698,-0.4737174110284937,83.0,35237.134146341465,1,1,2,1
16437,0.7142857142857143,-0.020781647870841767,7.0,9463.42857142857,2,2,0,0
16440,0.8666666666666667,0.42410942365177867,15.0,39671.666666666664,3,2,1,1
16442,0.35064935064935066,-1.5071211310252968,77.0,13560.701298701299,0,0,2,0
16445,0.33962264150943394,-1.225688017825381,53.0,21225.22641509434,0,0,2,0
16450,0.46875,-1.609484255663925,32.0,28183.46875,0,0,1,0
16469,0.7083333333333334,-0.5304944708554316,72.0,54057.444444444445,1,1,2,2
16473,0.8095238095238095,1.3679363670316362,21.0,74266.3,2,3,1,3
16488,0.5714285714285714,-0.8300464170599698,28.0,33317.84,0,0,1,1
16499,0.5,-1.4316533288417999,32.0,32883.03125,0,0,1,1
16500,0.9090909090909091,1.0983212234725415,44.0,37103.47727272727,3,3,2,1
16502,1.0,2.7079260789304866,6.0,16709.333333333332,3,3,0,0
16504,1.0,1.8616991792647097,3.0,16325.666666666666,3,3,0,0
16505,0.45652173913043476,-0.3232208382432914,46.0,43696.35555555556,0,1,2,1
16506,0.5901639344262295,0.3085505719379667,61.0,58395.275862068964,1,2,2,2
16517,0.9545454545454546,2.1783366872503045,44.0,34965.441860465115,3,3,2,1
16520,0.2857142857142857,-0.7877983810775465,21.0,34597.2,0,0,1,1
16526,0.6785714285714286,-0.6795286239115554,28.0,54937.107142857145,1,1,1,2
16529,1.0,2.2064582865359523,4.0,125590.0,3,3,0,3
16531,0.6153846153846154,-0.8739625320495703,13.0,24107.0,1,0,0,0
16538,0.582089552238806,-0.7115066826261353,67.0,28798.611940298506,0,1,2,0
16541,0.75,0.006365853258041097,16.0,66920.6875,2,2,1,3
16548,0.6595744680851063,0.6916322110140447,94.0,39071.967741935485,1,3,2,1
16560,1.0,1.8616991792647097,3.0,44178.666666666664,3,3,0,1
16561,0.7407407407407407,0.1344002616696462,54.0,42641.45283018868,2,2,2,1
16563,0.7647058823529411,-0.16772228524136823,51.0,70800.50980392157,2,1,2,3
16572,0.42857142857142855,-0.7813416546842459,14.0,72113.07142857143,0,0,0,3
16573,0.5675675675675675,-1.1209771399048247,37.0,37619.514285714286,0,0,1,1
16583,0.6,0.4846993812472947,10.0,175562.33333333334,1,2,0,3
16584,0.6470588235294118,-0.7301730253873331,51.0,51484.21276595745,1,0,2,2
16588,0.5486725663716814,0.23059171179364704,113.0,81764.00961538461,0,2,3,3
16597,0.8787878787878788,0.9419243993692673,33.0,26439.303030303032,3,3,1,0
16603,0.7555555555555555,-0.23514426726359747,45.0,50754.46666666667,2,1,2,2
16610,0.3448275862068966,-0.30015817603827283,29.0,61286.42857142857,0,1,1,2
16619,0.6,-1.056377040908062,55.0,51237.88888888889,1,0,2,2
16623,0.8608695652173913,1.8855429011373008,115.0,92278.3,3,3,3,3
16626,0.84,1.1165347506396426,25.0,40599.68,3,3,1,1
16634,0.7058823529411765,-0.740920954749468,17.0,50603.82352941176,1,0,1,2
16637,0.7586206896551724,0.08893059986375705,58.0,58254.236363636366,2,2,2,2
16642,0.16,-2.791181307318471,25.0,40262.88,0,0,1,1
16647,0.6,1.169163047750117,5.0,33018.0,1,3,0,1
16650,0.68,-0.9295592187093934,25.0,27054.041666666668,1,0,1,0
16661,0.6917293233082706,0.19782718732113655,133.0,43179.13533834586,1,2,3,1
16663,0.5972222222222222,-1.6511189759664338,72.0,63774.59154929577,1,0,2,3
16668,0.8089887640449438,0.6321344108420277,89.0,35512.168539325845,2,3,2,1
16674,0.7865168539325843,0.3363935898730886,89.0,35064.40909090909,2,2,2,1
16676,0.660377358490566,-0.35437829072911,53.0,58029.0,1,1,2,2
16681,0.6666666666666666,-0.4663139046059523,63.0,24785.209677419356,1,1,2,0
16685,0.5862068965517241,-1.1763242069162303,29.0,45920.53571428572,1,0,1,2
16691,0.4578313253012048,-2.00840215280783,83.0,77358.12658227848,0,0,2,3
16692,0.36231884057971014,-1.579437123490214,69.0,12423.797101449276,0,0,2,0
16694,0.6290322580645161,-1.2362276238179128,62.0,45835.666666666664,1,0,2,2
16696,0.7936507936507936,0.007126604289750907,63.0,54385.19047619047,2,2,2,2
16712,0.693069306930693,0.39197746407112266,101.0,85583.27368421052,1,2,2,3
16716,0.7083333333333334,0.49025863306843537,24.0,66180.83333333333,1,2,1,3
16717,0.75,0.738093068259511,24.0,52508.625,2,3,1,2
16723,0.5625,0.032568056869079,16.0,75941.6875,0,2,1,3
16741,0.18181818181818182,-3.650158920098207,11.0,42005.181818181816,0,0,0,1
16742,0.6481481481481481,-0.6425917313885713,54.0,43303.555555555555,1,1,2,1
16758,0.8695652173913043,0.058540377151551165,46.0,16457.608695652172,3,2,2,0
16759,0.9041095890410958,0.8723224922020786,73.0,18393.87671232877,3,3,2,0
16760,0.723404255319149,-0.3149240479398544,47.0,44607.68085106383,2,1,2,1
16762,0.7303370786516854,-0.2733480875664454,89.0,43481.77528089887,2,1,2,1
16765,0.8461538461538461,1.4671672711335693,13.0,53887.333333333336,3,3,0,2
16767,0.8157894736842105,-0.06675480020363174,76.0,46839.60526315789,3,1,2,2
16776,0.9,0.9035090422677803,30.0,67538.63333333333,3,3,1,3
16777,0.8095238095238095,1.3872600532627515,42.0,54769.439024390245,2,3,1,2
16778,0.6020408163265306,0.1875353299414554,98.0,58764.96808510638,1,2,2,2
16779,0.6041666666666666,-0.42728806646297346,48.0,73605.4255319149,1,1,2,3
16782,0.6666666666666666,0.4244905793289054,42.0,38199.375,1,2,1,1
16783,0.8214285714285714,0.9545551094186484,28.0,67518.92857142857,3,3,1,3
16789,0.4583333333333333,-1.7880938508900106,24.0,69234.13636363637,0,0,1,3
16790,0.5,-0.5432909018179528,4.0,23994.0,0,1,0,0
16797,0.8809523809523809,0.1418473506449576,42.0,38434.02380952381,3,2,1,1
16810,0.5833333333333334,-1.0932559436030886,12.0,96790.16666666667,0,0,0,3
16813,0.48484848484848486,-0.9241433831611322,33.0,54919.625,0,0,1,2
16815,0.6896551724137931,-0.5961118646282729,29.0,37617.34482758621,1,1,1,1
16818,0.5454545454545454,-1.0608392185526956,22.0,47309.681818181816,0,0,1,2
16819,0.7425742574257426,0.4237852329435837,101.0,40529.163265306124,2,2,2,1
16827,0.8850574712643678,0.3052873109099245,87.0,66980.18604651163,3,2,2,3
16829,0.6666666666666666,-0.5488034787290015,18.0,62197.11111111111,1,1,1,2
16830,0.8913043478260869,0.22225873672831217,46.0,38457.108695652176,3,2,2,1
16838,0.7619047619047619,-0.10188507260274476,84.0,54425.392857142855,2,1,2,2
16840,0.52,-1.2233579121298104,75.0,37431.10810810811,0,0,2,1
16850,0.6666666666666666,-1.2898358263865866,6.0,63020.666666666664,1,0,0,3
16855,0.75,-0.25142268251106414,12.0,18181.666666666668,2,1,0,0
16867,0.7529411764705882,0.06859086403125379,85.0,35486.84705882353,2,2,2,1
16879,0.36752136752136755,-2.094331406577279,117.0,30312.28205128205,0,0,3,0
16884,0.4563106796116505,-1.323197264917537,103.0,49444.21782178218,0,0,2,2
16888,0.6129032258064516,-0.6244117876289333,31.0,50832.645161290326,1,1,1,2
16889,0.5454545454545454,-0.6319233936509185,11.0,74980.2,0,1,0,3
16891,0.5,-1.5939120125229191,70.0,26634.9,0,0,2,0
16898,0.625,-0.43561708825993833,16.0,21851.5625,1,1,1,0
16899,0.7096774193548387,-0.8247056329947228,31.0,29374.433333333334,1,0,1,0
16900,0.8,0.6644268498773761,5.0,40865.4,2,3,0,1
16911,0.25,-1.6311667352625703,16.0,52722.5,0,0,1,2
16912,0.7073170731707317,-0.3424114792502087,41.0,56433.46341463415,1,1,1,2
16916,0.8666666666666667,0.3287271165512654,30.0,35070.833333333336,3,2,1,1
16921,1.0,3.504374925674748,12.0,53582.166666666664,3,3,0,2
16923,0.8939393939393939,0.21426920862263218,66.0,15081.378787878788,3,2,2,0
16925,0.7941176470588235,-0.3288945616537551,68.0,43396.30882352941,2,1,2,1
16932,0.7368421052631579,0.8564541628538592,19.0,125365.0625,2,3,1,3
16933,0.8571428571428571,1.762376781263103,21.0,57911.2,3,3,1,2
16934,0.6818181818181818,0.6876415148254001,22.0,23001.5,1,3,1,0
16947,0.6,-0.6824994101641796,10.0,85130.1,1,1,0,3
16962,0.7128712871287128,-0.5608132045511637,101.0,39367.0,2,1,2,1
16966,0.8636363636363636,0.8883539856150923,22.0,39932.045454545456,3,3,1,1
16971,0.7727272727272727,0.5424165478703719,88.0,31185.75,2,2,2,0
16981,0.42105263157894735,-1.4830584514906384,19.0,50423.15789473684,0,0,1,2
16987,0.5714285714285714,-1.3513265684233957,7.0,87319.0,0,0,0,3
16990,0.6842105263157895,-0.37660831108619686,57.0,51575.92727272727,1,1,2,2
17007,0.625,-0.43078558713039977,16.0,18129.125,1,1,1,0
17010,0.6785714285714286,-0.6849102835071849,28.0,64780.78571428572,1,1,1,3
17018,0.6923076923076923,-0.49884117653923465,13.0,58775.692307692305,1,1,0,2
17019,0.7857142857142857,0.964299504558116,42.0,63502.119047619046,2,3,1,3
17022,0.7155963302752294,1.125998174162582,109.0,106061.87755102041,2,3,2,3
17029,0.14285714285714285,-2.0261465618809966,7.0,17260.285714285714,0,0,0,0
17034,0.8275862068965517,0.08851022403700341,58.0,58875.379310344826,3,2,2,2
17035,0.7272727272727273,-0.11686586185171988,99.0,45752.73737373737,2,1,2,1
17036,0.8833333333333333,1.2638621773433942,60.0,54448.186440677964,3,3,2,2
17038,0.9285714285714286,1.8223759255355223,14.0,27453.928571428572,3,3,0,0
17045,0.5196078431372549,-0.6269102053385043,204.0,42900.093596059116,0,1,3,1
17046,0.7435897435897436,0.402240716970114,117.0,62322.24347826087,2,2,3,2
17047,0.7631578947368421,-0.02025611396377395,76.0,39109.86666666667,2,2,2,1
17056,0.9148936170212766,1.2566888186863996,47.0,102683.08695652174,3,3,2,3
17061,0.5964912280701754,-0.9003758691213805,57.0,93713.17647058824,1,0,2,3
17071,0.7647058823529411,-0.5667733392257217,102.0,35684.39603960396,2,1,2,1
17086,0.52,-1.109447493700989,25.0,47071.34782608696,0,0,1,2
17092,0.875,1.5185266087159526,16.0,88212.0,3,3,1,3
17093,0.7727272727272727,-0.13128955651590393,22.0,30881.772727272728,2,1,1,0
17095,0.4358974358974359,-1.0742349742862873,39.0,29424.473684210527,0,0,1,0
17099,0.8333333333333334,0.29750115072215927,12.0,88694.7,3,2,0,3
17105,0.9642857142857143,2.7176745009364693,28.0,47084.07142857143,3,3,1,2
17109,0.8709677419354839,0.514157350701425,31.0,65593.25806451614,3,2,1,3
17114,0.7777777777777778,1.1535944584606483,9.0,92636.0,2,3,0,3
17118,1.0,4.009813616877836,21.0,37812.0,3,3,1,1
17123,1.0,2.2064582865359523,4.0,26587.5,3,3,0,0
17145,0.5620437956204379,-0.968258236619312,137.0,45210.92248062015,0,0,3,1
17149,0.7321428571428571,-0.04736480178191065,56.0,76221.21428571429,2,2,2,3
17158,0.5245901639344263,0.101588221485733,61.0,50712.61403508772,0,2,2,2
17161,0.75,0.12253246805997074,8.0,29221.0,2,2,0,0
17174,0.5757575757575758,-0.6079195454548356,33.0,59235.59375,0,1,1,2
17175,0.8627450980392157,0.5958039879961692,51.0,54224.5,3,3,2,2
17183,0.676923076923077,-1.0695661332603743,65.0,50871.17741935484,1,0,2,2
17187,0.8518518518518519,1.158647452482475,27.0,59146.92592592593,3,3,1,2
17188,0.5377358490566038,-0.8114584068306436,106.0,74384.18446601942,0,0,2,3
17192,0.6363636363636364,-0.8460002401613533,99.0,20229.737373737375,1,0,2,0
17196,0.6666666666666666,0.6287198224722615,48.0,54232.5,1,3,2,2
17198,0.8484848484848485,0.7144303754855763,132.0,27141.36434108527,3,3,3,0
17205,0.5789473684210527,0.47785081530029844,19.0,55510.63157894737,0,2,1,2
17211,0.7619047619047619,0.7118303015011951,21.0,64944.88888888889,2,3,1,3
17213,0.8378378378378378,0.5902915827880711,74.0,54418.04054054054,3,3,2,2
17219,0.8181818181818182,-0.035401029927802974,33.0,32343.363636363636,3,2,1,1
17226,0.3333333333333333,-2.0212617545576874,3.0,113016.33333333333,0,0,0,3
17227,0.75,0.6212733840394598,32.0,58546.53125,2,3,1,2
17233,0.59375,0.03493362872242426,64.0,69963.57142857143,1,2,2,3
17255,0.5,-0.9349732319517609,10.0,105850.8,0,0,0,3
17263,0.375,-0.7419355383373326,8.0,27071.0,0,0,0,0
17269,0.6,-0.019931357571030064,40.0,87395.71794871795,1,2,1,3
17272,0.5897435897435898,-1.1745863846796618,39.0,20422.17948717949,1,0,1,0
17276,0.8888888888888888,-0.5904660283409826,9.0,75932.66666666667,3,1,0,3
17284,0.8024691358024691,0.2832029386646273,81.0,29665.83950617284,2,2,2,0
17292,0.6666666666666666,-0.3575454164902989,15.0,33550.26666666667,1,1,1,1
17294,0.5111111111111111,-1.0105787140114,90.0,92316.60240963855,0,0,2,3
17301,1.0,1.8616991792647097,3.0,4235.0,3,3,0,0
17319,0.7058823529411765,-0.55033996309581,51.0,28090.274509803923,1,1,2,0
17321,0.6567164179104478,-0.689159177900541,67.0,30746.833333333332,1,1,2,0
17330,0.6428571428571429,0.28012758847579294,14.0,9786.357142857143,1,2,0,0
17336,0.8,0.42233930802913966,30.0,66612.89655172414,2,2,1,3
17342,0.8333333333333334,0.2206344662011334,18.0,19735.11111111111,3,2,1,0
17343,0.4489795918367347,-1.744423643641641,49.0,24166.061224489797,0,0,2,0
17349,0.8,0.20260028722783902,75.0,55301.01369863014,2,2,2,2
17351,0.8823529411764706,0.4091543205698401,34.0,44883.48484848485,3,2,1,1
17361,0.8823529411764706,0.5312839784552289,17.0,15638.882352941177,3,2,1,0
17364,0.8461538461538461,0.4056573221007279,13.0,14792.0,3,2,0,0
17368,0.7843137254901961,0.20292935436929949,51.0,65836.68,2,2,2,3
17382,0.9,0.8241080203376092,10.0,54529.4,3,3,0,2
17387,0.8043478260869565,1.187096977518935,46.0,73028.15555555555,2,3,2,3
17388,0.6089385474860335,-0.16177123382467587,179.0,55430.52352941177,1,1,3,2
17391,0.5340909090909091,0.24870727126001743,88.0,96555.0,0,2,2,3
17392,0.2222222222222222,-1.1043743088237346,18.0,57769.17647058824,0,0,1,2
17402,0.2,-1.1041373239143264,10.0,120066.0,0,0,0,3
17404,0.6666666666666666,-0.9118523177344748,39.0,47786.05263157895,1,0,1,2
17405,0.4,-0.8456977646734243,5.0,54420.5,0,0,0,2
17413,0.6923076923076923,-0.18196104423070372,13.0,52871.846153846156,1,1,0,2
17418,1.0,1.8616991792647097,3.0,4575.0,3,3,0,0
17420,0.7931034482758621,0.5284129211089748,29.0,28714.068965517243,2,2,1,0
17421,0.5581395348837209,-1.4684739283084542,43.0,23787.04651162791,0,0,2,0
17427,0.12903225806451613,-3.3083928862556577,31.0,51820.11111111111,0,0,1,2
17430,0.6818181818181818,-1.090622039234882,22.0,27644.363636363636,1,0,1,0
17433,0.7471264367816092,0.7584059446374268,87.0,83779.38095238095,2,3,2,3
17435,0.4528301886792453,-0.3633526494627255,53.0,112875.04651162791,0,1,2,3
17436,0.5555555555555556,-1.3163617078497496,18.0,44247.58823529412,0,0,1,1
17438,0.8137254901960784,-0.041404926775642156,102.0,19096.058823529413,3,2,2,0
17439,1.0,1.8616991792647097,3.0,46822.666666666664,3,3,0,2
17445,0.9230769230769231,1.5502494270801879,13.0,67018.5,3,3,0,3
17447,0.726027397260274,-0.6981393116101154,73.0,40294.6301369863,2,1,2,1
17451,0.7877358490566038,0.8633205657146822,212.0,87170.76063829787,2,3,3,3
17457,0.8431372549019608,0.692902520912143,51.0,75515.35294117648,3,3,2,3
17459,0.6984126984126984,-0.4272228509720519,63.0,52642.04838709677,1,1,2,2
17460,0.8620689655172413,1.0926809427638102,58.0,38001.24137931035,3,3,2,1
17462,0.6338028169014085,-0.7210595334332834,71.0,62376.09859154929,1,0,2,2
17464,0.9166666666666666,1.4633652091197182,12.0,62942.0,3,3,0,2
17466,0.5,-0.5344149432567253,10.0,29551.6,0,1,0,0
17467,0.8431372549019608,0.39990603165527805,51.0,72642.01960784313,3,2,2,3
17469,0.8793103448275862,1.188906282589234,58.0,62632.41071428572,3,3,2,2
17470,0.4444444444444444,-0.7834940984304968,9.0,34673.22222222222,0,0,0,1
17476,0.7333333333333333,0.7458328362352262,15.0,64576.933333333334,2,3,1,3
17481,0.6428571428571429,0.06949636422213451,14.0,23609.428571428572,1,2,0,0
17483,0.6956521739130435,1.2416197709858297,23.0,72652.52173913043,1,3,1,3
17487,0.5454545454545454,-1.0231719324336779,33.0,42784.666666666664,0,0,1,1
17489,0.6206896551724138,0.14293340656743592,29.0,63141.607142857145,1,2,1,3
17496,0.7794117647058824,0.4859114263125679,68.0,53620.28358208955,2,2,2,2
17506,0.6595744680851063,-0.8399797162085093,47.0,20161.106382978724,1,0,2,0
17516,0.8235294117647058,0.4646362481843403,17.0,90806.2,3,2,1,3
17518,0.6428571428571429,-1.2380385797679285,28.0,54528.59259259259,1,0,1,2
17521,0.8985507246376812,1.1380355256124286,69.0,49864.529411764706,3,3,2,2
17522,0.6428571428571429,-0.23996106173023551,14.0,31711.285714285714,1,1,0,0
17524,0.8620689655172413,0.6389550161722661,29.0,57793.892857142855,3,3,1,2
17525,0.37857142857142856,-1.5336935251839137,140.0,28005.789855072464,0,0,3,0
17528,0.7441860465116279,-0.8414139376514902,43.0,30084.14285714286,2,0,2,0
17544,0.6216216216216216,-0.3106204876500403,37.0,51305.56756756757,1,1,1,2
17551,0.8888888888888888,-0.14696618695509694,9.0,28092.88888888889,3,1,0,0
17557,0.9298245614035088,0.49750461491895664,57.0,22042.35714285714,3,2,2,0
17558,0.6048387096774194,-1.1018173528698778,124.0,38678.97520661157,1,0,3,1
17561,0.8441558441558441,-0.10171285139362875,77.0,39180.11688311688,3,1,2,1
17570,0.6744186046511628,-0.43937508474185694,86.0,51293.33734939759,1,1,2,2
17572,0.660377358490566,-0.913310065537281,53.0,92204.1568627451,1,0,2,3
17574,0.6785714285714286,-0.8341799919986895,28.0,63998.28571428572,1,0,1,3
17582,0.6071428571428571,-0.37076345537324723,28.0,48325.642857142855,1,1,1,2
17584,0.7931034482758621,0.7376159784094468,29.0,68835.74074074074,2,3,1,3
17585,0.7735849056603774,0.0403084853765625,53.0,40111.11538461538,2,2,2,1
17587,0.9473684210526315,1.8451031432383345,19.0,17838.157894736843,3,3,1,0
17591,0.9,1.4567145431496944,30.0,69007.33333333333,3,3,1,3
17592,0.7884615384615384,0.3866166782465941,52.0,27776.69230769231,2,2,2,0
17594,0.7058823529411765,0.0722928568781622,17.0,55957.05882352941,1,2,1,2
17599,0.9166666666666666,0.9147185466229587,12.0,32973.75,3,3,0,1
17603,0.8,0.3697590723333001,10.0,46145.4,2,2,0,2
17608,0.7,-0.2539842866846008,10.0,80727.33333333333,1,1,0,3
17610,0.8301886792452831,0.036603500441653065,53.0,60925.32692307692,3,2,2,2
17613,0.4166666666666667,-0.7367167980688921,24.0,17898.166666666668,0,0,1,0
17614,0.52,0.07581306499278462,25.0,13299.4,0,2,1,0
17620,0.7557251908396947,-0.24346227117396219,131.0,38140.457364341084,2,1,3,1
17626,0.85,0.3787790454559584,60.0,59993.9,3,2,2,2
17634,0.7142857142857143,-0.007179558583647718,42.0,55332.04761904762,2,2,1,2
17643,0.7142857142857143,-0.42883392997354985,42.0,35428.21428571428,2,1,1,1
17648,0.8924731182795699,0.8906442097864,93.0,52037.74193548387,3,3,2,2
17649,0.7238805970149254,-0.4292800640436838,134.0,33761.34586466166,2,1,3,1
17661,0.8333333333333334,0.7438271302543418,30.0,71180.62068965517,3,3,1,3
17664,0.2857142857142857,0.21470953992216824,7.0,72824.14285714286,0,2,0,3
17674,0.9,1.0244767230818175,20.0,56173.05263157895,3,3,1,2
17676,0.3888888888888889,-1.322216762897603,18.0,45622.88888888889,0,0,1,1
17689,0.6666666666666666,-0.23225852260727714,3.0,31138.666666666668,1,1,0,0
17690,0.5833333333333334,-0.15165095501171075,12.0,72020.0,0,1,0,3
17702,0.9210526315789473,2.1177811149377463,38.0,62127.18918918919,3,3,1,2
17704,0.9166666666666666,0.5600750969047201,12.0,29711.5,3,2,0,0
17707,0.2926829268292683,-1.6511829203005686,41.0,33544.439024390245,0,0,1,1
17716,0.38235294117647056,-2.1181985234103364,34.0,38050.17647058824,0,0,1,1
17721,0.6666666666666666,0.42537191938492497,9.0,66419.88888888889,1,2,0,3
17722,0.8387096774193549,1.0259601273705339,62.0,65533.13114754098,3,3,2,3
17729,0.6904761904761905,-0.2339969429185042,42.0,61025.61538461538,1,1,1,2
17734,0.5172413793103449,-1.6634646227290415,29.0,53042.75,0,0,1,2
17738,0.375,-0.8754116917518715,24.0,26017.083333333332,0,0,1,0
17745,0.7777777777777778,-0.7675061376795305,63.0,18457.444444444445,2,0,2,0
17746,0.9,0.5289135253531506,10.0,49214.3,3,2,0,2
17747,0.3076923076923077,-2.4850442506150285,13.0,17955.23076923077,0,0,0,0
17748,0.7567567567567568,0.02203497962369613,37.0,42985.48648648649,2,2,1,1
17757,0.7777777777777778,0.09005149810678247,9.0,32856.333333333336,2,2,0,1
17766,0.8461538461538461,-0.10060316488985846,13.0,19581.846153846152,3,1,0,0
17775,0.32,-0.4344654744688471,25.0,58381.12,0,1,1,2
17776,0.625,-0.7549864627342199,8.0,50985.0,1,0,0,2
17778,0.6428571428571429,0.05449799510313953,14.0,37439.28571428572,1,2,0,1
17789,0.5507246376811594,-0.4065367661245455,69.0,49813.115942028984,0,1,2,2
17795,0.8571428571428571,0.3344281543023196,14.0,53097.857142857145,3,2,0,2
17797,0.9523809523809523,1.316409042298137,63.0,79477.70491803279,3,3,2,3
17798,0.6923076923076923,-0.5768525338846123,13.0,41329.153846153844,1,1,0,1
17806,0.7894736842105263,0.8668540999616782,19.0,33213.89473684211,2,3,1,1
17811,0.26666666666666666,-0.8084844588116966,15.0,135903.61538461538,0,0,1,3
17815,0.7796610169491526,0.020225778734195232,59.0,120603.14035087719,2,2,2,3
17824,0.8076923076923077,0.10901115175722638,52.0,86809.92307692308,2,2,2,3
17831,0.88,1.9646442923107341,25.0,79572.12,3,3,1,3
17832,0.5614035087719298,-0.5867558201687234,57.0,51554.875,0,1,2,2
17841,0.6666666666666666,0.4148727829617019,9.0,93814.28571428571,1,2,0,3
17849,0.5757575757575758,-0.8218987822123165,66.0,42398.53125,0,0,2,1
17853,0.6748466257668712,0.1695605490803392,163.0,63958.63057324841,1,2,3,3
17870,0.20689655172413793,-2.257481691566923,29.0,60391.379310344826,0,0,1,2
17878,0.9019607843137255,1.0376507023518393,51.0,65858.90196078431,3,3,2,3
17882,0.4642857142857143,-1.935338601987113,28.0,31630.785714285714,0,0,1,0
17886,0.746268656716418,0.007867607803605613,67.0,89325.10169491525,2,2,2,3
17888,0.7272727272727273,-0.08384181076897294,88.0,39086.36363636364,2,1,2,1
17891,0.7411764705882353,0.6276423645566661,85.0,67512.8375,2,3,2,3
17894,0.8928571428571429,1.1986578556812155,56.0,55139.32142857143,3,3,2,2
17899,0.6491228070175439,0.38875300308282845,114.0,83864.26126126126,1,2,3,3
17904,0.896551724137931,0.7550370888627396,29.0,55096.31034482759,3,3,1,2
17905,0.5054945054945055,-1.5823376745081406,91.0,31776.1,0,0,2,0
17906,0.5,0.25762669880149835,22.0,118891.25,0,2,1,3
17912,0.7916666666666666,0.14861675989735934,24.0,50439.25,2,2,1,2
17921,0.5573770491803278,-0.7592365751557539,122.0,35443.13333333333,0,0,3,1
17922,0.6601307189542484,-1.1022263358173066,153.0,29976.888157894737,1,0,3,0
17927,0.6904761904761905,0.32805672974811534,42.0,89263.87804878049,1,2,1,3
17928,0.8809523809523809,1.4326708512860606,42.0,68222.76315789473,3,3,1,3
17929,0.75,0.24066069640489857,28.0,83959.74074074074,2,2,1,3
17936,0.8333333333333334,0.33473918816649995,78.0,46094.11538461538,3,2,2,2
17940,0.85,1.0830627619569955,40.0,59489.81578947369,3,3,1,2
17943,0.8301886792452831,0.04875066550948173,53.0,21826.32075471698,3,2,2,0
17944,0.7777777777777778,0.3542755260549521,9.0,13042.666666666666,2,2,0,0
17946,0.7450980392156863,-0.08223373801985914,51.0,20001.50980392157,2,1,2,0
17981,0.7525773195876289,-0.03834988142203269,97.0,58868.54838709677,2,2,2,2
17987,0.8125,0.8858335306777906,64.0,66205.109375,2,3,2,3
17992,0.8636363636363636,0.6828466634924572,22.0,21521.545454545456,3,3,1,0
17993,0.76,-0.17395148282235004,25.0,46029.12,2,1,1,2
17996,0.6808510638297872,0.8214883425614,47.0,22636.191489361703,1,3,2,0
17998,0.7659574468085106,1.411030588975161,47.0,38512.55319148936,2,3,2,1
17999,0.7551020408163265,1.3120895559310484,49.0,30973.38775510204,2,3,2,0
18009,0.8055555555555556,0.043234524595713635,72.0,65442.5,2,2,2,3
18010,0.7903225806451613,0.1264476361917522,62.0,27666.90322580645,2,2,2,0
18014,0.2857142857142857,-2.2537176248608093,21.0,14746.238095238095,0,0,1,0
18020,0.8636363636363636,0.22419297231582505,88.0,31968.886363636364,3,2,2,1
18040,0.7241379310344828,-0.16484263510916175,87.0,30332.56976744186,2,1,2,0
18041,0.9285714285714286,1.4000238407710042,42.0,53609.51219512195,3,3,1,2
18045,0.7666666666666667,0.27668105227093415,30.0,32250.310344827587,2,2,1,1
18047,0.8,0.3521165631955501,15.0,32120.866666666665,2,2,1,1
18056,0.6,-0.34188492337045184,5.0,13771.0,1,1,0,0
18058,0.6666666666666666,0.47266501603336164,6.0,40390.0,1,2,0,1
18062,0.7894736842105263,-0.18262267969673868,19.0,14060.78947368421,2,1,1,0
18066,0.8857142857142857,0.1420599921830824,35.0,41435.22857142857,3,2,1,1
18067,0.8571428571428571,0.46100372459400335,7.0,92303.16666666667,3,2,0,3
18078,0.8222222222222222,0.027289913406946597,45.0,50128.91111111111,3,2,2,2
18084,0.8,0.2493820474319769,5.0,65142.6,2,2,0,3
18087,0.5849056603773585,-1.3550757649843361,53.0,16564.132075471698,1,0,2,0
18092,0.7,0.23933635257148467,10.0,29783.2,1,2,0,0
18100,0.3225806451612903,-1.1415404621258016,31.0,66345.96153846153,0,0,1,3
18106,0.75,-1.3153068892969917,28.0,42689.96428571428,2,0,1,1
18120,0.0,-3.5177344276470537,5.0,13133.8,0,0,0,0
18123,0.42857142857142855,-0.9338444334586933,7.0,26685.14285714286,0,0,0,0
18130,0.8962264150943396,0.8748644345907479,106.0,40946.605769230766,3,3,2,1
18133,0.6144578313253012,0.7247678420960875,83.0,76052.87341772152,1,3,2,3
18135,0.5833333333333334,-0.36761902888437853,12.0,55845.545454545456,0,1,0,2
18145,0.7543859649122807,-0.08595347758865843,57.0,81765.48214285714,2,1,2,3
18147,0.6612903225806451,1.4159116358600512,62.0,103988.83606557376,1,3,2,3
18148,0.6739130434782609,-0.5940106649090584,46.0,108535.90909090909,1,1,2,3
18150,0.6,-1.2055150434334505,20.0,85287.05,1,0,1,3
18152,0.6190476190476191,-0.770620603093451,21.0,55422.75,1,0,1,2
18163,0.7142857142857143,0.9544098151013969,28.0,93731.25,2,3,1,3
18171,0.8461538461538461,1.5534105989038427,26.0,66512.92,3,3,1,3
18172,0.8,1.3970952888396226,20.0,35620.36842105263,2,3,1,1
18186,0.6666666666666666,-0.7383355454552734,15.0,65136.933333333334,1,0,1,3
18188,0.7848101265822784,-0.9494304039466147,79.0,20775.75641025641,2,0,2,0
18190,0.8181818181818182,-0.012630867177689409,11.0,123221.44444444444,3,2,0,3
18197,0.6153846153846154,-0.6772251230740431,26.0,15277.307692307691,1,1,1,0
18200,0.6714285714285714,-0.016794668321796487,70.0,54623.80882352941,1,2,2,2
18205,0.7669902912621359,-0.046457624990991646,103.0,29140.686274509804,2,2,2,0
18212,0.5955056179775281,-0.6339478925989356,89.0,53152.269662921346,1,1,2,2
18217,0.8666666666666667,1.7575590378472592,45.0,99618.30952380953,3,3,2,3
18229,0.7125,-0.7059054545987042,80.0,24606.0375,2,1,2,0
18232,0.4444444444444444,-1.3256979256722663,9.0,33209.11111111111,0,0,0,1
18233,0.717948717948718,-0.06056530341876732,39.0,23334.405405405407,2,1,1,0
18239,0.6111111111111112,-1.3869503749745473,36.0,102603.55882352941,1,0,1,3
18242,0.5769230769230769,-0.5187051088827211,52.0,23370.403846153848,0,1,2,0
18243,0.6666666666666666,-0.6867838068138973,9.0,37622.11111111111,1,1,0,1
18244,0.8888888888888888,0.31035279383589587,9.0,13731.555555555555,3,2,0,0
18245,0.75,-0.15383180565231253,8.0,28859.875,2,1,0,0
18249,0.8787878787878788,1.9743248987573712,33.0,71938.09090909091,3,3,1,3
18250,0.7777777777777778,-0.07805579205831766,18.0,16302.722222222223,2,1,1,0
18253,0.6842105263157895,-0.30833897886065026,38.0,38626.26315789474,1,1,1,1
18263,0.8928571428571429,0.3625095058628122,28.0,59302.92857142857,3,2,1,2
18266,0.75,-0.4788353429831373,36.0,19963.777777777777,2,1,1,0
18273,0.6,1.374016183393501,5.0,100923.8,1,3,0,3
18276,0.75,-0.3408817582567938,4.0,16536.5,2,1,0,0
18279,0.55,-0.8234790597132658,20.0,15541.75,0,0,1,0
18287,0.7582417582417582,-0.09261304711408266,91.0,47388.604395604394,2,1,2,2
18291,0.6578947368421053,-0.3490070744364926,76.0,111099.02898550725,1,1,2,3
18306,1.0,2.7079260789304866,6.0,42872.0,3,3,0,1
18308,0.8,1.0232288545253894,15.0,18469.666666666668,2,3,1,0
18311,0.38461538461538464,-1.3317582775198973,65.0,41632.484375,0,0,2,1
18312,0.35294117647058826,-2.0644102493213716,17.0,59128.0,0,0,1,2
18316,0.6853932584269663,-0.6408172779939136,89.0,56215.181818181816,1,1,2,2
18318,0.5576923076923077,-0.9597734062494176,52.0,25025.78846153846,0,0,2,0
18329,0.7333333333333333,-0.399186715724423,15.0,84293.86666666667,2,1,1,3
18336,0.7142857142857143,-0.28833916726671727,14.0,58894.357142857145,2,1,0,2
18337,0.5625,-1.0909281754740832,16.0,38330.1875,0,0,1,1
18338,0.9,2.0168982222203673,20.0,34545.7,3,3,1,1
18339,0.8181818181818182,1.4463766080694418,22.0,39992.681818181816,3,3,1,1
18340,0.8571428571428571,1.6129725088281859,21.0,42716.45,3,3,1,1
18345,0.6296296296296297,-0.9525829354162573,27.0,34876.148148148146,1,0,1,1
18348,0.625,-0.7183631079458804,8.0,12711.75,1,0,0,0
18354,0.8,-0.27858992240862857,10.0,39998.5,2,1,0,1
18361,1.0,3.1914843073109314,9.0,65825.55555555556,3,3,0,3
18364,0.9,0.6864076436802758,20.0,42879.1,3,3,1,1
18367,0.8032786885245902,0.18233099169627837,61.0,47244.737704918036,2,2,2,2
18369,0.6,-0.21185418404038342,20.0,70456.8,1,1,1,3
18374,0.5185185185185185,-0.4772927772250928,27.0,28141.03846153846,0,1,1,0
18375,0.4,-1.2343585953613059,10.0,50494.9,0,0,0,2
18377,1.0,2.7079260789304866,6.0,19434.5,3,3,0,0
18378,0.9375,0.6350183901872002,32.0,12201.78125,3,3,1,0
18381,0.828125,-0.11888662487707966,64.0,38894.1746031746,3,1,2,1
18382,0.7857142857142857,1.0015647990599716,14.0,43879.07142857143,2,3,0,1
18384,0.625,-0.91233186629696,32.0,20446.125,1,0,1,0
18388,0.7647058823529411,0.6649809413511566,34.0,65903.26470588235,2,3,1,3
18397,1.0,1.8616991792647097,3.0,20860.333333333332,3,3,0,0
18400,0.75,0.07407782844252923,4.0,17002.0,2,2,0,0
18407,0.23076923076923078,-2.0439134086434043,13.0,105610.0,0,0,0,3
18408,0.6052631578947368,-1.1520927663240308,38.0,24207.184210526317,1,0,1,0
18411,0.7692307692307693,-0.2033113078417035,13.0,125243.5,2,1,0,3
18421,0.6111111111111112,0.01906115131670885,18.0,53291.705882352944,1,2,1,2
18428,0.8604651162790697,0.5202458619523407,43.0,98121.425,3,2,2,3
18435,0.7045454545454546,0.23561103534570066,44.0,79560.88636363637,1,2,2,3
18441,0.9375,1.3686286976363482,32.0,57142.06451612903,3,3,1,2
18443,0.5,-0.7158844442856659,4.0,104133.0,0,0,0,3
18444,0.5789473684210527,0.12478637648169566,19.0,86280.0,0,2,1,3
18445,0.5714285714285714,-1.818818315257782,7.0,116808.71428571429,0,0,0,3
18446,0.8222222222222222,0.20214125103941438,45.0,82511.24390243902,3,2,2,3
18447,0.0625,-3.727075221525906,16.0,74030.125,0,0,1,3
18452,0.6,0.16476025240075753,15.0,80013.2,1,2,1,3
18454,0.55,-0.5260507524286083,20.0,70774.85,0,1,1,3
18463,0.4230769230769231,-1.1176582801022703,52.0,27342.076923076922,0,0,2,0
18464,1.0,2.4822655723529463,5.0,11767.0,3,3,0,0
18471,0.8181818181818182,0.924143496608522,11.0,56663.545454545456,3,3,0,2
18472,0.7142857142857143,-0.008743596132004965,7.0,78527.4,2,2,0,3
18473,0.7804878048780488,-0.023421634529332755,41.0,58470.55,2,2,1,2
18474,0.6363636363636364,-0.7305681471715793,11.0,18191.090909090908,1,0,0,0
18478,0.56,-1.2838246822128392,25.0,43321.28,0,0,1,1
18481,0.0,-2.6383008207352905,3.0,50020.333333333336,0,0,0,2
18482,0.8333333333333334,0.8207190840350838,84.0,69642.96153846153,3,3,2,3
18489,0.85,-0.4282673694314877,20.0,30902.1,3,1,1,0
18502,0.6911764705882353,1.112323179238541,68.0,64768.40909090909,1,3,2,3
18503,0.967741935483871,1.0271022383038737,31.0,22706.064516129034,3,3,1,0
18507,0.8823529411764706,0.2789543849177391,51.0,34371.98039215686,3,2,2,1
18509,0.8333333333333334,0.5868365032741831,6.0,110158.33333333333,3,3,0,3
18510,0.9375,0.7891793126510045,16.0,25163.875,3,3,1,0
18517,0.6666666666666666,-1.5211274513338573,12.0,25852.583333333332,1,0,0,0
18520,0.7857142857142857,0.4904634685902681,42.0,38346.9756097561,2,2,1,1
18523,0.6808510638297872,-0.734532435997211,47.0,52546.53191489362,1,0,2,2
18527,0.75,-0.2860992291470365,16.0,12125.375,2,1,1,0
18528,0.5,-1.4524431939873967,18.0,25073.61111111111,0,0,1,0
18530,0.8392857142857143,1.1465284754394953,56.0,33452.82142857143,3,3,2,1
18533,0.7142857142857143,-0.6195678551022367,14.0,97132.35714285714,2,1,0,3
18537,0.696969696969697,-0.4071387224699413,66.0,38785.846153846156,1,1,2,1
18542,0.7777777777777778,0.11996916894515107,9.0,57939.77777777778,2,2,0,2
18544,0.6666666666666666,-0.3977811389993954,12.0,52721.0,1,1,0,2
18548,0.43157894736842106,-1.8901306584826931,95.0,33935.90425531915,0,0,2,1
18549,0.5,-0.47090813049843794,10.0,82490.22222222222,0,1,0,3
18558,0.6,1.374016183393501,5.0,103390.6,1,3,0,3
18561,0.9047619047619048,0.2505203251351372,21.0,27393.571428571428,3,2,1,0
18562,0.8484848484848485,0.9664616982659915,33.0,75030.90909090909,3,3,1,3
18566,0.8846153846153846,1.5082747646228785,26.0,49328.458333333336,3,3,1,2
18585,0.7619047619047619,-0.5038827765978232,21.0,14321.619047619048,2,1,1,0
18596,0.68,-0.6616593975281239,25.0,29329.32,1,1,1,0
18604,0.7222222222222222,0.24349361783585202,18.0,26342.555555555555,2,2,1,0
18607,0.7666666666666667,-0.4273159669614932,30.0,26372.4,2,1,1,0
18608,0.46938775510204084,-0.3477818534283073,49.0,69588.30612244898,0,1,2,3
18611,0.3620689655172414,-1.4470407930226206,58.0,101432.22641509434,0,0,2,3
18612,0.42857142857142855,-0.08586698538569024,7.0,89974.33333333333,0,1,0,3
18617,0.5,-1.2351936557575154,14.0,85281.92307692308,0,0,0,3
18622,0.7,-0.12217221982373619,10.0,62225.7,1,1,0,2
18627,0.9090909090909091,0.48408196631909833,11.0,87852.3,3,2,0,3
18632,1.0,4.009813616877836,21.0,108047.47619047618,3,3,1,3
18644,0.3888888888888889,-1.4798486823829302,18.0,36281.0,0,0,1,1
18646,0.5161290322580645,-1.3056259270916406,31.0,64675.96551724138,0,0,1,3
18651,0.4583333333333333,-1.11848718130933,24.0,56892.739130434784,0,0,1,2
18652,0.84375,1.3482885502948376,32.0,40676.34375,3,3,1,1
18660,0.8524590163934426,0.05710959480886689,61.0,40382.65517241379,3,2,2,1
18670,0.37142857142857144,-0.9748192952317081,35.0,71232.85294117648,0,0,1,3
18672,0.3333333333333333,-0.644097668041657,3.0,78881.0,0,1,0,3
18674,0.5,0.19250518487622528,8.0,126237.57142857143,0,2,0,3
18677,0.75,0.5594798308657506,4.0,44951.25,2,2,0,1
18679,0.7857142857142857,0.6735539463437423,14.0,30030.214285714286,2,3,0,0
18682,0.2222222222222222,-0.7110687642154612,9.0,73575.55555555556,0,1,0,3
18684,0.8113207547169812,1.3602435667801267,53.0,71070.19230769231,2,3,2,3
18695,0.8,0.24796196380928281,90.0,42403.433333333334,2,2,2,1
18696,0.625,-2.0155291532307835,24.0,14080.833333333334,1,0,1,0
18706,0.6153846153846154,0.6445715433020429,13.0,75547.0,1,3,0,3
18707,0.847457627118644,0.46652839385638817,59.0,73007.64285714286,3,2,2,3
18711,0.6984126984126984,-0.41628145479052353,63.0,77298.35483870968,1,1,2,3
18733,0.5625,-0.9912190530830493,16.0,113896.0,0,0,1,3
18744,0.8921568627450981,1.687351246041344,102.0,62143.11,3,3,2,2
18745,0.5428571428571428,-0.9494852849819124,35.0,74474.90625,0,0,1,3
18746,0.8055555555555556,1.1366023810955967,36.0,70458.61111111111,2,3,1,3
18754,0.5666666666666667,-0.597231072490185,60.0,87339.52542372882,0,1,2,3
18756,0.8240740740740741,0.5666280276048139,108.0,70099.4859813084,3,2,2,3
18764,1.0,3.413115161985301,11.0,56554.818181818184,3,3,0,2
18767,0.651685393258427,-0.3744183293181871,89.0,67273.16470588236,1,1,2,3
18775,0.7777777777777778,0.22242364015813476,27.0,41606.22222222222,2,2,1,1
18778,0.7619047619047619,-0.04873415821085022,21.0,46062.95238095238,2,2,1,2
18781,0.8095238095238095,1.3180018136188616,42.0,60267.19512195122,2,3,1,2
18783,0.6363636363636364,-0.7329910472589348,22.0,19970.727272727272,1,0,1,0
18796,0.7931034482758621,0.11407315337649034,58.0,49126.41379310345,2,2,2,2
18800,0.7894736842105263,0.08119555939751272,19.0,34777.84210526316,2,2,1,1
18804,0.7368421052631579,0.0007733067006319057,19.0,27475.157894736843,2,2,1,0
18808,0.7804878048780488,-0.18373709690480217,41.0,65038.175,2,1,1,3
18810,0.65,0.5047176321473661,20.0,72692.85,1,2,1,3
18811,0.782608695652174,0.5830760464193757,23.0,94825.60869565218,2,3,1,3
18814,0.3333333333333333,-2.4359220451224006,57.0,19523.333333333332,0,0,2,0
18826,0.7209302325581395,-0.2767309439421908,43.0,68304.74418604652,2,1,2,3
18839,0.25,-1.8197214122608154,12.0,48222.25,0,0,0,2
18840,0.6875,-0.6270428975745361,16.0,46206.75,1,1,1,2
18842,0.9523809523809523,1.1962408576345247,21.0,15991.47619047619,3,3,1,0
18849,0.8181818181818182,-0.3884732009438952,88.0,13951.306818181818,3,1,2,0
18853,0.75,-0.17803684530938474,8.0,92000.625,2,1,0,3
18856,0.75,-0.15329055749507908,12.0,10147.583333333334,2,1,0,0
18860,0.5,-0.4959082954834474,6.0,83536.16666666667,0,1,0,3
18879,0.47619047619047616,-0.104615569685227,63.0,36282.75409836065,0,1,2,1
18880,0.2222222222222222,-2.4982284936201893,18.0,39262.166666666664,0,0,1,1
18887,0.29577464788732394,-2.1160257912214733,71.0,45894.028169014084,0,0,2,2
18888,0.9629629629629629,1.5372584962233786,27.0,41252.81481481482,3,3,1,1
18893,0.4888888888888889,-1.1077830828102129,90.0,22104.2,0,0,2,0
18896,0.8181818181818182,0.13311566149873338,11.0,62926.09090909091,3,2,0,2
18904,0.92,2.0331129069869465,25.0,63269.65217391304,3,3,1,3
18906,0.6551724137931034,0.320721525490092,29.0,62951.458333333336,1,2,1,2
18916,0.6923076923076923,-0.5261817442083707,13.0,45396.0,1,1,0,1
18921,0.6296296296296297,-0.6889111639726493,27.0,103673.28,1,1,1,3
18927,0.8333333333333334,0.17143103497298076,24.0,68379.91666666667,3,2,1,3
18943,0.5454545454545454,-0.33979620680696077,33.0,64249.73333333333,0,1,1,3
18946,0.7115384615384616,0.4435031361980488,52.0,27197.48076923077,1,2,2,0
18948,0.34375,-1.5016137999409318,64.0,52652.984375,0,0,2,2
18950,0.35,-1.985870827744062,20.0,60917.61111111111,0,0,1,2
18953,0.9152542372881356,0.181434312409035,59.0,12949.033898305084,3,2,2,0
18961,0.6491228070175439,0.22749359235857866,57.0,47211.94642857143,1,2,2,2
18969,0.7,-0.4061788790455072,20.0,60782.944444444445,1,1,1,2
18974,0.7142857142857143,0.11809367759092056,7.0,49094.142857142855,2,2,0,2
18980,0.3157894736842105,-0.7363007552750456,38.0,70301.85714285714,0,0,1,3
18982,0.7846153846153846,1.234928681561407,65.0,78739.46875,2,3,2,3
18983,0.603448275862069,-1.2705507657065296,58.0,56077.56603773585,1,0,2,2
18984,0.8333333333333334,0.23207288741057283,12.0,112074.16666666667,3,2,0,3
18991,1.0,4.412916573071905,40.0,46480.25,3,3,1,2
18998,0.7477477477477478,0.08100049670904479,111.0,36319.80909090909,2,2,3,1
19002,0.875,1.335855773539378,16.0,120754.26666666666,3,3,1,3
19003,0.625,-1.073759867401324,16.0,42391.125,1,0,1,1
19009,0.6428571428571429,0.408939937001809,14.0,61114.92307692308,1,2,0,2
19011,0.8571428571428571,0.14801566177340364,14.0,49248.07692307692,3,2,0,2
19017,0.7252747252747253,-0.3614930212993141,91.0,43625.49425287356,2,1,2,1
19028,0.6956521739130435,-0.37674574675878425,23.0,25570.285714285714,1,1,1,0
19032,0.7333333333333333,0.005363109019400569,15.0,72193.92857142857,2,2,1,3
19035,0.803921568627451,0.8110130525994408,51.0,76529.4,2,3,2,3
19038,0.5,-0.8519035229283588,6.0,6064.166666666667,0,0,0,0
19043,0.875,0.9845808864185314,56.0,28199.381818181817,3,3,2,0
19044,1.0,4.487172380791865,47.0,48279.186046511626,3,3,2,2
19045,0.6190476190476191,-0.6405432684418296,63.0,67093.6129032258,1,1,2,3
19051,0.16666666666666666,-2.117294225491604,24.0,48499.708333333336,0,0,1,2
19053,0.6666666666666666,-0.2764485903986468,54.0,37858.41509433962,1,1,2,1
19075,0.7407407407407407,0.29142709684776447,27.0,40574.269230769234,2,2,1,1
19076,0.46153846153846156,-0.7202926317360634,13.0,94221.76923076923,0,0,0,3
19079,0.6363636363636364,-0.711280493661496,11.0,30388.272727272728,1,1,0,0
19081,0.6507936507936508,-0.60483795441646,63.0,20251.555555555555,1,1,2,0
19085,0.8823529411764706,0.7339971916173443,17.0,56757.470588235294,3,3,1,2
19087,0.42424242424242425,-1.9474416226050322,33.0,55964.625,0,0,1,2
19089,0.6153846153846154,-0.7041033106274488,39.0,42686.52631578947,1,1,1,1
19091,0.671875,-0.34770688617551004,64.0,42306.43548387097,1,1,2,1
19092,0.6507936507936508,-1.0349518108399116,63.0,48223.17741935484,1,0,2,2
19094,0.7058823529411765,-0.7902744961316921,17.0,64634.41176470588,1,0,1,3
19102,0.8571428571428571,0.12108967890229393,7.0,131331.85714285713,3,2,0,3
19104,0.8,-0.8395107977247938,10.0,9052.8,2,0,0,0
19108,0.5925925925925926,0.011356280921883722,54.0,21342.51851851852,1,2,2,0
19110,0.5254237288135594,-1.4073434959631361,59.0,32098.01694915254,0,0,2,1
19125,0.6710526315789473,-1.4692638794996558,76.0,30820.575342465752,1,0,2,0
19126,0.8311688311688312,0.44216812542616857,77.0,102020.31506849315,3,2,2,3
19130,1.0,1.8616991792647097,3.0,7580.0,3,3,0,0
19136,1.0,3.504374925674748,12.0,50558.666666666664,3,3,0,2
19139,0.4444444444444444,-1.4309587430157178,18.0,70377.0,0,0,1,3
19147,0.8888888888888888,1.0810072639244468,54.0,47847.72222222222,3,3,2,2
19151,0.7368421052631579,0.5124579055206686,19.0,111089.21052631579,2,2,1,3
19152,0.5294117647058824,0.786960599421661,17.0,73053.17647058824,0,3,1,3
19167,0.7346938775510204,0.0338000820261947,98.0,28331.928571428572,2,2,2,0
19181,0.4444444444444444,-1.2181550580532852,45.0,53553.75555555556,0,0,2,2
19183,1.0,1.8616991792647097,3.0,35033.666666666664,3,3,0,1
19189,0.875,0.9394775671162658,16.0,65965.5625,3,3,1,3
19191,0.68,-0.18245850414718612,25.0,62607.24,1,1,1,2
19192,1.0,2.4822655723529463,5.0,68461.4,3,3,0,3
19206,0.75,0.29941694721768725,24.0,45515.333333333336,2,2,1,1
19207,0.25,-1.279925952052242,8.0,35706.625,0,0,0,1
19208,0.41379310344827586,-1.0896409470232136,29.0,41651.32142857143,0,0,1,1
19216,0.5,-0.3529347861962524,4.0,46683.75,0,1,0,2
19220,0.6666666666666666,-0.014739345274428425,3.0,41780.0,1,2,0,1
19226,0.0,-4.522801406974784,9.0,88209.71428571429,0,0,0,3
19230,0.52,-0.7365557234217978,25.0,60683.56,0,0,1,2
19249,0.0,-3.5177344276470537,5.0,49178.0,0,0,0,2
19252,0.4,-0.38380084035343603,5.0,96822.8,0,1,0,3
19259,0.6923076923076923,0.21454727624268802,39.0,52099.692307692305,1,2,1,2
19266,0.4444444444444444,-0.6968900472525917,9.0,39634.625,0,1,0,1
19272,0.8636363636363636,1.1266429592069291,22.0,18363.31818181818,3,3,1,0
19273,0.83,1.1246175226965107,100.0,57126.1875,3,3,2,2
19276,0.45348837209302323,-1.6917820769522711,86.0,55001.148148148146,0,0,2,2
19284,0.6610169491525424,0.035480464739885885,59.0,40456.13559322034,1,2,2,1
19289,0.6,-0.26408943569099086,5.0,17138.8,1,1,0,0
19293,0.8,0.15373264548245885,15.0,18473.8,2,2,1,0
19295,0.7333333333333333,-0.15585982712049,15.0,41321.8,2,1,1,1
19297,0.8,0.023228551282190223,25.0,14447.64,2,2,1,0
19299,0.7435897435897436,-0.3112756591902071,39.0,67019.4054054054,2,1,1,3
19301,0.7222222222222222,0.024358472344160734,54.0,44521.019230769234,2,2,2,1
19309,0.6422018348623854,-1.0209689623770264,109.0,56682.990476190476,1,0,2,2
19310,0.6153846153846154,0.13924104023047218,26.0,16172.423076923076,1,2,1,0
19315,0.8738738738738738,0.6682044922643752,111.0,33721.27927927928,3,3,3,1
19316,0.75,-0.6721674415797364,24.0,13348.041666666666,2,1,1,0
19317,0.525,-1.5417102929007884,40.0,17624.3,0,0,1,0
19322,0.8947368421052632,0.7036724526069817,38.0,38603.47368421053,3,3,1,1
19323,0.46808510638297873,-1.5106947619981947,47.0,14230.217391304348,0,0,2,0
19325,0.26666666666666666,-2.127800600109381,15.0,33227.666666666664,0,0,1,1
19328,0.65,0.6266553070499064,20.0,33080.5,1,3,1,1
19347,0.5238095238095238,-0.12735039073174054,63.0,41657.35,0,1,2,1
19351,0.3333333333333333,-2.652057032485528,12.0,20735.166666666668,0,0,0,0
19353,0.5454545454545454,-1.0928053398994302,22.0,64140.318181818184,0,0,1,3
19356,0.26666666666666666,-2.007477735161358,15.0,32775.333333333336,0,0,1,1
19357,0.9032258064516129,1.1491199292511536,31.0,51130.903225806454,3,3,1,2
19374,0.631578947368421,-1.0496003003303698,19.0,45092.73684210526,1,0,1,1
19379,0.16666666666666666,-1.23555191615009,6.0,36538.8,0,0,0,1
19384,0.56,-0.8116803661231863,25.0,50294.6,0,0,1,2
19394,0.7777777777777778,0.16213623061124893,9.0,137612.5,2,2,0,3
19398,0.8709677419354839,0.36241688715523873,31.0,25788.548387096773,3,2,1,0
19401,0.6428571428571429,-0.22593161987644841,14.0,17901.0,1,1,0,0
19405,1.0,3.504374925674748,12.0,69131.08333333333,3,3,0,3
19406,0.8,0.27770429007320196,5.0,17709.8,2,2,0,0
19417,0.6666666666666666,-0.17936052055486165,21.0,66677.38095238095,1,1,1,3
19421,1.0,3.7233983585294195,15.0,29394.066666666666,3,3,1,0
19423,0.7083333333333334,-0.18572770494135796,24.0,50104.625,1,1,1,2
19424,1.0,3.1914843073109314,9.0,53586.0,3,3,0,2
19428,0.5769230769230769,0.06979574859421094,26.0,52553.24,0,2,1,2
19437,0.8936170212765957,0.8194865121941254,47.0,45277.32608695652,3,3,2,1
19443,0.7931034482758621,0.5609782675554792,29.0,30035.714285714286,2,2,1,0
19449,0.7058823529411765,0.021157934239379606,17.0,45294.294117647056,1,2,1,1
19452,0.6111111111111112,-0.03383914766057214,18.0,62466.11111111111,1,2,1,2
19464,1.0,2.4822655723529463,5.0,108382.8,3,3,0,3
19465,0.0,-3.1268750467973807,4.0,98800.5,0,0,0,3
19474,0.5,-0.3931949171732855,4.0,55669.0,0,1,0,2
19475,0.5789473684210527,-1.1773252774912326,76.0,36268.69736842105,0,0,2,1
19478,0.660377358490566,0.1791696522113579,53.0,56668.07547169811,1,2,2,2
19481,0.6666666666666666,0.984565410604719,15.0,194475.77777777778,1,3,1,3
19486,1.0,2.7079260789304866,6.0,48203.666666666664,3,3,0,2
19493,0.36,-1.6989768678973591,25.0,40940.0,0,0,1,1
19496,0.125,-2.7904173628336664,8.0,53060.0,0,0,0,2
19501,1.0,1.8616991792647097,3.0,92305.0,3,3,0,3
19503,0.7692307692307693,0.01648089720285527,13.0,56059.333333333336,2,2,0,2
19506,0.782608695652174,0.29613127153297036,69.0,43350.10294117647,2,2,2,1
19507,0.9076923076923077,1.120811999224804,65.0,25006.63076923077,3,3,2,0
19508,0.8,1.4123450598285925,10.0,90702.0,2,3,0,3
19510,0.6818181818181818,-0.5694685683493554,22.0,44867.22727272727,1,1,1,1
19514,0.7054263565891473,0.11285994276541966,129.0,29887.57364341085,1,2,3,0
19518,0.8378378378378378,1.4003357346394845,37.0,94985.02857142857,3,3,1,3
19520,0.8461538461538461,0.888267835658981,13.0,30884.615384615383,3,3,0,0
19522,0.625,-0.525563684779844,16.0,40547.875,1,1,1,1
19531,0.803921568627451,1.1287394393785342,51.0,93396.9387755102,2,3,2,3
19534,0.7272727272727273,0.5421474564618006,33.0,58719.71875,2,2,1,2
19535,0.6875,-0.1320393103246608,16.0,62132.875,1,1,1,2
19538,0.5,-0.4359635815690286,8.0,122364.875,0,1,0,3
19539,0.8333333333333334,-0.3577007421706257,12.0,14631.0,3,1,0,0
19548,0.671875,-0.5410008104360163,64.0,60120.220338983054,1,1,2,2
19558,0.5245901639344263,-1.7299626873009144,61.0,30810.0,0,0,2,0
19564,0.9,0.24672354669816104,10.0,23401.5,3,2,0,0
19566,0.9333333333333333,0.28755704925053527,15.0,82470.28571428571,3,2,1,3
19569,0.6875,-0.6451894238145957,32.0,59864.125,1,1,1,2
19570,0.8157894736842105,0.2714041691718674,76.0,38909.76,3,2,2,1
19571,0.7931034482758621,0.10411832515038055,29.0,32026.0,2,2,1,1
19580,0.9,0.7499870445505153,10.0,36679.8,3,3,0,1
19582,0.8888888888888888,-0.2496787210270017,18.0,54640.705882352944,3,1,1,2
19590,0.7333333333333333,0.32229783798497147,15.0,23053.666666666668,2,2,1,0
19597,0.3076923076923077,-1.9441094902306189,39.0,47368.94871794872,0,0,1,2
19598,0.7857142857142857,0.05332411073056798,14.0,62549.846153846156,2,2,0,2
19599,0.375,-1.2234532248385923,8.0,54992.5,0,0,0,2
19604,0.4117647058823529,-1.5960417489710226,34.0,34932.44117647059,0,0,1,1
19606,0.5076923076923077,-1.918490232171357,65.0,36726.61538461538,0,0,2,1
19615,0.25,0.45053833490888223,4.0,26516.25,0,2,0,0
19619,0.8333333333333334,0.4116761951812151,18.0,27672.11111111111,3,2,1,0
19627,0.9333333333333333,1.138923266913157,15.0,65447.53333333333,3,3,1,3
19628,1.0,2.2064582865359523,4.0,55055.25,3,3,0,2
19632,0.875,1.1861183569695664,16.0,73088.3125,3,3,1,3
19633,0.5972222222222222,-0.8429459409886726,72.0,24730.26388888889,1,0,2,0
19660,0.8333333333333334,-0.40028117857866424,18.0,20283.38888888889,3,1,1,0
19668,1.0,2.4822655723529463,5.0,73505.6,3,3,0,3
19677,0.4878048780487805,-1.388295610557882,41.0,58859.48780487805,0,0,1,2
19678,0.9523809523809523,2.417663380876901,21.0,18268.85714285714,3,3,1,0
19679,0.8333333333333334,1.1917687516630993,12.0,25290.909090909092,3,3,0,0
19681,0.3333333333333333,-1.1464033846960502,12.0,38975.5,0,0,0,1
19683,0.5,-0.8757640969604646,32.0,90602.0,0,0,1,3
19686,0.8888888888888888,1.5213897590336902,18.0,37453.77777777778,3,3,1,1
19687,0.9130434782608695,1.3567442132057665,23.0,48491.0,3,3,1,2
19695,0.3888888888888889,-1.6613407615631666,18.0,76589.26666666666,0,0,1,3
19702,0.875,0.11362821395539686,8.0,78393.25,3,2,0,3
19704,0.2222222222222222,-2.374539627062985,27.0,47404.666666666664,0,0,1,2
19705,0.9,0.47104944883640326,10.0,10722.8,3,2,0,0
19707,0.6,-0.8787522425635643,10.0,53889.333333333336,1,0,0,2
19710,0.7272727272727273,-0.31965054602319815,33.0,56125.72727272727,2,1,1,2
19725,0.5333333333333333,-1.1346946394988198,15.0,65994.93333333333,0,0,1,3
19726,0.4444444444444444,-1.294520709832127,9.0,55499.0,0,0,0,2
19736,0.29411764705882354,-0.9839590747733611,17.0,104019.23529411765,0,0,1,3
19747,0.8888888888888888,0.6465919918765298,27.0,40948.77777777778,3,3,1,1
19749,0.7619047619047619,1.2581560330450725,42.0,98669.15384615384,2,3,1,3
19765,0.6666666666666666,-0.30243671975734854,3.0,12401.666666666666,1,1,0,0
19772,0.6923076923076923,-0.11745116558560895,52.0,51224.807692307695,1,1,2,2
19774,0.15789473684210525,-2.413495552148779,19.0,27948.263157894737,0,0,1,0
19778,0.8823529411764706,0.8511718156795612,17.0,65958.1875,3,3,1,3
19783,0.875,0.34306657124935996,24.0,40136.041666666664,3,2,1,1
19784,0.9142857142857143,0.9400589635845994,35.0,51289.74285714285,3,3,1,2
19798,0.75,0.5594798308657506,4.0,103312.5,2,2,0,3
19799,0.8333333333333334,0.2907431323761249,84.0,36810.45121951219,3,2,2,1
19805,0.8,-0.24050977672595591,10.0,40575.1,2,1,0,1
19812,0.7857142857142857,0.09137363238640418,28.0,105404.23076923077,2,2,1,3
19819,0.7857142857142857,0.06449154825015892,28.0,61545.07142857143,2,2,1,2
19824,0.6666666666666666,-0.01637715646165478,18.0,48264.27777777778,1,2,1,2
19830,0.6595744680851063,-0.6789925723348604,47.0,41325.40425531915,1,1,2,1
19831,0.7,-0.8473143738284619,20.0,54132.05,1,0,1,2
19840,0.2,-3.285374467887867,40.0,28944.15,0,0,1,0
19842,0.6296296296296297,-0.7668207316936629,27.0,24945.85185185185,1,0,1,0
19844,1.0,1.8616991792647097,3.0,9907.666666666666,3,3,0,0
19847,0.5789473684210527,-1.1568480864686408,19.0,75684.47368421052,0,0,1,3
19850,0.5510204081632653,-0.7998480099445697,49.0,42973.36734693877,0,0,2,1
19852,0.6111111111111112,-0.22690614066872736,18.0,56068.833333333336,1,1,1,2
19854,0.6143790849673203,-1.3261484301477422,153.0,46518.81506849315,1,0,3,2
19859,1.0,2.8959765010784375,7.0,71766.71428571429,3,3,0,3
19871,0.7692307692307693,0.2763154385630945,13.0,75268.61538461539,2,2,0,3
19873,0.8064516129032258,0.4047087267499987,31.0,81785.63333333333,2,2,1,3
19876,0.5714285714285714,-0.5650529933538257,35.0,25532.457142857143,0,1,1,0
19880,0.8,0.5529019347956903,20.0,43447.6,2,2,1,1
19882,1.0,3.413115161985301,11.0,99914.45454545454,3,3,0,3
19891,0.45,-0.0808930010901754,40.0,53455.875,0,1,1,2
19894,0.6,-0.16523807523421757,5.0,44197.6,1,1,0,1
19897,0.6666666666666666,0.29876587423619244,9.0,77229.22222222222,1,2,0,3
19898,0.26666666666666666,-1.9911743537922917,15.0,23709.666666666668,0,0,1,0
19899,1.0,3.0550960890497803,8.0,32212.625,3,3,0,1
19902,0.40540540540540543,-1.554637198630004,37.0,50607.0,0,0,1,2
19912,0.62,-0.7433385530201784,50.0,35234.30434782609,1,0,2,1
19921,0.6666666666666666,-0.4832134163581313,15.0,12690.133333333333,1,1,1,0
19927,0.5,-0.7158844442856658,4.0,117367.5,0,1,0,3
19930,0.9166666666666666,1.0998427548935679,12.0,18346.833333333332,3,3,0,0
19937,0.8031496062992126,1.0343380217871558,127.0,50988.984251968504,2,3,3,2
19941,0.8571428571428571,-0.28832163995040344,7.0,18416.571428571428,3,1,0,0
19942,0.43902439024390244,-1.1905421535561433,41.0,67541.64864864865,0,0,1,3
19943,0.8333333333333334,0.3819548898528126,24.0,58788.416666666664,3,2,1,2
19951,0.7647058823529411,0.6655748220708794,17.0,81596.625,2,3,1,3
19952,0.5909090909090909,-1.5997628566532893,22.0,34215.13636363636,1,0,1,1
19953,0.8333333333333334,2.1662735858856497,24.0,103488.81818181818,3,3,1,3
19961,0.3333333333333333,0.1915749165675989,3.0,40742.333333333336,0,2,0,1
19963,0.21428571428571427,-1.4826428871193271,14.0,120624.35714285714,0,0,0,3
19965,0.5,-1.128971644928131,32.0,83133.51612903226,0,0,1,3
19971,0.8857142857142857,1.340934373287931,35.0,39640.17647058824,3,3,1,1
19978,0.8275862068965517,0.9403234459010489,58.0,51545.767857142855,3,3,2,2
19985,0.7692307692307693,-0.21886784719537133,13.0,63489.846153846156,2,1,0,3
19988,0.8148148148148148,1.4008610331664437,27.0,101589.70370370371,3,3,1,3
20001,0.6896551724137931,0.11625488827060386,29.0,47038.68965517241,1,2,1,2
20006,0.16,-3.104510490058416,25.0,28406.56,0,0,1,0
20008,0.6666666666666666,1.168406798537036,3.0,124741.66666666667,1,3,0,3
20009,0.7647058823529411,-0.3364797427319443,34.0,90218.6129032258,2,1,1,3
20013,0.7857142857142857,-0.16056925764944896,28.0,8861.892857142857,2,1,1,0
20018,0.8333333333333334,0.3719178568728147,48.0,35184.479166666664,3,2,2,1
20021,0.7857142857142857,1.0550951384492107,14.0,66415.78571428571,2,3,0,3
20029,0.625,-0.40197625329331654,32.0,58640.09375,1,1,1,2
20033,1.0,3.3096874298039283,10.0,61172.8,3,3,0,2
20037,0.3333333333333333,-0.43813970448280976,6.0,22693.666666666668,0,1,0,0
20041,0.65,-0.19815242459430485,20.0,22276.65,1,1,1,0
20045,0.3888888888888889,-1.117867630791794,18.0,78666.83333333333,0,0,1,3
20054,0.36585365853658536,-1.4270277034669856,41.0,63953.21951219512,0,0,1,3
20056,1.0,2.7079260789304866,6.0,24201.333333333332,3,3,0,0
20061,0.6206896551724138,-0.8316507731496535,29.0,46013.96551724138,1,0,1,2
20063,0.5555555555555556,-0.30894709713038027,9.0,39837.0,0,1,0,1
20064,0.5689655172413793,0.02374627073103785,58.0,28029.327586206895,0,2,2,0
20065,0.2545454545454545,-1.2665861086405807,55.0,35384.6,0,0,2,1
20067,0.8421052631578947,1.534936087449045,38.0,70463.05263157895,3,3,1,3
20079,0.8947368421052632,0.8278864836662028,19.0,23879.894736842107,3,3,1,0
20080,0.5,-0.8287819014028678,14.0,69071.84615384616,0,0,0,3
20081,0.6923076923076923,-0.5594024885710921,13.0,50599.153846153844,1,1,0,2
20092,0.65,-0.6201530516629732,20.0,34233.2,1,1,1,1
20095,0.6,-0.4786680323984248,20.0,48257.85,1,1,1,2
20100,0.5625,-0.4582904109624028,16.0,82864.125,0,1,1,3
20104,0.7959183673469388,0.27445857625276043,49.0,61812.26530612245,2,2,2,2
20105,0.8571428571428571,-0.3074052664967509,7.0,69840.5,3,1,0,3
20106,0.6964285714285714,0.31425134643194846,56.0,37482.82142857143,1,2,2,1
20114,0.0625,-5.360357223081224,16.0,42577.333333333336,0,0,1,1
20116,1.0,3.504374925674748,12.0,96414.11111111111,3,3,0,3
20118,0.25806451612903225,-1.0448878266901933,31.0,64052.73333333333,0,0,1,3
20121,0.2,-2.3335075450029352,15.0,90214.35714285714,0,0,1,3
20131,0.8888888888888888,-0.09597135087939036,9.0,41393.77777777778,3,1,0,1
20136,0.8604651162790697,0.3937170012197218,43.0,95885.6,3,2,2,3
20147,0.68,-0.5038074237520277,25.0,38669.48,1,1,1,1
20149,0.6857142857142857,0.44082713930121664,35.0,49577.91176470588,1,2,1,2
20157,0.9607843137254902,3.297537228476215,51.0,7060.705882352941,3,3,2,0
20165,0.0,-2.6383008207352905,3.0,58725.5,0,0,0,2
20169,0.8666666666666667,0.3635429112922876,15.0,5249.666666666667,3,2,1,0
20175,0.4583333333333333,-0.6910868191222924,24.0,64099.34782608696,0,1,1,3
20184,0.8,0.9561567045617514,30.0,35178.066666666666,2,3,1,1
20185,0.9,0.5114127670880511,20.0,9984.95,3,2,1,0
20189,0.8085106382978723,1.2101814703835654,47.0,54481.17391304348,2,3,2,2
20190,0.90625,1.836327167637482,32.0,78631.25,3,3,1,3
20193,0.8108108108108109,1.2885752490082962,37.0,73528.38235294117,2,3,1,3
20195,0.5897435897435898,0.09989549678295165,78.0,96027.64,1,2,2,3
20198,0.9230769230769231,0.7734743524000351,13.0,39577.153846153844,3,3,0,1
20209,0.6428571428571429,0.393352350959506,14.0,59710.857142857145,1,2,0,2
20216,0.75,-0.08899178580275188,12.0,51227.181818181816,2,1,0,2
20220,0.23255813953488372,-1.9307187385771976,43.0,25493.121951219513,0,0,2,0
20234,0.5384615384615384,-1.4337082573104711,39.0,44748.13513513513,0,0,1,1
20252,0.8125,0.8709310265379743,16.0,31181.0625,2,3,1,0
20255,0.2727272727272727,-1.7502200621762698,11.0,44564.4,0,0,0,1
20261,0.7647058823529411,0.08765428839582165,17.0,18745.529411764706,2,2,1,0
20265,0.5,-0.7379583372152425,10.0,64358.9,0,0,0,3
20271,0.5652173913043478,-0.8977358489290295,23.0,36351.27272727273,0,0,1,1
20296,0.95,1.3385130644720014,20.0,35047.7,3,3,1,1
20303,0.5,-0.5702030829100928,10.0,25130.5,0,1,0,0
20317,0.5945945945945946,0.480224966692145,37.0,12636.0,1,2,1,0
20319,0.2222222222222222,-3.9588752922966273,18.0,4552.833333333333,0,0,1,0
20322,0.65,-0.30334949291420227,40.0,44598.3,1,1,1,1
20323,0.6923076923076923,0.025972555257637777,13.0,37619.166666666664,1,2,0,1
20327,0.7333333333333333,0.5018980239299706,15.0,46116.933333333334,2,2,1,2
20331,0.7692307692307693,1.0379706410652707,26.0,56969.92,2,3,1,2
20334,0.9,1.2267882175152738,10.0,127198.1,3,3,0,3
20345,0.3,-0.24212028388279982,10.0,142819.2,0,1,0,3
20356,0.8571428571428571,1.2844540807279108,7.0,47370.57142857143,3,3,0,2
20362,0.8571428571428571,0.4238141149286212,7.0,104266.85714285714,3,2,0,3
20363,0.75,0.651526148973355,8.0,100080.25,2,3,0,3
20365,0.7551020408163265,0.7154951604575673,49.0,44440.73469387755,2,3,2,1
20376,0.631578947368421,-0.5971859571566014,19.0,80952.22222222222,1,1,1,3
20377,0.7142857142857143,-0.46988007555510186,7.0,30060.0,2,1,0,0
20383,0.7647058823529411,-0.27824397109019733,17.0,32802.05882352941,2,1,1,1
20389,0.5185185185185185,-1.4434714588923583,54.0,45823.43137254902,0,0,2,2
20394,0.7021276595744681,-0.35367163538595725,47.0,39476.67391304348,1,1,2,1
20401,0.9538461538461539,1.471751573066988,65.0,45390.47619047619,3,3,2,1
20410,0.6666666666666666,-0.08882870130167447,27.0,22188.037037037036,1,1,1,0
20413,0.5,-0.8205450622654652,6.0,79229.4,0,0,0,3
20416,0.5,-1.6587454275304825,34.0,17936.617647058825,0,0,1,0
20420,0.4782608695652174,-0.43905642493052904,23.0,20149.434782608696,0,1,1,0
20428,0.8787878787878788,0.1888016731424195,33.0,33543.8125,3,2,1,1
20437,0.7678571428571429,0.8639152321986805,56.0,60582.980769230766,2,3,2,2
20438,0.8543689320388349,0.08335441806786585,103.0,26310.844660194176,3,2,2,0
20439,0.5454545454545454,-0.8057999408362887,11.0,48924.09090909091,0,0,0,2
20444,0.42857142857142855,-1.2393264865170655,14.0,15611.142857142857,0,0,0,0
20445,0.8,-0.2889184503647064,5.0,50484.0,2,1,0,2
20447,0.7674418604651163,0.3462181807248117,43.0,53996.48780487805,2,2,2,2
20453,0.3076923076923077,-1.6033194408491054,13.0,64738.92307692308,0,0,0,3
20463,0.6470588235294118,0.11679559196896103,17.0,91101.64285714286,1,2,1,3
20466,1.0,1.8616991792647097,3.0,9433.666666666666,3,3,0,0
20470,0.8571428571428571,1.8918115756300904,14.0,97561.35714285714,3,3,0,3
20474,0.7692307692307693,-0.052036272277307616,26.0,76119.24,2,2,1,3
20475,0.6,-0.7066014601103687,15.0,49804.066666666666,1,1,1,2
20479,0.64,-0.9810877767964016,50.0,45239.24,1,0,2,1
20487,0.625,-1.286111108535934,8.0,24143.125,1,0,0,0
20492,0.9047619047619048,0.7287827975835222,21.0,46894.23809523809,3,3,1,2
20497,0.8571428571428571,0.42915130074031593,7.0,62908.71428571428,3,2,0,2
20521,0.4,-0.9508490450290878,10.0,96837.88888888889,0,0,0,3
20524,0.41379310344827586,-1.0368371573462685,29.0,53520.75862068965,0,0,1,2
20526,0.4,-0.2500768448086361,35.0,147458.0357142857,0,1,1,3
20536,0.6024096385542169,-0.3021406581240983,83.0,61527.73170731707,1,1,2,2
20537,0.9230769230769231,1.0093953080647835,26.0,12569.192307692309,3,3,1,0
20539,0.14285714285714285,-1.6603964306496761,7.0,61647.28571428572,0,0,0,2
20541,0.7291666666666666,-0.36216431690701273,48.0,88832.75,2,1,2,3
20551,0.8148148148148148,0.32111643838811543,27.0,13775.37037037037,3,2,1,0
20552,0.6666666666666666,0.7804343501482214,12.0,136037.54545454544,1,3,0,3
20582,0.8823529411764706,-0.05573345735364993,17.0,18665.176470588234,3,2,1,0
20584,0.896551724137931,1.5441382408402573,29.0,48549.48275862069,3,3,1,2
20585,0.6666666666666666,-0.28147721132844233,9.0,52603.333333333336,1,1,0,2
20586,0.6,-0.8184569175239993,5.0,34297.8,1,0,0,1
20589,0.8888888888888888,1.068433898755227,18.0,50249.166666666664,3,3,1,2
20596,0.8666666666666667,0.4479879231015165,15.0,11192.866666666667,3,2,1,0
20597,1.0,3.3096874298039283,10.0,19762.9,3,3,0,0
20599,0.25,-1.2444257645073071,4.0,59283.25,0,0,0,2
20614,0.7272727272727273,-0.019232965378048947,33.0,38562.78787878788,2,2,1,1
20616,0.7083333333333334,-0.8399039567767601,24.0,31532.083333333332,1,0,1,0
20620,0.5333333333333333,-1.0026130120548493,15.0,18894.466666666667,0,0,1,0
20623,1.0,4.23445303519032,29.0,15577.448275862069,3,3,1,0
20627,0.7317073170731707,-0.3602809278123919,41.0,67131.85365853658,2,1,1,3
20629,0.07142857142857142,-2.919414886259896,14.0,66257.5,0,0,0,3
20636,0.3333333333333333,-0.5647533315876271,9.0,18051.11111111111,0,1,0,0
20638,0.52,-0.9393945643683829,25.0,58509.0,0,0,1,2
20647,0.5882352941176471,-0.17407719405445188,17.0,12433.9375,1,1,1,0
20651,0.7777777777777778,0.537319974453786,18.0,47645.055555555555,2,2,1,2
20659,0.5526315789473685,-0.7970329176142422,38.0,120260.77777777778,0,0,1,3
20660,0.6619718309859155,-0.5002245034053175,71.0,35959.33802816901,1,1,2,1
20681,0.47368421052631576,-1.5924962061852963,57.0,52352.71929824561,0,0,2,2
20683,0.9,1.102569571985019,20.0,32350.8,3,3,1,1
20698,0.7619047619047619,-1.2147028055630797,21.0,17845.85714285714,2,0,1,0
20702,0.19230769230769232,-1.2560498586671265,26.0,92745.46153846153,0,0,1,3
20707,0.6818181818181818,-0.7053988410932789,22.0,110749.4,1,1,1,3
20709,0.8,-0.46856844493290417,20.0,15953.45,2,1,1,0
20715,0.75,-0.39114622529398224,8.0,112601.0,2,1,0,3
20719,0.8095238095238095,-0.4552238014408639,21.0,14156.42857142857,2,1,1,0
20726,0.7666666666666667,-0.27462670216483676,30.0,40723.68965517241,2,1,1,1
20729,0.9,1.9132872880222174,10.0,107032.66666666667,3,3,0,3
20730,0.5925925925925926,-0.6861837864349786,27.0,63284.46153846154,1,1,1,3
20740,0.6153846153846154,-0.5630336437419899,26.0,61184.653846153844,1,1,1,2
20742,0.0,-4.836884838014699,11.0,58809.1,0,0,0,2
20747,1.0,4.009813616877836,21.0,20737.04761904762,3,3,1,0
20750,0.6428571428571429,0.17145750253872902,14.0,49361.5,1,2,0,2
20751,0.8888888888888888,0.0276308001533032,9.0,38334.77777777778,3,2,0,1
20760,0.5789473684210527,-0.07987696672042961,19.0,66764.44444444444,0,1,1,3
20767,0.813953488372093,-0.7006784637856726,43.0,38186.31707317073,3,1,2,1
20772,0.7647058823529411,0.20443498684517233,17.0,38588.35294117647,2,2,1,1
20776,1.0,1.8616991792647097,3.0,85535.33333333333,3,3,0,3
20790,0.41379310344827586,-0.8331135214286336,29.0,44956.642857142855,0,0,1,1
20792,0.8888888888888888,0.48696794627070894,18.0,15143.388888888889,3,2,1,0
20804,0.2564102564102564,-2.1620983100008924,39.0,51781.31578947369,0,0,1,2
20805,0.7619047619047619,0.09407490749285839,21.0,42500.380952380954,2,2,1,1
20812,0.8888888888888888,-0.768819829589866,9.0,10557.888888888889,3,0,0,0
20815,0.6875,-0.6220103513652049,48.0,52296.91111111111,1,1,2,2
20819,0.8823529411764706,0.35888078008000635,17.0,44570.41176470588,3,2,1,1
20821,0.8125,-0.7204790103432472,16.0,40226.3125,2,0,1,1
20825,0.6923076923076923,-0.45736429668603107,13.0,31617.23076923077,1,1,0,0
20826,0.5416666666666666,-0.8545535782770023,24.0,43007.791666666664,0,0,1,1
20831,0.18181818181818182,-2.5074926233174395,22.0,54951.13636363636,0,0,1,2
20832,0.8235294117647058,0.684179264133962,17.0,31401.529411764706,3,3,1,0
20839,0.8823529411764706,0.6485171967318186,17.0,31550.235294117647,3,3,1,0
20841,0.6923076923076923,-0.6234907680744475,26.0,45016.88461538462,1,1,1,1
20843,0.9444444444444444,1.587988304708127,18.0,44623.77777777778,3,3,1,1
20859,0.775,0.05551983132722012,40.0,67153.78947368421,2,2,1,3
20864,0.8333333333333334,-0.09054229235561306,6.0,54953.333333333336,3,1,0,2
20869,0.6551724137931034,0.35443850075453526,29.0,26681.724137931036,1,2,1,0
20877,0.5609756097560976,-0.5666648663051387,41.0,60378.525,0,1,1,2
20880,0.16666666666666666,-3.603457432787554,6.0,37892.833333333336,0,0,0,1
20882,0.6666666666666666,0.3381845118607734,18.0,56910.944444444445,1,2,1,2
20886,0.5517241379310345,0.17505637603112137,29.0,80590.14814814815,0,2,1,3
20892,0.2,-0.49471752652682666,5.0,76390.66666666667,0,1,0,3
20893,0.8,0.4158023588046856,10.0,85207.8,2,2,0,3
20894,0.6666666666666666,0.008135561380403873,54.0,25486.185185185186,1,2,2,0
20900,0.9583333333333334,2.0138960956454106,24.0,36629.833333333336,3,3,1,1
20904,0.09090909090909091,-2.7137872892645323,11.0,34467.545454545456,0,0,0,1
20906,0.75,-0.45742199664413197,20.0,99529.73684210527,2,1,1,3
20908,0.75,-0.21543626809428346,4.0,5463.75,2,1,0,0
20909,0.896551724137931,0.6804001000733132,29.0,57483.55172413793,3,3,1,2
20917,0.0,-4.690312570196071,10.0,40976.7,0,0,0,1
20932,0.7567567567567568,0.02291669028940499,37.0,36818.48648648649,2,2,1,1
20934,0.7209302325581395,0.5018339935695811,43.0,57815.25581395349,2,2,2,2
20935,0.782608695652174,0.16087161297021058,23.0,43996.69565217391,2,2,1,1
20938,0.55,-0.03361584041916661,20.0,82848.33333333333,0,2,1,3
20946,0.8,0.39978887493573734,10.0,37524.1,2,2,0,1
20947,0.78125,0.27672857763228537,32.0,61104.23333333333,2,2,1,2
20952,0.7361111111111112,0.22775567167182215,72.0,52398.68571428571,2,2,2,2
20959,0.9285714285714286,1.9548112885138234,28.0,89915.53571428571,3,3,1,3
20960,0.9,0.9399187544243133,10.0,57318.7,3,3,0,2
20964,0.38461538461538464,-1.5213758414805347,26.0,91532.09090909091,0,0,1,3
20965,0.4117647058823529,-1.531269746773522,17.0,59179.0,0,0,1,2
20971,0.8181818181818182,1.2669921085433105,11.0,92491.3,3,3,0,3
20979,0.4318181818181818,-0.19773849608265578,44.0,97246.90697674418,0,1,2,3
20980,1.0,4.359100517302735,36.0,27197.11111111111,3,3,1,0
20982,0.8666666666666667,0.6977150342814518,15.0,55654.2,3,3,1,2
20984,0.875,-0.09849226336476904,16.0,47736.8125,3,1,1,2
20985,0.7333333333333333,-0.14035093669256055,15.0,20731.4,2,1,1,0
20987,0.6923076923076923,-0.9062020830400412,52.0,81737.87755102041,1,0,2,3
20991,0.875,0.2490115156378388,24.0,30395.625,3,2,1,0
20992,0.7142857142857143,-0.27635611260199344,14.0,43583.71428571428,2,1,0,1
20995,0.72,-0.771260165636028,25.0,50042.208333333336,2,0,1,2
20996,0.6,0.7015890896177104,10.0,49958.7,1,3,0,2
20998,0.9538461538461539,1.2731076878990955,65.0,73653.640625,3,3,2,3
21000,0.0,-2.6383008207352905,3.0,68346.33333333333,0,0,0,3
21009,0.7777777777777778,-0.6150928311280617,9.0,7313.888888888889,2,1,0,0
21015,0.5517241379310345,-0.7081666905043978,29.0,26492.310344827587,0,1,1,0
21019,0.3333333333333333,-0.9147192592360573,9.0,119307.0,0,0,0,3
21028,1.0,1.8616991792647097,3.0,27524.666666666668,3,3,0,0
21029,1.0,3.1914843073109314,9.0,19606.666666666668,3,3,0,0
21030,0.45454545454545453,-0.36573712692877597,22.0,44508.0,0,1,1,1
21031,0.6470588235294118,-0.8208709289334172,17.0,27126.176470588234,1,0,1,0
21032,0.5,-0.23093395819177204,6.0,51929.8,0,1,0,2
21034,1.0,3.1914843073109314,9.0,34409.88888888889,3,3,0,1
21042,0.4444444444444444,-1.5133722864432333,9.0,114487.66666666667,0,0,0,3
21048,0.2857142857142857,-0.8105386300951026,7.0,112695.5,0,0,0,3
21054,0.20833333333333334,-2.0326096662919095,24.0,8481.916666666666,0,0,1,0
21061,0.25,-0.7049804921671664,4.0,14140.75,0,1,0,0
21062,0.7368421052631579,0.5958023872262056,38.0,84063.94117647059,2,3,1,3
21065,0.2222222222222222,-1.6087213091714483,9.0,42150.125,0,0,0,1
21066,0.4,-1.1594745587067259,10.0,38238.5,0,0,0,1
21076,0.8636363636363636,0.5693742819858121,44.0,66752.55813953489,3,2,2,3
21079,0.72,-0.8576653776706472,25.0,22835.44,2,0,1,0
21081,0.9166666666666666,0.47936434725916555,12.0,74438.33333333333,3,2,0,3
21082,0.72,-0.7403477149101481,25.0,26724.04,2,0,1,0
21083,0.8235294117647058,-0.013541466689747568,17.0,20060.235294117647,3,2,1,0
21084,0.20930232558139536,-1.6118687507212,43.0,16928.837209302324,0,0,2,0
21091,0.25,-0.44850493079173026,4.0,78533.0,0,1,0,3
21101,0.7708333333333334,-0.2840917441464992,48.0,17503.297872340427,2,1,2,0
21118,0.36363636363636365,-1.8346362507368563,44.0,20220.93023255814,0,0,2,0
21125,1.0,3.3096874298039283,10.0,49941.8,3,3,0,2
21126,0.75,0.18805822361871435,8.0,45593.25,2,2,0,1
21127,0.7777777777777778,0.7724768387247051,9.0,27047.11111111111,2,3,0,0
21136,0.6511627906976745,-0.8428201107896571,43.0,31155.837209302324,1,0,2,0
21144,0.5,-0.9229450217713275,12.0,45088.583333333336,0,0,0,1
21147,0.2,-1.506004219640435,5.0,53746.0,0,0,0,2
21148,0.6285714285714286,-0.8046400965116861,35.0,44482.45714285714,1,0,1,1
21150,0.5833333333333334,-1.2063815798171986,12.0,67899.5,0,0,0,3
21156,0.8571428571428571,0.745404332943286,7.0,112212.0,3,3,0,3
21157,0.7272727272727273,-0.8430213222136476,11.0,87057.81818181818,2,0,0,3
21168,0.631578947368421,-0.10084777174663291,19.0,40209.15789473684,1,1,1,1
21171,0.4,0.07810427316645896,10.0,105068.3,0,2,0,3
21177,0.4444444444444444,-1.3189209937955455,18.0,8389.111111111111,0,0,1,0
21184,0.5384615384615384,-1.2448173847142412,26.0,20657.96153846154,0,0,1,0
21186,0.75,0.17528401296763643,32.0,76691.46875,2,2,1,3
21187,0.4,-0.4317563911605567,10.0,49976.5,0,1,0,2
21189,0.7727272727272727,0.7082926846622274,22.0,60101.59090909091,2,3,1,2
21190,0.21052631578947367,-2.3365667653203137,19.0,15778.578947368422,0,0,1,0
21194,0.5714285714285714,-1.877652673281112,7.0,111429.33333333333,0,0,0,3
21195,0.9523809523809523,1.3786363715109757,21.0,34698.09523809524,3,3,1,1
21198,0.5,-0.8747685409616486,10.0,49518.8,0,0,0,2
21201,0.7647058823529411,0.33982611706726623,17.0,67963.35294117648,2,2,1,3
21206,0.84375,0.5616036276217926,64.0,59296.22580645161,3,2,2,2
21209,0.16666666666666666,-1.7252909110137367,6.0,16632.833333333332,0,0,0,0
21214,0.7142857142857143,-0.8329978582768051,21.0,41506.71428571428,2,0,1,1
21217,0.8125,-0.1499617990708684,16.0,53967.6875,2,1,1,2
21223,0.6774193548387096,-0.1350581871373702,31.0,76784.8275862069,1,1,1,3
21224,0.8181818181818182,0.8378088730881433,33.0,56024.36363636364,3,3,1,2
21240,0.9,1.1459619648801342,10.0,41973.9,3,3,0,1
21248,1.0,3.7233983585294195,15.0,25273.933333333334,3,3,1,0
21250,0.8604651162790697,0.6300618184535525,43.0,31146.6511627907,3,3,2,0
21252,0.5454545454545454,-0.4635605697383229,11.0,54154.545454545456,0,1,0,2
21256,0.6486486486486487,0.39543568522097755,37.0,20291.891891891893,1,2,1,0
21257,0.6923076923076923,-0.22653550358662733,13.0,27515.76923076923,1,1,0,0
21270,0.7142857142857143,0.3939134880955548,7.0,23465.714285714286,2,2,0,0
21271,1.0,2.4822655723529463,5.0,14828.8,3,3,0,0
21273,0.84,0.8317159512170819,25.0,89356.04761904762,3,3,1,3
21275,0.75,-0.05296102973485873,4.0,21890.75,2,2,0,0
21276,0.8181818181818182,0.20648814641157104,11.0,48645.0,3,2,0,2
21277,0.6470588235294118,-0.8004716530514236,17.0,88434.0,1,0,1,3
21281,0.5,-1.176548006074337,14.0,22330.5,0,0,0,0
21282,0.8,-0.13236968291728363,5.0,15656.8,2,1,0,0
21284,0.7,0.41796309539289844,10.0,42219.444444444445,1,2,0,1
21292,0.0,-4.329519295565605,8.0,20289.625,0,0,0,0
21295,0.7777777777777778,0.4939587878214076,27.0,83616.88461538461,2,2,1,3
21297,0.47058823529411764,-0.8754210414834668,17.0,37128.64705882353,0,0,1,1
21303,0.525,-1.100369228119763,40.0,27769.57894736842,0,0,1,0
21308,1.0,1.8616991792647097,3.0,31333.666666666668,3,3,0,0
21324,0.8723404255319149,0.5364121121715036,47.0,26542.36170212766,3,2,2,0
21325,0.7777777777777778,0.5373199744537861,18.0,38040.27777777778,2,2,1,1
21329,0.2,-1.772880115899826,20.0,44322.36842105263,0,0,1,1
21337,0.7021276595744681,-0.4529196071361806,47.0,64547.8,1,1,2,3
21344,0.5,-0.5574659883358093,16.0,9648.3125,0,1,1,0
21346,0.875,0.3433998706265489,16.0,72142.25,3,2,1,3
21358,0.3333333333333333,-1.667055242100278,15.0,51939.53333333333,0,0,1,2
21359,0.7,-0.2475621635309635,10.0,43587.2,1,1,0,1
21367,0.8,-0.69122954199689,25.0,21361.4,2,1,1,0
21370,0.8125,-0.7486777192642489,16.0,20730.4375,2,0,1,0
21372,0.7948717948717948,-0.2240685123300014,39.0,35079.86842105263,2,1,1,1
21374,0.5625,-0.7460457797291244,16.0,54381.0,0,0,1,2
21375,0.6923076923076923,-0.6168466137513182,13.0,16657.153846153848,1,1,0,0
21382,0.0,-4.836884838014699,11.0,25397.0,0,0,0,0
21383,0.7777777777777778,0.782968446515957,18.0,75837.35294117648,2,3,1,3
21394,0.8823529411764706,0.2931122658101986,17.0,20838.41176470588,3,2,1,0
21400,0.8,-0.04992532768413325,20.0,11548.157894736842,2,2,1,0
21401,0.8666666666666667,0.46300455686049824,30.0,76617.0,3,2,1,3
21407,0.7538461538461538,0.4799117160193233,65.0,92547.9344262295,2,2,2,3
21418,0.7714285714285715,-0.9085757972019941,35.0,16818.77142857143,2,0,1,0
21426,0.75,-0.19436243843872716,8.0,59965.875,2,1,0,2
21428,0.3,-0.8931929250806137,10.0,105338.1,0,0,0,3
21433,0.43478260869565216,-1.45245127678036,23.0,58281.36363636364,0,0,1,2
21440,0.8214285714285714,0.19908799405864566,28.0,22587.222222222223,3,2,1,0
21442,0.6470588235294118,0.47345730257166896,17.0,67827.1875,1,2,1,3
21443,0.7692307692307693,-0.008840167951282826,26.0,7055.653846153846,2,2,1,0
21446,0.68,-1.1782208934098517,25.0,70155.70833333333,1,0,1,3
21448,0.625,-0.6473989665611778,16.0,15052.5625,1,1,1,0
21454,1.0,3.3096874298039283,10.0,54023.6,3,3,0,2
21461,0.38461538461538464,-1.1208306574752294,52.0,57123.4,0,0,2,2
21463,0.41935483870967744,-2.0870609531626907,31.0,16899.451612903227,0,0,1,0
21466,0.5,-0.33750732567432806,14.0,57627.57142857143,0,1,0,2
21467,0.8,-0.052283192317421734,5.0,14709.4,2,2,0,0
21481,0.5,-0.6284429815110552,6.0,86965.33333333333,0,1,0,3
21487,0.8571428571428571,1.2836968480806563,14.0,106770.91666666667,3,3,0,3
21488,0.6774193548387096,0.4624583923007537,31.0,71960.03448275862,1,2,1,3
21489,0.8205128205128205,0.5321228519177518,39.0,33151.64102564102,3,2,1,1
21502,0.75,-0.22315835324810393,4.0,35101.75,2,1,0,1
21504,0.5806451612903226,0.7181647842989426,31.0,55160.48387096774,0,3,1,2
21507,1.0,3.9302538228921646,19.0,49311.27777777778,3,3,1,2
21508,0.7272727272727273,0.4809941588466321,22.0,42193.86363636364,2,2,1,1
21513,0.7708333333333334,-0.15286788183060676,48.0,58373.13953488372,2,1,2,2
21514,0.7,-0.19486887689982915,10.0,118127.5,1,1,0,3
21541,0.8181818181818182,0.844577478580353,44.0,51391.20930232558,3,3,2,2
21546,0.5625,-0.9919959799206877,16.0,25110.625,0,0,1,0
21557,0.6764705882352942,0.3108521509430729,34.0,53420.117647058825,1,2,1,2
21561,0.9166666666666666,1.4442008443301277,12.0,95978.66666666667,3,3,0,3
21562,0.5263157894736842,-1.029925672200786,19.0,32710.473684210527,0,0,1,1
21563,0.8235294117647058,0.21610311113149114,17.0,42705.882352941175,3,2,1,1
21570,0.75,-1.5273573308874502,16.0,38930.125,2,0,1,1
21572,0.45454545454545453,-0.7376327883605338,11.0,45163.63636363636,0,0,0,1
21590,1.0,3.1914843073109314,9.0,16847.11111111111,3,3,0,0
21595,0.7012987012987013,0.11014307163593362,77.0,43473.36363636364,1,2,2,1
21611,0.7692307692307693,0.8364336610231876,13.0,41445.61538461538,2,3,0,1
21617,0.7142857142857143,0.5962325197093037,35.0,28905.914285714287,2,3,1,0
21620,0.75,0.0569291843273435,8.0,85345.5,2,2,0,3
21621,0.8571428571428571,0.2661541023233446,7.0,44615.0,3,2,0,1
21622,0.725,-0.8896895036664598,40.0,31500.3,2,0,1,0
21628,0.8888888888888888,1.2855238335350812,9.0,42430.666666666664,3,3,0,1
21630,0.7727272727272727,-0.8235982444821415,22.0,11501.681818181818,2,0,1,0
21634,0.42857142857142855,-0.9043046153418824,7.0,62459.5,0,0,0,2
21635,0.4,-1.3532050469232604,15.0,86444.53333333334,0,0,1,3
21640,0.47058823529411764,-0.5732939070407645,17.0,49087.82352941176,0,1,1,2
21648,0.9347826086956522,1.4260532824888423,46.0,70430.48888888888,3,3,2,3
21657,0.46153846153846156,-1.29502064119987,26.0,50091.769230769234,0,0,1,2
21663,0.9473684210526315,1.4472405646248143,19.0,55160.31578947369,3,3,1,2
21669,0.8666666666666667,1.302506394275561,30.0,18988.827586206895,3,3,1,0
21670,0.4666666666666667,-0.8560530809222763,15.0,86993.0,0,0,1,3
21672,0.8064516129032258,0.4064505461103203,31.0,26228.774193548386,2,2,1,0
21682,0.6790123456790124,0.6633629167398687,81.0,85315.06756756757,1,3,2,3
21688,0.9,2.1214680892452455,30.0,40835.3,3,3,1,1
21689,0.9259259259259259,1.8886236162783292,27.0,45275.11111111111,3,3,1,1
21692,0.16666666666666666,-2.006449716294058,12.0,8553.666666666666,0,0,0,0
21694,0.3157894736842105,-1.9706578098971528,19.0,84320.88235294117,0,0,1,3
21695,0.7142857142857143,-0.5433020405011879,7.0,53231.142857142855,2,1,0,2
21696,0.6756756756756757,0.233247726447087,37.0,48507.45945945946,1,2,1,2
21701,0.7272727272727273,0.15268027733327824,22.0,37528.545454545456,2,2,1,1
21702,0.2857142857142857,-2.239443821057673,14.0,23303.214285714286,0,0,0,0
21705,0.2857142857142857,-3.085254709125257,35.0,41309.45714285714,0,0,1,1
21706,0.7666666666666667,-0.4024940137085213,30.0,20662.633333333335,2,1,1,0
21709,0.5555555555555556,-1.165626921510392,9.0,21436.555555555555,0,0,0,0
21730,0.6666666666666666,0.1581564651988182,9.0,33380.555555555555,1,2,0,1
21737,0.5714285714285714,-2.332234694130538,7.0,58030.0,0,0,0,2
21739,0.6666666666666666,0.11278613553984822,6.0,67576.6,1,2,0,3
21752,0.7142857142857143,-0.3924197899881223,7.0,55246.142857142855,2,1,0,2
21762,0.7586206896551724,0.5000806902561402,29.0,41302.93103448276,2,2,1,1
21766,0.5555555555555556,-0.7022502194816987,9.0,96837.33333333333,0,1,0,3
21771,0.64,-0.5116640771740906,25.0,14756.64,1,1,1,0
21772,0.8888888888888888,1.2855238335350812,9.0,19888.555555555555,3,3,0,0
21773,0.8461538461538461,0.8047345685914213,13.0,31200.76923076923,3,3,0,0
21775,0.5555555555555556,-1.6458441537828008,18.0,31225.444444444445,0,0,1,0
21784,0.8888888888888888,1.5213897590336902,18.0,59422.055555555555,3,3,1,2
21793,0.5,-1.2275806983617192,10.0,108309.11111111111,0,0,0,3
21797,1.0,2.7079260789304866,6.0,48620.166666666664,3,3,0,2
21802,0.6785714285714286,0.0845651749769652,28.0,57385.0,1,2,1,2
21805,0.7272727272727273,0.022158243845859,22.0,38551.0,2,2,1,1
21807,0.7666666666666667,0.2690209491337088,30.0,61451.51724137931,2,2,1,2
21810,0.4383561643835616,-1.4044481100807633,73.0,31207.342465753423,0,0,2,0
21819,1.0,1.8616991792647097,3.0,163015.33333333334,3,3,0,3
21824,0.8666666666666667,0.8190707604915424,15.0,81073.53333333334,3,3,1,3
21827,0.9166666666666666,0.7578305249062662,12.0,20193.0,3,3,0,0
21828,1.0,3.504374925674748,12.0,27997.909090909092,3,3,0,0
21834,1.0,2.7079260789304866,6.0,68976.16666666667,3,3,0,3
21836,0.6268656716417911,0.5093153918707715,67.0,63276.742424242424,1,2,2,3
21838,0.5,-0.7989468927733231,12.0,42597.25,0,0,0,1
21842,0.8571428571428571,0.5575716860923747,7.0,55286.666666666664,3,2,0,2
21846,1.0,2.7079260789304866,6.0,62709.5,3,3,0,2
21848,0.6666666666666666,1.3381777384319637,6.0,99212.83333333333,1,3,0,3
21849,1.0,3.504374925674748,12.0,22720.833333333332,3,3,0,0
21857,0.0625,-2.927806588178743,16.0,30974.125,0,0,1,0
21872,0.75,1.1272023676003924,8.0,80119.75,2,3,0,3
21875,1.0,2.2064582865359523,4.0,45054.75,3,3,0,1
21877,0.7608695652173914,-0.11803383137130907,46.0,47913.818181818184,2,1,2,2
21880,0.625,-0.14337196894026807,16.0,31071.0,1,1,1,0
21887,0.7333333333333333,0.0901425281876822,30.0,31071.233333333334,2,2,1,0
21892,1.0,3.413115161985301,11.0,98480.6,3,3,0,3
21893,0.9473684210526315,0.8952472562682208,38.0,13417.447368421053,3,3,1,0
21894,0.9375,1.061819578588358,32.0,35906.3125,3,3,1,1
21906,0.14285714285714285,-1.7320149835885237,7.0,101171.85714285714,0,0,0,3
21914,0.8,0.3153962494379288,35.0,27527.914285714287,2,2,1,0
21926,0.625,-0.5274731739911571,16.0,55096.066666666666,1,1,1,2
21933,0.7,0.6180392469220242,20.0,83843.0,1,3,1,3
21937,0.9868421052631579,4.233203226289321,76.0,42000.68421052631,3,3,2,1
21940,0.8125,-0.46538841442221573,16.0,53012.0625,2,1,1,2
21941,0.2972972972972973,-2.036625526405271,74.0,23446.094594594593,0,0,2,0
21947,0.7692307692307693,0.007911839791461841,13.0,21928.384615384617,2,2,0,0
21948,1.0,3.1914843073109314,9.0,28060.0,3,3,0,0
21958,0.5384615384615384,-0.7011945310550503,26.0,128354.54166666667,0,1,1,3
21961,0.8888888888888888,0.488302266054375,9.0,13714.444444444445,3,2,0,0
21967,0.8,-0.5286440527387796,10.0,38494.5,2,1,0,1
21970,0.75,0.47225756724656387,8.0,55188.142857142855,2,2,0,2
21978,0.5,-2.19931052310691,10.0,50299.0,0,0,0,2
21979,0.8048780487804879,0.029630969587583957,41.0,45150.9756097561,2,2,1,1
21980,0.9230769230769231,0.9471833508047093,13.0,17986.25,3,3,0,0
21981,0.16666666666666666,-3.7619125492957086,18.0,7902.722222222223,0,0,1,0
21982,0.75,-0.08504022003786756,4.0,180587.0,2,1,0,3
21991,0.7857142857142857,0.07404182857140537,14.0,80048.78571428571,2,2,0,3
21992,0.5714285714285714,-0.10547077980708496,21.0,68799.25,0,1,1,3
22002,0.5925925925925926,-0.6097056564417109,81.0,34639.444444444445,1,1,2,1
22009,0.6896551724137931,-0.7671627042214945,29.0,86816.96,1,0,1,3
22013,0.5333333333333333,-0.6169314294292123,15.0,47161.53333333333,0,1,1,2
22021,0.75,0.2848077834971926,8.0,61802.625,2,2,0,2
22027,0.9473684210526315,2.2061146076602656,19.0,72321.1052631579,3,3,1,3
22029,0.7777777777777778,0.4218483770030162,18.0,13189.111111111111,2,2,1,0
22043,0.6666666666666666,-0.34576662163907845,9.0,54965.333333333336,1,1,0,2
22045,0.75,0.7235310481752764,8.0,72070.5,2,3,0,3
22047,0.6896551724137931,-0.385638718940685,29.0,23740.44827586207,1,1,1,0
22048,0.0,-3.5177344276470537,5.0,104083.8,0,0,0,3
22052,0.6153846153846154,0.9517395027424237,13.0,114124.25,1,3,0,3
22056,0.9523809523809523,1.22858605032366,21.0,22428.904761904763,3,3,1,0
22067,0.6666666666666666,0.45375471443159127,24.0,40135.30434782609,1,2,1,1
22070,0.5,-0.5332117792018023,14.0,76604.92857142857,0,1,0,3
22077,0.18181818181818182,-3.0316970574757836,11.0,53992.0,0,0,0,2
22085,0.2,-2.939755263638976,10.0,58616.4,0,0,0,2
22086,0.8888888888888888,0.006089248773203446,9.0,25360.333333333332,3,2,0,0
22090,0.6774193548387096,0.11062341623634911,31.0,30190.677419354837,1,2,1,0
22094,0.6666666666666666,-0.27719180315602304,9.0,68967.66666666667,1,1,0,3
22096,0.8181818181818182,-0.12327617944130671,55.0,70420.29629629629,3,1,2,3
22099,0.59375,-1.4069123036245132,32.0,48624.24137931035,1,0,1,2
22116,0.7777777777777778,-0.48472277321093826,18.0,22040.38888888889,2,1,1,0
22118,0.8928571428571429,0.3471775693913121,28.0,9360.75,3,2,1,0
22120,0.0,-3.5177344276470537,5.0,19947.6,0,0,0,0
22123,0.375,-2.2082884076873404,8.0,60355.142857142855,0,0,0,2
22133,0.6666666666666666,0.04611885495360735,3.0,94192.0,1,2,0,3
22135,0.42857142857142855,-1.4650323784268582,14.0,96901.85714285714,0,0,0,3
22141,0.5,-0.5672683598116751,8.0,35430.0,0,1,0,1
22145,1.0,2.7079260789304866,6.0,87612.83333333333,3,3,0,3
22146,0.75,1.3267540660088961,8.0,81064.875,2,3,0,3
22151,0.5555555555555556,-0.10182996573993548,27.0,71583.85185185185,0,1,1,3
22154,0.4878048780487805,-0.8931997014489335,41.0,78232.12195121951,0,0,1,3
22162,1.0,2.2064582865359523,4.0,29474.0,3,3,0,0
22168,0.2727272727272727,-0.5048370648756421,11.0,110348.5,0,1,0,3
22171,0.8333333333333334,-0.5346577130202504,12.0,78443.83333333333,3,1,0,3
22172,0.2,-0.6047518029202498,5.0,68074.0,0,1,0,3
22190,0.5714285714285714,-0.6616109064935681,7.0,12608.714285714286,0,1,0,0
22191,0.8461538461538461,0.3777130618135023,13.0,42954.769230769234,3,2,0,1
22192,1.0,2.4822655723529463,5.0,17017.2,3,3,0,0
22194,0.8,0.6907630893581395,5.0,126984.2,2,3,0,3
22197,0.875,1.0721020565381194,16.0,79422.8,3,3,1,3
22204,0.9166666666666666,1.8274881487368386,36.0,28678.722222222223,3,3,1,0
22206,0.7222222222222222,-0.3064772509755349,18.0,19268.333333333332,2,1,1,0
22208,0.7894736842105263,0.001937612203883989,19.0,39315.64705882353,2,2,1,1
22222,0.8947368421052632,0.5466204997358469,19.0,26842.21052631579,3,2,1,0
22226,0.4375,-1.675575583497107,16.0,110834.4,0,0,1,3
22227,1.0,2.7079260789304866,6.0,17192.5,3,3,0,0
22229,0.7777777777777778,-0.142633956898313,9.0,50303.22222222222,2,1,0,2
22238,0.5416666666666666,-0.5144151303115909,24.0,16954.416666666668,0,1,1,0
22244,0.2,-0.29723104420217594,5.0,65598.8,0,1,0,3
22250,0.16666666666666666,-1.2247327921823759,6.0,5991.0,0,0,0,0
22251,0.9767441860465116,2.524686814386337,43.0,37152.74418604651,3,3,2,1
22264,1.0,2.2064582865359523,4.0,51767.75,3,3,0,2
22271,0.3333333333333333,-0.14415380387115345,3.0,122877.33333333333,0,1,0,3
22281,0.0,-3.1268750467973807,4.0,19658.5,0,0,0,0
22291,0.75,-0.5333373571411476,4.0,26954.75,2,1,0,0
22312,0.375,-2.0056470069494092,8.0,72896.875,0,0,0,3
22313,0.9230769230769231,0.3119608516708105,13.0,25174.615384615383,3,2,0,0
22314,0.5625,-0.9131308196947734,16.0,23928.0,0,0,1,0
22322,0.75,-0.21543626809428346,4.0,7985.5,2,1,0,0
22324,0.7333333333333333,-0.9388353465994003,30.0,33217.1,2,0,1,1
22325,0.3333333333333333,0.06634818061272285,3.0,86193.33333333333,0,2,0,3
22337,0.28125,-2.001270189311657,32.0,60775.8125,0,0,1,2
22345,0.8947368421052632,1.0268994726446081,19.0,22882.842105263157,3,3,1,0
22349,0.5833333333333334,-0.5773575879202554,24.0,29779.708333333332,0,1,1,0
22358,0.9473684210526315,2.430300694389165,19.0,29457.157894736843,3,3,1,0
22361,0.0,-2.6383008207352905,3.0,37987.666666666664,0,0,0,1
22362,0.9,0.6722720930561943,20.0,29314.8,3,3,1,0
22372,0.375,-1.1034527795513975,24.0,45112.25,0,0,1,1
22373,0.1,-2.325324811495165,10.0,124271.55555555556,0,0,0,3
22389,0.8,0.045979502622884784,10.0,76812.5,2,2,0,3
22391,0.75,-0.0831963583018699,4.0,114122.33333333333,2,1,0,3
22392,0.3333333333333333,-0.3430282311926549,3.0,21087.666666666668,0,1,0,0
22402,0.6111111111111112,0.44069518372155775,18.0,33764.35294117647,1,2,1,1
22415,1.0,3.782499919775918,16.0,27246.625,3,3,1,0
22416,0.5,-0.5960505430156825,38.0,60844.583333333336,0,1,1,2
22419,0.8333333333333334,0.2118432011927519,6.0,17754.666666666668,3,2,0,0
22425,0.6190476190476191,-0.8074753605585568,21.0,30795.736842105263,1,0,1,0
22429,0.6666666666666666,-0.4903395568032819,3.0,112089.66666666667,1,1,0,3
22444,0.5,-1.828298588922296,28.0,37886.392857142855,0,0,1,1
22446,0.6875,-0.5236545322248213,16.0,30463.5,1,1,1,0
22453,0.6585365853658537,-0.6010116714835576,41.0,58333.692307692305,1,1,1,2
22458,0.3,-0.240325679927816,10.0,19262.3,0,1,0,0
22459,1.0,2.7079260789304866,6.0,12687.166666666666,3,3,0,0
22462,0.8,-0.691701153946605,10.0,124066.7,2,1,0,3
22482,0.4642857142857143,-0.8651950509825027,28.0,51577.46428571428,0,0,1,2
22489,0.5909090909090909,-0.1077361665970289,44.0,80494.87804878049,1,1,2,3
22491,0.3333333333333333,-0.518594556261899,3.0,19291.5,0,1,0,0
22492,0.875,1.0918109868977641,8.0,56510.25,3,3,0,2
22495,0.23529411764705882,-0.750872180875142,17.0,47371.41176470588,0,0,1,2
22504,1.0,2.7079260789304866,6.0,51431.833333333336,3,3,0,2
22507,0.7,-0.3772073955417424,10.0,73279.5,1,1,0,3
22509,0.3333333333333333,-1.0890653780682524,3.0,72692.0,0,0,0,3
22511,0.75,0.3096179504499203,4.0,83810.66666666667,2,2,0,3
22513,0.9272727272727272,1.0544336261433978,55.0,20001.381818181817,3,3,2,0
22516,0.5454545454545454,-0.3591506777815941,11.0,77150.54545454546,0,1,0,3
22517,0.6428571428571429,-1.4722677267121669,14.0,42310.53846153846,1,0,0,1
22521,0.6153846153846154,-0.9879552354107001,13.0,36642.692307692305,1,0,0,1
22538,0.6666666666666666,-0.9136777422803245,27.0,48073.555555555555,1,0,1,2
22552,0.9,1.0238584773846178,10.0,50550.3,3,3,0,2
22555,0.8,-0.0338516635453226,15.0,11646.133333333333,2,2,1,0
22570,0.6,-0.33295437971877473,10.0,69083.1,1,1,0,3
22571,0.8571428571428571,0.28113167859442306,7.0,60895.71428571428,3,2,0,2
22572,1.0,3.1914843073109314,9.0,17197.0,3,3,0,0
22575,0.8,0.1339367482489159,20.0,20196.2,2,2,1,0
22585,0.2,-1.7692646854932819,5.0,20229.0,0,0,0,0
22591,1.0,1.8616991792647097,3.0,60844.333333333336,3,3,0,2
22597,0.16666666666666666,-3.0804111412184763,18.0,86508.72222222222,0,0,1,3
22601,0.7619047619047619,-0.23230136668082352,21.0,16629.619047619046,2,1,1,0
22612,1.0,3.0550960890497803,8.0,65348.625,3,3,0,3
22618,0.7804878048780488,0.7398432287049191,41.0,80282.825,2,3,1,3
22619,0.7272727272727273,0.35775119521063536,22.0,64590.77272727273,2,2,1,3
22621,0.7333333333333333,0.2668895101347015,15.0,19330.2,2,2,1,0
22624,0.6071428571428571,-0.5170105326865122,28.0,48340.607142857145,1,1,1,2
22625,0.896551724137931,1.5441382408402573,29.0,92154.55172413793,3,3,1,3
22631,0.2727272727272727,-1.4207719210109362,11.0,30341.636363636364,0,0,0,0
22633,0.6875,-0.42526892626305585,32.0,56651.71875,1,1,1,2
22635,0.6666666666666666,-0.653165293683321,27.0,118262.33333333333,1,1,1,3
22637,1.0,2.8959765010784375,7.0,6420.714285714285,3,3,0,0
22643,0.5526315789473685,-1.1968789778931563,38.0,30174.594594594593,0,0,1,0
22648,1.0,3.504374925674748,12.0,58580.833333333336,3,3,0,2
22652,0.8666666666666667,-0.022153705084303088,15.0,33210.8,3,2,1,1
22654,0.3,-0.9964466990825098,10.0,34688.3,0,0,0,1
22660,0.7142857142857143,0.5229772172453038,7.0,123900.85714285714,2,2,0,3
22684,0.07142857142857142,-3.3868344593017063,14.0,51139.857142857145,0,0,0,2
22688,0.6078431372549019,-0.3640340536611602,51.0,30264.958333333332,1,1,2,0
22697,0.8888888888888888,1.1124443200764536,27.0,35914.96296296296,3,3,1,1
22705,0.6363636363636364,0.3959981171126262,11.0,136029.0,1,2,0,3
22715,0.7222222222222222,-0.3530203693133358,18.0,36342.470588235294,2,1,1,1
22719,0.9333333333333333,1.9978280722899284,15.0,14486.6,3,3,1,0
22726,0.4444444444444444,-1.0147636511795086,36.0,54188.454545454544,0,0,1,2
22727,0.5833333333333334,-0.5238428514886732,12.0,99557.33333333333,0,1,0,3
22734,0.6666666666666666,-0.8985164368942418,18.0,58748.5,1,0,1,2
22736,0.71875,-0.4026692613854434,32.0,37936.354838709674,2,1,1,1
22745,0.8571428571428571,0.37068093393731966,7.0,31704.14285714286,3,2,0,0
22747,0.96875,2.8174295614259894,32.0,23415.875,3,3,1,0
22748,0.0,-2.6383008207352905,3.0,22332.333333333332,0,0,0,0
22749,0.5,-1.44134217125696,24.0,16651.625,0,0,1,0
22756,0.25,-0.022272435694328487,4.0,89098.5,0,2,0,3
22763,0.8,0.8219270015621871,10.0,29044.7,2,3,0,0
22766,0.7674418604651163,-0.297027371419446,43.0,25610.3488372093,2,1,2,0
22768,0.6666666666666666,-0.12276001080501289,6.0,41097.833333333336,1,1,0,1
22770,0.8666666666666667,0.9309100936568973,15.0,40349.73333333333,3,3,1,1
22771,0.75,0.5234011808242066,4.0,61594.75,2,2,0,2
22776,0.8333333333333334,0.29713329313575043,12.0,42353.75,3,2,0,1
22777,0.8125,0.08138618928755834,16.0,41595.53333333333,2,2,1,1
22789,1.0,1.8616991792647097,3.0,9819.333333333334,3,3,0,0
22790,0.6923076923076923,-0.5685035505881986,13.0,96119.30769230769,1,1,0,3
22791,0.5384615384615384,-0.8833034309393093,13.0,51573.454545454544,0,0,0,2
22797,0.6666666666666666,0.5520514100164268,12.0,65420.0,1,2,0,3
22804,0.54,-0.8736608470326631,50.0,34132.479166666664,0,0,2,1
22810,0.8947368421052632,0.7632077958623412,19.0,19853.526315789473,3,3,1,0
22814,0.5384615384615384,-0.9366695998564203,13.0,31185.153846153848,0,0,0,0
22815,0.6923076923076923,-0.05120661793673641,26.0,58729.03846153846,1,2,1,2
22818,0.85,0.29491142295200634,20.0,27671.75,3,2,1,0
22822,0.8571428571428571,0.2132713050387695,35.0,31089.314285714285,3,2,1,0
22828,0.875,0.15489758635168688,8.0,131797.57142857142,3,2,0,3
22832,1.0,3.413115161985301,11.0,44044.09090909091,3,3,0,1
22836,0.4444444444444444,-1.522860176070662,27.0,15993.481481481482,0,0,1,0
22842,1.0,3.1914843073109314,9.0,25488.0,3,3,0,0
22850,0.75,-0.5230742897807406,16.0,49202.0625,2,1,1,2
22851,0.6,-1.1933567075534357,10.0,24530.5,1,0,0,0
22856,0.6,-0.46240851489084095,15.0,58932.13333333333,1,1,1,2
22861,0.75,0.5594798308657506,4.0,39861.25,2,2,0,1
22870,0.0,-2.6383008207352905,3.0,14877.666666666666,0,0,0,0
22896,0.7777777777777778,0.07765104566023566,9.0,77556.0,2,2,0,3
22897,0.6,-0.5103346303652395,5.0,186737.0,1,1,0,3
22900,0.8181818181818182,0.7430530472062534,11.0,18496.18181818182,3,3,0,0
22902,0.5,-0.526394020839313,10.0,87855.4,0,1,0,3
22911,0.6666666666666666,0.47887783796452454,3.0,117932.0,1,2,0,3
22925,0.4444444444444444,-1.307468077347252,9.0,78402.88888888889,0,0,0,3
22927,0.7692307692307693,-0.1319518030492763,13.0,62473.38461538462,2,1,0,2
22938,0.25,-2.106399421564931,20.0,62652.2,0,0,1,2
22941,1.0,2.4822655723529463,5.0,15174.2,3,3,0,0
22946,0.75,0.5594798308657506,4.0,33737.5,2,2,0,1
22951,0.7857142857142857,0.4353372592913599,14.0,38937.357142857145,2,2,0,1
22952,1.0,2.7079260789304866,6.0,62983.75,3,3,0,3
22958,1.0,1.8616991792647097,3.0,64373.0,3,3,0,3
22960,0.46875,-0.7269871482469135,32.0,72387.66666666667,0,0,1,3
22965,0.75,1.4002115416444587,16.0,41656.625,2,3,1,1
22966,0.5789473684210527,-0.13154082726133237,19.0,98081.15789473684,0,1,1,3
22977,1.0,2.2064582865359523,4.0,107247.25,3,3,0,3
22984,0.75,0.4051797798274137,8.0,96191.75,2,2,0,3
22986,0.3333333333333333,-0.8287996746029057,3.0,42425.0,0,0,0,1
22992,1.0,2.2064582865359523,4.0,51591.25,3,3,0,2
22993,0.5263157894736842,-1.8292474207410694,19.0,82566.73684210527,0,0,1,3
23016,0.2608695652173913,-3.3256902703894653,23.0,20251.565217391304,0,0,1,0
23017,1.0,2.2064582865359523,4.0,133106.5,3,3,0,3
23027,1.0,1.8616991792647097,3.0,15759.0,3,3,0,0
23028,0.5882352941176471,-0.03404204589606773,17.0,74596.64705882352,1,2,1,3
23038,0.6666666666666666,-0.6304976492583158,9.0,62184.25,1,1,0,2
23045,0.6363636363636364,-0.6936226264486665,33.0,42559.57575757576,1,1,1,1
23064,0.8666666666666667,-0.07915073192306224,30.0,42516.666666666664,3,1,1,1
23071,0.52,-0.4025661105139329,25.0,64372.48,0,1,1,3
23072,0.5,-0.9911757653663771,12.0,15633.75,0,0,0,0
23075,0.6739130434782609,-0.4264162998478898,46.0,64891.08888888889,1,1,2,3
23080,0.8333333333333334,0.5296513914783848,18.0,35194.5,3,2,1,1
23090,0.9473684210526315,1.1747981421391567,19.0,15831.0,3,3,1,0
23093,0.875,0.9126416269496662,8.0,85955.0,3,3,0,3
23096,0.625,0.3034980067976358,8.0,39415.857142857145,1,2,0,1
23097,0.30434782608695654,-1.758615724082982,23.0,57842.0,0,0,1,2
23099,0.7777777777777778,-0.16477206034467212,9.0,27519.666666666668,2,1,0,0
23111,0.5555555555555556,0.3230209978984827,9.0,60159.88888888889,0,2,0,2
23112,0.6666666666666666,-0.49699010164452057,9.0,19444.333333333332,1,1,0,0
23121,0.6216216216216216,-0.6078884329789581,37.0,59040.705882352944,1,1,1,2
23145,0.8888888888888888,1.162651132619843,9.0,20525.666666666668,3,3,0,0
23156,0.53125,0.0038551504587979093,32.0,31889.875,0,2,1,0
23171,0.52,-0.4170988757851017,25.0,61370.458333333336,0,1,1,2
23177,0.7222222222222222,-0.6131350435209627,18.0,25628.055555555555,2,1,1,0
23183,0.4,-1.4918373236665547,15.0,5287.866666666667,0,0,1,0
23185,0.6875,-0.5385520969009395,16.0,9522.9375,1,1,1,0
23197,0.4666666666666667,-0.37060976520296024,15.0,11686.133333333333,0,1,1,0
23199,0.8636363636363636,1.7779546133185375,22.0,46832.25,3,3,1,2
23205,0.8888888888888888,0.4799554234386764,18.0,109921.16666666667,3,2,1,3
23206,0.8181818181818182,1.0967857789942232,11.0,41835.181818181816,3,3,0,1
23212,0.9,1.571066199132256,10.0,98631.55555555556,3,3,0,3
23216,0.6666666666666666,0.29876587423619244,9.0,19387.0,1,2,0,0
23225,0.9333333333333333,0.9486680415880142,15.0,13366.733333333334,3,3,1,0
23232,0.3,-0.6238041553660767,10.0,61029.2,0,1,0,2
23262,0.868421052631579,0.4256869892009265,38.0,30989.36842105263,3,2,1,0
23267,0.7142857142857143,1.139095712880688,7.0,46504.857142857145,2,3,0,2
23269,0.1,-0.06514918630449054,10.0,80337.9,0,1,0,3
23271,0.75,-0.6247227333712634,4.0,39440.25,2,1,0,1
23273,0.2727272727272727,-1.0996532651376125,11.0,60059.6,0,0,0,2
23278,0.9375,1.3364954592887581,16.0,65903.8,3,3,1,3
23280,0.7272727272727273,-1.1537387508134942,22.0,29872.18181818182,2,0,1,0
23290,0.9375,1.5574832850758502,16.0,16540.0625,3,3,1,0
23300,0.625,-0.8100233000525335,8.0,82870.25,1,0,0,3
23305,0.7894736842105263,0.7921276897130491,19.0,40619.0,2,3,1,1
23320,0.8571428571428571,1.182850132180844,7.0,97743.71428571429,3,3,0,3
23324,0.8181818181818182,-0.41953511788651654,11.0,19428.636363636364,3,1,0,0
23338,0.45454545454545453,-1.6519155880839032,11.0,39220.09090909091,0,0,0,1
23341,0.8518518518518519,-0.1825678151185859,27.0,26353.96153846154,3,1,1,0
23342,0.7272727272727273,-0.31655777531951507,22.0,84694.80952380953,2,1,1,3
23345,0.16666666666666666,-1.5221367532904029,6.0,23721.666666666668,0,0,0,0
23352,0.7692307692307693,-0.1319518030492763,13.0,81694.46153846153,2,1,0,3
23353,0.9090909090909091,1.30266105310786,11.0,64506.0,3,3,0,3
23356,0.9583333333333334,1.4013691781381141,24.0,37912.291666666664,3,3,1,1
23362,0.5652173913043478,0.37658322952693474,23.0,116117.31578947368,0,2,1,3
23364,1.0,1.8616991792647097,3.0,60779.666666666664,3,3,0,2
23369,0.5263157894736842,-0.6343006459979422,19.0,69935.63157894737,0,1,1,3
23370,0.6538461538461539,-0.3406069627626665,26.0,59443.5,1,1,1,2
23371,0.5,-0.3987413296791099,6.0,108643.2,0,1,0,3
23374,0.5454545454545454,-0.6312725622579769,11.0,81776.44444444444,0,1,0,3
23379,1.0,3.1914843073109314,9.0,99179.0,3,3,0,3
23381,0.16666666666666666,-2.0312900499124047,12.0,89461.7,0,0,0,3
23384,0.6363636363636364,0.7425057665080116,11.0,167254.625,1,3,0,3
23387,0.6666666666666666,0.8027509041270912,6.0,33378.0,1,3,0,1
23394,0.1111111111111111,-1.5134618761920349,9.0,59973.77777777778,0,0,0,2
23396,0.625,-0.9699318621862211,8.0,21190.0,1,0,0,0
23397,0.6,-0.20881952684595095,10.0,60147.8,1,1,0,2
23405,0.7333333333333333,0.05798008434257257,15.0,34823.86666666667,2,2,1,1
23413,0.6666666666666666,-0.31163794812715134,6.0,47013.333333333336,1,1,0,2
23417,0.6875,-0.5212642759119099,16.0,113298.75,1,1,1,3
23431,1.0,2.7079260789304866,6.0,30170.166666666668,3,3,0,0
23447,0.8,0.11216317366499451,5.0,23382.8,2,2,0,0
23449,0.5238095238095238,-1.1380146611496913,21.0,31525.095238095237,0,0,1,0
23450,0.875,0.8807920873403865,8.0,36251.0,3,3,0,1
23451,0.5,-0.5672683598116752,8.0,37616.25,0,1,0,1
23454,0.8421052631578947,0.46085757383215364,19.0,27039.684210526317,3,2,1,0
23457,0.5,-1.5485553406776178,4.0,51433.0,0,0,0,2
23467,0.18181818181818182,-1.3350306297285204,11.0,17517.18181818182,0,0,0,0
23471,0.6666666666666666,0.11858534254714964,3.0,52112.0,1,2,0,2
23475,1.0,1.8616991792647097,3.0,69850.0,3,3,0,3
23479,1.0,2.7079260789304866,6.0,71914.8,3,3,0,3
23492,0.7777777777777778,0.7143785403491555,9.0,128049.14285714286,2,3,0,3
23494,0.45454545454545453,-0.7528793046710776,11.0,67282.0,0,0,0,3
23497,0.5185185185185185,0.45840405666574896,27.0,15984.703703703704,0,2,1,0
23500,0.7083333333333334,-0.3278828169800007,48.0,32285.063829787236,1,1,2,1
23503,0.125,-3.8213118894602927,16.0,34353.0625,0,0,1,1
23506,1.0,2.7079260789304866,6.0,20423.666666666668,3,3,0,0
23523,0.7894736842105263,0.31080766297851425,19.0,49124.73684210526,2,2,1,2
23524,0.3333333333333333,-1.7994437076094871,3.0,197034.66666666666,0,0,0,3
23529,0.84,0.045462911213047984,25.0,65792.2,3,2,1,3
23531,0.6764705882352942,-0.9897761623162005,34.0,22320.676470588234,1,0,1,0
23533,0.9375,1.1742662752950284,16.0,20821.375,3,3,1,0
23538,0.4,-0.7809371625481067,15.0,41956.066666666666,0,0,1,1
23545,0.6923076923076923,-0.06301798771185795,13.0,24403.76923076923,1,1,0,0
23550,0.6666666666666666,0.37147511565294955,3.0,66536.0,1,2,0,3
23555,0.6666666666666666,-0.3499297393889133,6.0,143976.66666666666,1,1,0,3
23556,0.8461538461538461,0.7182516219241257,13.0,68734.41666666667,3,3,0,3
23563,0.3333333333333333,-1.047515061899303,6.0,7300.0,0,0,0,0
23566,0.9545454545454546,2.4012294371489236,22.0,64734.23809523809,3,3,1,3
23571,0.7692307692307693,1.05323847633848,26.0,60871.16,2,3,1,2
23577,0.7083333333333334,-0.8366719306691465,24.0,16821.375,1,0,1,0
23578,0.7333333333333333,-0.15169188424695493,15.0,97943.66666666667,2,1,1,3
23579,0.4444444444444444,-1.3538981997380597,9.0,18294.11111111111,0,0,0,0
23581,0.6111111111111112,-0.624236807279222,18.0,47947.0,1,1,1,2
23588,0.6666666666666666,0.07698579789967355,6.0,61996.5,1,2,0,2
23592,0.8636363636363636,0.49095735922352246,22.0,54360.77272727273,3,2,1,2
23605,0.7142857142857143,-0.3078174898636712,7.0,56640.0,2,1,0,2
23612,0.8571428571428571,1.4812493604444759,7.0,14790.714285714286,3,3,0,0
23632,0.8333333333333334,0.610712855403608,6.0,16104.166666666666,3,3,0,0
23633,0.375,-1.4587974686123322,16.0,17329.5,0,0,1,0
23636,0.7692307692307693,-0.15854573058192686,13.0,84376.33333333333,2,1,0,3
23638,0.8888888888888888,0.48786065217619745,9.0,17374.333333333332,3,2,0,0
23641,0.7777777777777778,0.12297672762529006,18.0,57266.470588235294,2,2,1,2
23642,1.0,2.2064582865359523,4.0,121315.75,3,3,0,3
23643,0.4827586206896552,-1.29452060787132,29.0,60485.06896551724,0,0,1,2
23649,0.6,-1.3245971333187905,5.0,14018.6,1,0,0,0
23650,0.8,0.9593742412299036,15.0,71491.06666666667,2,3,1,3
23656,0.4,-0.7439303944650288,5.0,42072.6,0,0,0,1
23677,0.625,-0.5650343990628507,16.0,73723.1875,1,1,1,3
23685,0.47619047619047616,-0.7708196743670189,21.0,74226.0,0,0,1,3
23687,0.625,0.2417539394527285,16.0,41088.9375,1,2,1,1
23688,1.0,1.8616991792647097,3.0,18930.666666666668,3,3,0,0
23689,0.0,-3.8375284665240583,6.0,59706.0,0,0,0,2
23697,0.38095238095238093,-0.4212311402199429,21.0,51672.4,0,1,1,2
23699,0.42105263157894735,-1.0575980970879684,19.0,73387.25,0,0,1,3
23703,0.24,-1.6482717702900544,25.0,57776.291666666664,0,0,1,2
23705,0.8888888888888888,0.6123730099535852,9.0,18543.88888888889,3,3,0,0
23709,1.0,1.8616991792647097,3.0,50396.0,3,3,0,2
23711,0.8181818181818182,0.3133311043920828,11.0,5277.727272727273,3,2,0,0
23718,0.6666666666666666,-0.681870084849807,21.0,29345.714285714286,1,1,1,0
23719,0.6666666666666666,-0.6874440944768572,6.0,37592.5,1,1,0,1
23721,0.875,-1.2155926289856616,8.0,10524.625,3,0,0,0
23742,0.7142857142857143,0.066061703000919,7.0,91890.85714285714,2,2,0,3
23755,0.0,-3.8375284665240583,6.0,93297.33333333333,0,0,0,3
23757,0.8,1.490292310432812,10.0,78433.2,2,3,0,3
23758,0.8181818181818182,0.8795413904245734,11.0,58703.27272727273,3,3,0,2
23760,0.6785714285714286,-0.4238161171590394,28.0,86275.84615384616,1,1,1,3
23764,0.46153846153846156,-0.5130718772911257,13.0,84893.08333333333,0,1,0,3
23768,0.9,0.9399187544243133,10.0,29507.7,3,3,0,0
23776,0.1,-2.3945913514080956,10.0,84060.5,0,0,0,3
23782,0.8260869565217391,-0.07316165222105923,23.0,49799.434782608696,3,1,1,2
23783,0.7777777777777778,0.8329790637434245,18.0,20150.722222222223,2,3,1,0
23787,0.7333333333333333,0.30744348845336156,15.0,58199.933333333334,2,2,1,2
23800,0.8695652173913043,0.5437548891381947,23.0,24301.08695652174,3,2,1,0
23809,0.08333333333333333,-1.527422673115607,12.0,75246.3,0,0,0,3
23815,0.4,-1.0341076841933714,5.0,77076.0,0,0,0,3
23816,0.75,0.21897869236938453,4.0,69214.66666666667,2,2,0,3
23823,0.3333333333333333,-1.2833651352148878,6.0,76773.66666666667,0,0,0,3
23827,0.6818181818181818,-0.5579550680941127,22.0,40401.0625,1,1,1,1
23830,0.6363636363636364,-1.0251997940227893,22.0,43348.818181818184,1,0,1,1
23831,0.7,-0.5768514830603858,10.0,27667.88888888889,1,1,0,0
23832,0.5,0.043292773782220524,4.0,37382.333333333336,0,2,0,1
23833,0.0,-4.1040234989215625,7.0,97104.14285714286,0,0,0,3
23836,0.75,-0.033994756274452545,4.0,11346.666666666666,2,2,0,0
23841,0.8571428571428571,0.2149735061031831,7.0,28154.0,3,2,0,0
23855,0.8888888888888888,0.501789609260514,9.0,20879.88888888889,3,2,0,0
23858,0.0,-2.6383008207352905,3.0,120216.5,0,0,0,3
23866,0.7692307692307693,0.6277654358105785,13.0,82134.83333333333,2,3,0,3
23877,0.42857142857142855,-1.3037098891721215,14.0,80276.64285714286,0,0,0,3
23886,0.8,0.5600417528924196,5.0,68081.4,2,2,0,3
23890,0.7777777777777778,-0.7074083912553581,27.0,31655.62962962963,2,1,1,0
23892,0.0,-2.6383008207352905,3.0,22493.333333333332,0,0,0,0
23896,0.8333333333333334,0.8860776118163919,18.0,37376.72222222222,3,3,1,1
23898,0.75,-0.3539574319027516,12.0,10546.916666666666,2,1,0,0
23907,0.5454545454545454,-0.03618074184732732,11.0,78593.2,0,2,0,3
23909,0.6,-0.81301996817583,5.0,18968.8,1,0,0,0
23924,0.2,-1.8128286702326264,5.0,66148.0,0,0,0,3
23925,0.5,-1.007992935623408,20.0,18335.85,0,0,1,0
23930,0.42857142857142855,-1.226748814340527,14.0,14470.5,0,0,0,0
23935,1.0,2.2064582865359523,4.0,53385.25,3,3,0,2
23943,0.7777777777777778,-0.3563345417171569,18.0,13170.833333333334,2,1,1,0
23945,0.8571428571428571,0.571740900945685,7.0,79541.0,3,2,0,3
23948,0.7428571428571429,-1.0182196697856474,35.0,45794.22857142857,2,0,1,2
23951,0.7142857142857143,0.4383105005047214,7.0,62741.857142857145,2,2,0,2
23954,0.7142857142857143,-0.08751990225852899,7.0,14449.142857142857,2,1,0,0
23956,1.0,1.8616991792647097,3.0,18489.333333333332,3,3,0,0
23958,0.7142857142857143,1.0704875583965523,7.0,58411.42857142857,2,3,0,2
23959,1.0,2.7079260789304866,6.0,11779.0,3,3,0,0
23962,0.6666666666666666,-2.0301370240237953,6.0,82171.83333333333,1,0,0,3
23964,0.6111111111111112,-1.3017549052711517,18.0,61769.64705882353,1,0,1,2
23969,0.8484848484848485,1.5682953718623336,33.0,30100.030303030304,3,3,1,0
23976,0.5185185185185185,-1.3632439584449663,27.0,23369.59259259259,0,0,1,0
23988,0.75,0.5453033031721233,4.0,88328.25,2,2,0,3
23993,0.5714285714285714,-1.1479357420301899,7.0,53536.57142857143,0,0,0,2
24001,1.0,2.7079260789304866,6.0,9539.5,3,3,0,0
24002,0.52,-0.42191328795210936,25.0,40691.0,0,1,1,1
24006,0.875,0.5972142023483904,24.0,18175.791666666668,3,3,1,0
24009,0.5,-0.9902283346158194,4.0,11612.5,0,0,0,0
24011,0.2,-1.624756997021887,10.0,33943.3,0,0,0,1
24017,0.0,-3.1268750467973807,4.0,37835.25,0,0,0,1
24019,0.9411764705882353,0.6323549225371738,17.0,23593.058823529413,3,3,1,0
24033,0.9,1.8097710065901738,10.0,57573.6,3,3,0,2
24037,0.6428571428571429,-0.5294835945885166,14.0,34409.28571428572,1,1,0,1
24039,0.6666666666666666,-1.0525237368890838,18.0,18106.0,1,0,1,0
24045,0.65,0.5307798283218625,20.0,125652.76470588235,1,2,1,3
24053,1.0,3.1914843073109314,9.0,28605.0,3,3,0,0
24057,0.5,-0.7158844442856658,4.0,90153.5,0,1,0,3
24058,0.0,-3.8375284665240583,6.0,8608.4,0,0,0,0
24059,0.6,-1.3931029130287278,25.0,48277.0,1,0,1,2
24065,0.6,-0.8267061376296319,5.0,7701.6,1,0,0,0
24069,0.0,-2.6383008207352905,3.0,28720.666666666668,0,0,0,0
24075,0.875,0.4999683708055556,8.0,62251.25,3,2,0,2
24083,0.7894736842105263,-0.20252453113692942,19.0,24869.0,2,1,1,0
24084,0.6153846153846154,-0.350891068589856,13.0,36110.0,1,1,0,1
24093,0.6,-0.7438704353019411,10.0,29320.222222222223,1,0,0,0
24096,1.0,2.4822655723529463,5.0,56960.0,3,3,0,2
24097,0.3333333333333333,-0.5859939496022335,3.0,16086.0,0,1,0,0
24101,1.0,1.8616991792647097,3.0,68236.33333333333,3,3,0,3
24103,0.4666666666666667,-1.1382751767531303,15.0,27043.2,0,0,1,0
24104,0.8571428571428571,0.4958492062603762,7.0,50674.71428571428,3,2,0,2
24106,0.8,-0.004808892439680079,5.0,95514.2,2,2,0,3
24111,0.7142857142857143,-0.2148369046641708,7.0,79296.42857142857,2,1,0,3
24113,0.6666666666666666,0.11858534254714964,3.0,37577.333333333336,1,2,0,1
24117,0.0,-2.6383008207352905,3.0,107247.5,0,0,0,3
24126,0.16666666666666666,-1.4920811172695354,6.0,36412.333333333336,0,0,0,1
24134,0.0,-4.522801406974784,9.0,35275.11111111111,0,0,0,1
24135,1.0,3.1914843073109314,9.0,57132.77777777778,3,3,0,2
24136,0.8,0.38900025877183897,10.0,30373.6,2,2,0,0
24137,0.42857142857142855,-0.4177541865673534,7.0,28749.14285714286,0,1,0,0
24140,0.4375,-0.7277627911419562,16.0,99605.0625,0,0,1,3
24141,0.8235294117647058,-0.8372191221822175,17.0,57226.705882352944,3,0,1,2
24144,0.875,-0.6873978410539694,8.0,35156.75,3,1,0,1
24147,1.0,2.7079260789304866,6.0,16570.0,3,3,0,0
24163,0.7,0.13915829235626137,10.0,47174.9,1,2,0,2
24165,0.9523809523809523,1.8117127543688372,21.0,35557.80952380953,3,3,1,1
24171,0.9375,1.6953852704601704,16.0,54311.0,3,3,1,2
24175,0.13043478260869565,-1.9917671083772923,23.0,67481.26086956522,0,0,1,3
24183,0.9,0.6598543457300564,10.0,104616.44444444444,3,3,0,3
24190,0.3333333333333333,-2.2269101306258556,12.0,42477.416666666664,0,0,0,1
24206,0.5384615384615384,-0.5604173705056344,13.0,37482.230769230766,0,1,0,1
24210,0.6666666666666666,-0.6365450122607109,9.0,7420.555555555556,1,1,0,0
24216,0.4,-0.5552799873423933,5.0,52150.5,0,1,0,2
24221,0.625,-0.13118806563167873,16.0,57571.5,1,1,1,2
24222,0.6666666666666666,-0.6959566083731604,9.0,86107.66666666667,1,1,0,3
24224,0.7272727272727273,-0.40370788316806017,11.0,42726.0,2,1,0,1
24226,0.5,-0.3529347861962524,4.0,23406.75,0,1,0,0
24227,0.8333333333333334,0.8981850581068607,12.0,57461.36363636364,3,3,0,2
24236,0.875,0.561929013218197,24.0,53647.208333333336,3,2,1,2
24237,0.75,-0.2982963712074696,8.0,94285.5,2,1,0,3
24246,0.6666666666666666,-0.3015858065403831,12.0,64957.63636363636,1,1,0,3
24248,1.0,1.8616991792647097,3.0,16241.666666666666,3,3,0,0
24249,0.7777777777777778,0.033116567203228885,9.0,10297.888888888889,2,2,0,0
24250,0.8181818181818182,-0.48946685386082445,22.0,29383.714285714286,3,1,1,0
24259,0.5789473684210527,-1.807907709682508,19.0,30388.78947368421,0,0,1,0
24261,0.3333333333333333,-0.5175869057381649,12.0,72059.16666666667,0,1,0,3
24267,1.0,2.7079260789304866,6.0,11550.5,3,3,0,0
24274,0.5,-0.995246646073152,18.0,51880.23529411765,0,0,1,2
24275,0.4,-0.7052644611972304,5.0,85095.2,0,1,0,3
24276,0.16666666666666666,-2.698826806825248,6.0,30185.0,0,0,0,0
24277,0.0,-4.1040234989215625,7.0,35369.142857142855,0,0,0,1
24279,1.0,3.0550960890497803,8.0,11749.125,3,3,0,0
24282,0.7777777777777778,0.514523173627238,9.0,151668.7142857143,2,2,0,3
24284,0.6,0.1790307640387735,5.0,85713.0,1,2,0,3
24287,0.6818181818181818,-1.0588236943847107,22.0,16265.40909090909,1,0,1,0
24293,0.8,0.5145433339973852,5.0,18748.6,2,2,0,0
24308,0.7272727272727273,0.7292126451083394,11.0,49948.7,2,3,0,2
24317,0.1111111111111111,-1.6097721527219888,9.0,32638.88888888889,0,0,0,1
24320,0.75,0.09127881641230573,4.0,24688.0,2,2,0,0
24324,0.8181818181818182,1.3097807790020595,11.0,82566.1,3,3,0,3
24335,0.6,-0.5140661065614368,5.0,15424.8,1,1,0,0
24337,0.5,-0.4443004663160721,4.0,75016.0,0,1,0,3
24344,1.0,2.8959765010784375,7.0,47291.71428571428,3,3,0,2
24346,0.6666666666666666,0.28465723583785935,9.0,39772.666666666664,1,2,0,1
24347,0.8,0.7733475914336961,5.0,61889.25,2,3,0,2
24349,0.0,-2.6383008207352905,3.0,23711.333333333332,0,0,0,0
24352,0.6666666666666666,-1.8626333479811508,6.0,29740.5,1,0,0,0
24355,0.9473684210526315,1.4809700915222326,19.0,10226.263157894737,3,3,1,0
24357,0.0,-2.6383008207352905,3.0,115083.66666666667,0,0,0,3
24358,0.2,-1.2611053950800106,5.0,122178.0,0,0,0,3
24360,1.0,3.658075580309605,14.0,14722.5,3,3,0,0
24361,0.5238095238095238,-0.3041149571534665,21.0,84994.66666666667,0,1,1,3
24364,0.0,-3.5177344276470537,5.0,53524.0,0,0,0,2
24381,0.6923076923076923,-0.4291684576682346,13.0,42890.07692307692,1,1,0,1
24387,0.8571428571428571,0.7273997165146641,7.0,28639.85714285714,3,3,0,0
24406,0.3333333333333333,-0.28248297741811523,3.0,88743.66666666667,0,1,0,3
24411,0.1,-0.0651491863044907,10.0,69544.5,0,1,0,3
24430,0.5925925925925926,-0.04375673938155841,27.0,61709.08,1,2,1,2
24435,0.5,-0.6507934395383081,20.0,90122.58823529411,0,1,1,3
24436,0.6666666666666666,0.09996915654775672,6.0,93405.2,1,2,0,3
24438,0.8571428571428571,1.2633087599923911,7.0,99931.28571428571,3,3,0,3
24439,1.0,3.1914843073109314,9.0,11075.222222222223,3,3,0,0
24444,0.4,-0.41182877032423176,15.0,17553.933333333334,0,1,1,0
24451,0.5909090909090909,-1.7984945911189356,22.0,22570.636363636364,1,0,1,0
24462,0.6,-0.31086878224597336,5.0,23873.8,1,1,0,0
24463,0.1,-2.9301764352624446,10.0,5995.2,0,0,0,0
24468,0.6,-1.0245617549229098,10.0,38092.4,1,0,0,1
24479,0.75,-0.10069678451333831,8.0,34846.625,2,1,0,1
24480,0.5555555555555556,-0.5192141623178265,9.0,36644.444444444445,0,1,0,1
24481,0.5714285714285714,-0.8231977135317757,7.0,10261.57142857143,0,0,0,0
24486,0.4375,-1.5143175664249184,16.0,66024.46666666666,0,0,1,3
24489,0.9090909090909091,0.6347655701389487,22.0,100408.36363636363,3,3,1,3
24490,0.6666666666666666,-0.327396995277637,9.0,9211.333333333334,1,1,0,0
24493,0.2,-0.7113367906976076,5.0,42666.4,0,1,0,1
24497,0.3333333333333333,-2.2543578260612698,15.0,80789.73333333334,0,0,1,3
24498,1.0,3.3096874298039283,10.0,155014.83333333334,3,3,0,3
24504,0.6,-1.404253640189267,10.0,55618.0,1,0,0,2
24506,0.5714285714285714,-0.8377177063638999,14.0,39131.71428571428,0,0,0,1
24509,0.7894736842105263,0.07046020060005118,19.0,23243.21052631579,2,2,1,0
24511,1.0,3.413115161985301,11.0,34287.2,3,3,0,1
24513,0.8888888888888888,0.0304480821346838,9.0,16246.0,3,2,0,0
24514,0.5555555555555556,0.07863096959249768,9.0,53774.666666666664,0,2,0,2
24529,0.6666666666666666,-0.06613329211781131,3.0,69574.33333333333,1,1,0,3
24531,0.5,-1.1461093819205008,20.0,21646.36842105263,0,0,1,0
24533,0.46153846153846156,-1.228123440997955,13.0,50371.416666666664,0,0,0,2
24540,0.3,-1.0743377177975555,10.0,9479.1,0,0,0,0
24541,1.0,3.1914843073109314,9.0,108396.33333333333,3,3,0,3
24542,0.6666666666666666,0.11858534254714964,3.0,107645.33333333333,1,2,0,3
24545,0.5,-1.0457147200925663,10.0,55560.0,0,0,0,2
24550,0.6666666666666666,-0.5945144824043136,6.0,29252.6,1,1,0,0
24558,0.3333333333333333,-0.0818950603770729,3.0,80295.66666666667,0,1,0,3
24570,0.5714285714285714,-0.31848144265326445,7.0,64998.28571428572,0,1,0,3
24574,0.8,-0.19581018420944876,10.0,55485.1,2,1,0,2
24576,0.7058823529411765,-0.08076822976448926,17.0,74056.5294117647,1,1,1,3
24578,0.5333333333333333,-1.1656808635954157,15.0,57212.07692307692,0,0,1,2
24579,0.7692307692307693,0.4574591371905857,13.0,62206.53846153846,2,2,0,2
24583,0.7,0.14839039073755447,10.0,95071.0,1,2,0,3
24584,1.0,3.971624915764714,20.0,29631.85,3,3,1,0
24587,0.7586206896551724,-0.023086574653059463,29.0,85152.74074074074,2,2,1,3
24599,0.9166666666666666,0.8892679517804941,12.0,35380.0,3,3,0,1
24601,0.4444444444444444,-2.5946264727486477,9.0,27947.222222222223,0,0,0,0
24612,0.6666666666666666,-0.5159264577533179,3.0,115655.0,1,1,0,3
24613,0.5333333333333333,-1.0677535323791396,15.0,44199.4,0,0,1,1
24617,0.8,-0.22321706009093883,5.0,9941.2,2,1,0,0
24627,0.8235294117647058,0.634515851764423,17.0,65705.82352941176,3,3,1,3
24632,0.6666666666666666,-0.014739345274428425,3.0,24354.666666666668,1,2,0,0
24637,1.0,2.4822655723529463,5.0,78777.2,3,3,0,3
24645,0.9142857142857143,1.074288735749171,35.0,28084.714285714286,3,3,1,0
24652,0.8571428571428571,0.43925458315808363,7.0,12256.714285714286,3,2,0,0
24654,0.8333333333333334,0.7361414134643816,6.0,116110.75,3,3,0,3
24656,0.6,-0.9675048903640302,5.0,34275.2,1,0,0,1
24657,0.8666666666666667,0.5714289938814694,15.0,17841.266666666666,3,2,1,0
24665,0.875,0.8195304653140434,8.0,47806.625,3,3,0,2
24667,0.782608695652174,-0.3676942021559889,23.0,20761.08695652174,2,1,1,0
24670,0.42857142857142855,-1.2254669717887663,21.0,117030.38888888889,0,0,1,3
24674,0.8,0.647272257885903,5.0,74867.8,2,3,0,3
24683,0.5714285714285714,-1.1269322450864745,7.0,129929.85714285714,0,0,0,3
24689,0.5454545454545454,-1.1017315309700342,11.0,118319.1,0,0,0,3
24690,0.6,-0.6887833385735168,10.0,108649.0,1,1,0,3
24695,0.4666666666666667,-1.607357562597299,15.0,30873.933333333334,0,0,1,0
24698,1.0,2.7079260789304866,6.0,39069.166666666664,3,3,0,1
24699,0.8333333333333334,-0.08349845674974114,6.0,13802.833333333334,3,1,0,0
24705,0.9230769230769231,0.3817812628641201,13.0,22348.846153846152,3,2,0,0
24710,0.75,-0.13463009381272042,4.0,15771.75,2,1,0,0
24712,0.8333333333333334,0.17330080080752464,6.0,53174.333333333336,3,2,0,2
24715,0.3333333333333333,-0.0837293654744955,6.0,131800.5,0,1,0,3
24716,0.75,0.2156614569409101,8.0,127406.57142857143,2,2,0,3
24721,1.0,1.8616991792647097,3.0,93924.33333333333,3,3,0,3
24725,0.5,-0.48244506496972595,6.0,63818.5,0,1,0,3
24746,0.7272727272727273,0.0713908756211173,22.0,50038.36363636364,2,2,1,2
24756,1.0,2.7079260789304866,6.0,16506.833333333332,3,3,0,0
24764,0.375,-0.7778360095437611,8.0,20826.5,0,0,0,0
24769,0.3,-0.9496821899186658,10.0,13038.2,0,0,0,0
24780,0.5,0.019286341334706216,4.0,82110.75,0,2,0,3
24788,0.6153846153846154,0.3302040366533266,13.0,64592.307692307695,1,2,0,3
24791,0.16666666666666666,-1.5194603649324632,6.0,27863.5,0,0,0,0
24800,0.8571428571428571,0.38299636159738404,14.0,26637.714285714286,3,2,0,0
24804,0.1111111111111111,0.02689106050532529,9.0,67994.33333333333,0,2,0,3
24817,0.8571428571428571,1.3933197170926435,7.0,10848.714285714286,3,3,0,0
24819,1.0,1.8616991792647097,3.0,74081.33333333333,3,3,0,3
24821,0.8,0.8114594869288868,5.0,128873.4,2,3,0,3
24825,0.8823529411764706,1.0501784865422,17.0,77641.75,3,3,1,3
24826,0.35294117647058826,-0.5843961595197522,17.0,96961.29411764706,0,1,1,3
24828,0.8888888888888888,1.547921268378056,9.0,86441.0,3,3,0,3
24834,0.7692307692307693,0.5814981710102481,13.0,48915.153846153844,2,3,0,2
24836,0.875,1.1431166913589277,8.0,41821.75,3,3,0,1
24843,0.3333333333333333,-0.5632060959538576,3.0,156792.5,0,1,0,3
24845,1.0,1.8616991792647097,3.0,24611.0,3,3,0,0
24878,0.5757575757575758,0.48961398600574724,33.0,74758.65625,0,2,1,3
24881,0.6666666666666666,0.3539773471833047,12.0,92908.90909090909,1,2,0,3
24883,0.42857142857142855,-1.2213459580866242,21.0,110717.42857142857,0,0,1,3
24890,1.0,1.8616991792647097,3.0,81075.33333333333,3,3,0,3
24895,1.0,1.8616991792647097,3.0,15503.0,3,3,0,0
24899,0.16666666666666666,-2.614452349785165,30.0,23907.206896551725,0,0,1,0
24901,0.6428571428571429,-0.5289931933174412,14.0,26119.428571428572,1,1,0,0
24911,1.0,3.504374925674748,12.0,34196.416666666664,3,3,0,1
24912,0.625,1.667148722567695,8.0,76191.25,1,3,0,3
24915,0.75,-0.10855939642135315,8.0,17029.25,2,1,0,0
24921,0.5,-1.1005222531041663,8.0,61716.875,0,0,0,2
24922,0.4117647058823529,-2.089896281191436,34.0,42040.73529411765,0,0,1,1
24930,0.4857142857142857,-1.3655444351445523,35.0,50025.25,0,0,1,2
24935,0.4444444444444444,-0.9059933948076797,9.0,61627.75,0,0,0,2
24942,0.7857142857142857,-0.3743826405863343,14.0,64528.692307692305,2,1,0,3
24948,0.75,-0.5282991082397284,12.0,25911.833333333332,2,1,0,0
24949,0.875,0.5613864998655762,8.0,53770.75,3,2,0,2
24950,0.7692307692307693,0.3503492364405042,13.0,19309.0,2,2,0,0
24951,0.5,-1.3536130845289998,14.0,7556.428571428572,0,0,0,0
24952,0.7142857142857143,0.03887529650564785,7.0,29545.428571428572,2,2,0,0
24957,0.8,-0.10665107455967787,5.0,8369.8,2,1,0,0
24958,0.0,-2.6383008207352905,3.0,19056.333333333332,0,0,0,0
24973,1.0,3.504374925674748,12.0,124491.57142857143,3,3,0,3
24975,0.7272727272727273,-0.9483866014677694,11.0,13937.363636363636,2,0,0,0
24978,0.5,-0.9310834059931073,14.0,13719.92857142857,0,0,0,0
24980,0.75,-0.08501276047353636,4.0,19708.0,2,1,0,0
24988,0.75,-0.17905916032504268,4.0,36227.5,2,1,0,1
24991,0.5789473684210527,-0.11846653403805664,19.0,41025.47368421053,0,1,1,1
24994,0.6,-0.4442127156707413,5.0,106551.4,1,1,0,3
24995,0.26666666666666666,-1.6159289975183166,15.0,51217.6,0,0,1,2
24997,1.0,1.8616991792647097,3.0,16482.0,3,3,0,0
25017,0.8666666666666667,1.4050490024602358,15.0,26108.666666666668,3,3,1,0
25021,0.24,-1.8666118567927563,25.0,36847.04,0,0,1,1
25022,1.0,1.8616991792647097,3.0,13665.0,3,3,0,0
25029,0.0,-3.5177344276470537,5.0,26461.4,0,0,0,0
25042,0.7837837837837838,0.33804774129772147,37.0,56971.48648648649,2,2,1,2
25052,0.8,-0.302330021617456,5.0,29449.8,2,1,0,0
25055,1.0,3.504374925674748,12.0,23384.166666666668,3,3,0,0
25056,0.3,-1.5414415919756934,10.0,33247.2,0,0,0,1
25059,0.3333333333333333,-0.5254338553437221,3.0,78906.66666666667,0,1,0,3
25060,0.2857142857142857,-1.7692523171460401,14.0,36346.28571428572,0,0,0,1
25062,0.8,0.20091600491281728,10.0,14185.5,2,2,0,0
25075,1.0,3.1914843073109314,9.0,50201.0,3,3,0,2
25078,0.6,-0.3655877589234818,15.0,19077.64285714286,1,1,1,0
25083,0.8181818181818182,1.2417616386668988,11.0,138458.6,3,3,0,3
25084,0.75,0.7233707440998914,12.0,94232.25,2,3,0,3
25089,0.75,-0.4107188575298982,4.0,20622.25,2,1,0,0
25105,0.4444444444444444,-0.5756535157653373,9.0,17733.571428571428,0,1,0,0
25107,0.6666666666666666,-0.6402852626321208,6.0,43743.666666666664,1,1,0,1
25110,0.7894736842105263,-0.12113786542768412,19.0,40504.94736842105,2,1,1,1
25116,0.14285714285714285,-3.366473002672397,7.0,10623.142857142857,0,0,0,0
25117,0.0,-3.8375284665240583,6.0,65884.66666666667,0,0,0,3
25118,0.6666666666666666,-0.2918078659456642,9.0,33755.444444444445,1,1,0,1
25123,1.0,2.7079260789304866,6.0,83448.66666666667,3,3,0,3
25127,0.3333333333333333,-0.42692624861124817,3.0,62136.333333333336,0,1,0,2
25134,1.0,2.7079260789304866,6.0,52310.0,3,3,0,2
25137,0.5,-1.2098869075360739,18.0,14583.611111111111,0,0,1,0
25140,0.375,-1.0057125432467373,8.0,58935.75,0,0,0,2
25141,0.25,-1.546033229143651,8.0,53544.375,0,0,0,2
25142,0.375,-1.0057125432467375,8.0,28485.875,0,0,0,0
25149,0.0,-2.6383008207352905,3.0,21541.0,0,0,0,0
25150,1.0,2.2064582865359523,4.0,57386.75,3,3,0,2
25153,0.3333333333333333,-0.12181840504560848,3.0,108883.0,0,1,0,3
25168,0.4444444444444444,-2.0908223969462236,9.0,117488.55555555556,0,0,0,3
25172,0.4,0.5743913184992256,5.0,30284.6,0,2,0,0
25174,0.8571428571428571,0.1129747486897277,7.0,70385.16666666667,3,2,0,3
25177,0.6470588235294118,-0.5132009188256501,17.0,13210.0,1,1,1,0
25183,0.5,-1.2627307946964568,8.0,14074.142857142857,0,0,0,0
25184,0.8125,-0.3501980666312325,16.0,38302.933333333334,2,1,1,1
25185,0.5,-1.5089720174933587,6.0,9979.0,0,0,0,0
25189,0.7142857142857143,0.3524510542484664,7.0,92782.42857142857,2,2,0,3
25190,0.8571428571428571,0.5699343545196807,7.0,27172.571428571428,3,2,0,0
25194,0.5625,-0.4461991568678732,16.0,39389.375,0,1,1,1
25198,0.25,-0.7106338834617517,4.0,20625.75,0,1,0,0
25213,1.0,2.7079260789304866,6.0,23548.5,3,3,0,0
25215,0.6666666666666666,0.10149083688752675,6.0,21222.333333333332,1,2,0,0
25221,0.125,-2.329608812730573,8.0,43394.625,0,0,0,1
25222,0.8888888888888888,1.0959943446076363,9.0,38832.22222222222,3,3,0,1
25239,1.0,2.7079260789304866,6.0,81019.0,3,3,0,3
25242,0.625,-0.8014123842174573,8.0,23655.375,1,0,0,0
25243,0.8461538461538461,0.10092400728682978,13.0,82226.53846153847,3,2,0,3
25245,0.8,0.21556716151047628,15.0,86853.6,2,2,1,3
25251,0.6666666666666666,-0.8503137859324861,33.0,67082.125,1,0,1,3
25254,0.5,0.5124111994314666,16.0,72708.26666666666,0,2,1,3
25257,0.2,0.34566469192975324,5.0,72344.6,0,2,0,3
25263,0.75,-0.13330469609408427,4.0,37983.0,2,1,0,1
25265,1.0,2.7079260789304866,6.0,74218.2,3,3,0,3
25283,1.0,3.504374925674748,12.0,24091.75,3,3,0,0
25289,0.6666666666666666,-0.9278438363154257,15.0,11310.333333333334,1,0,1,0
25302,0.42857142857142855,-1.113732981789477,7.0,76298.6,0,0,0,3
25320,0.7777777777777778,0.07948895207763772,9.0,96373.22222222222,2,2,0,3
25321,0.5,-0.5672683598116752,8.0,57338.75,0,1,0,2
25323,0.9,0.646952430025567,10.0,26418.4,3,3,0,0
25325,0.6,-0.16258005053154234,5.0,146689.25,1,1,0,3
25330,1.0,2.7079260789304866,6.0,29269.833333333332,3,3,0,0
25346,0.75,0.40391091095763193,28.0,69221.71428571429,2,2,1,3
25348,0.45454545454545453,-0.8368936386147289,11.0,28864.909090909092,0,0,0,0
25353,0.6470588235294118,0.31991629341920524,17.0,51032.0625,1,2,1,2
25354,0.7777777777777778,-0.053672274600567574,9.0,64499.77777777778,2,2,0,3
25355,0.42105263157894735,-1.4681460240066404,19.0,42051.166666666664,0,0,1,1
25362,0.16666666666666666,-1.7803186403315452,6.0,31145.666666666668,0,0,0,0
25365,0.5,-0.5672683598116752,8.0,26224.0,0,1,0,0
25367,0.8333333333333334,0.14877954188186984,6.0,53262.833333333336,3,2,0,2
25376,0.0,-3.5177344276470537,5.0,4186.8,0,0,0,0
25379,0.8666666666666667,1.5041290513577743,15.0,23313.666666666668,3,3,1,0
25382,0.0,-3.8375284665240583,6.0,36075.666666666664,0,0,0,1
25387,1.0,1.8616991792647097,3.0,14270.666666666666,3,3,0,0
25388,0.3333333333333333,0.19297569325261696,3.0,50319.0,0,2,0,2
25390,0.75,-0.511645390488863,4.0,127404.5,2,1,0,3
25396,0.6,-0.6278746238677457,10.0,46890.4,1,1,0,2
25408,0.75,-0.7623837068350896,4.0,94983.0,2,0,0,3
25410,0.5,-0.6978467084672044,34.0,28762.235294117647,0,1,1,0
25411,1.0,1.8616991792647097,3.0,13715.333333333334,3,3,0,0
25412,0.625,0.01714234388783244,8.0,47918.125,1,2,0,2
25414,0.4,-1.5003687362018348,10.0,29970.777777777777,0,0,0,0
25419,1.0,2.2064582865359523,4.0,158655.0,3,3,0,3
25425,0.2,-1.6453838594328496,10.0,31289.7,0,0,0,0
25432,0.125,-0.9453250669852947,8.0,144513.66666666666,0,0,0,3
25441,0.6,-0.7979278790796949,10.0,34551.8,1,0,0,1
25449,0.8333333333333334,0.3971199256258033,6.0,52507.5,3,2,0,2
25451,0.0,-2.6383008207352905,3.0,11310.0,0,0,0,0
25456,0.8,-0.13373204245765685,5.0,33104.6,2,1,0,1
25457,0.8571428571428571,1.2388346419031864,7.0,55784.28571428572,3,3,0,2
25462,1.0,2.2064582865359523,4.0,81791.0,3,3,0,3
25463,1.0,2.2064582865359523,4.0,22624.333333333332,3,3,0,0
25465,0.8571428571428571,-0.8887320707531087,7.0,17804.85714285714,3,0,0,0
25467,0.3333333333333333,-0.5530918484060969,12.0,64201.0,0,1,0,3
25468,1.0,2.4822655723529463,5.0,86371.6,3,3,0,3
25470,0.6666666666666666,-0.5316442585295713,6.0,17791.833333333332,1,1,0,0
25472,0.6666666666666666,-0.8219774176536048,12.0,131680.27272727274,1,0,0,3
25478,0.5,-1.3956759225760984,8.0,11485.75,0,0,0,0
25485,0.125,-2.225426133798412,8.0,29255.875,0,0,0,0
25488,0.0,-2.6383008207352905,3.0,30106.666666666668,0,0,0,0
25489,0.6666666666666666,0.3847438664422898,6.0,80301.5,1,2,0,3
25491,0.9411764705882353,0.7829813254959748,17.0,17650.647058823528,3,3,1,0
25495,0.75,0.5685873701004394,16.0,32897.0,2,2,1,1
25504,0.25,-1.3800374250966265,4.0,17037.0,0,0,0,0
25507,0.6666666666666666,1.076307847303277,6.0,87330.0,1,3,0,3
25508,0.3333333333333333,-0.7418391030407154,12.0,53997.583333333336,0,0,0,2
25512,0.75,0.637798706387658,4.0,20448.5,2,3,0,0
25513,1.0,2.8959765010784375,7.0,21056.714285714286,3,3,0,0
25520,0.7142857142857143,-0.6302910643154073,7.0,47936.75,2,1,0,2
25525,1.0,1.8616991792647097,3.0,94630.33333333333,3,3,0,3
25532,0.42857142857142855,-1.4388662614996122,7.0,20941.428571428572,0,0,0,0
25534,0.8,0.4857184226446941,5.0,39554.0,2,2,0,1
25536,0.5454545454545454,1.9965817337524205,11.0,108604.9,0,3,0,3
25540,0.6111111111111112,0.9104708541317894,18.0,41719.333333333336,1,3,1,1
25545,1.0,1.8616991792647097,3.0,20542.333333333332,3,3,0,0
25557,0.5,-1.2353365483012009,12.0,33645.36363636364,0,0,0,1
25568,0.75,0.02826647643269542,4.0,68992.0,2,2,0,3
25576,0.8333333333333334,0.6934282195724438,6.0,102405.16666666667,3,3,0,3
25580,0.9090909090909091,0.6734390370963701,11.0,15894.90909090909,3,3,0,0
25583,0.4444444444444444,-0.8922280053278462,9.0,107190.25,0,0,0,3
25585,0.7272727272727273,-0.4822177141472646,22.0,21430.454545454544,2,1,1,0
25588,1.0,2.2064582865359523,4.0,28747.75,3,3,0,0
25591,0.6153846153846154,-0.17100918124501244,13.0,42845.92307692308,1,1,0,1
25605,1.0,2.7079260789304866,6.0,70598.33333333333,3,3,0,3
25606,0.3333333333333333,0.1915749165675989,3.0,26145.0,0,2,0,0
25609,1.0,1.8616991792647097,3.0,68078.33333333333,3,3,0,3
25622,0.0,-3.5177344276470537,5.0,21215.4,0,0,0,0
25630,0.8,0.967817967427728,5.0,231143.8,2,3,0,3
25645,0.4,-0.07278749738939022,5.0,80748.0,0,1,0,3
25652,0.9166666666666666,0.924199682095055,12.0,65922.0,3,3,0,3
25665,0.8571428571428571,-0.0992224874353684,7.0,12047.714285714286,3,1,0,0
25669,0.6666666666666666,0.11858534254714964,3.0,56800.0,1,2,0,2
25677,0.7142857142857143,-0.5232743287459988,7.0,4051.4285714285716,2,1,0,0
25679,0.3333333333333333,0.1915749165675989,3.0,56674.0,0,2,0,2
25692,1.0,1.8616991792647097,3.0,73221.33333333333,3,3,0,3
25694,1.0,3.0550960890497803,8.0,75066.0,3,3,0,3
25697,0.5,-0.9489199461090718,10.0,148472.66666666666,0,0,0,3
25708,0.7647058823529411,0.16210555234829432,17.0,51649.05882352941,2,2,1,2
25711,1.0,1.8616991792647097,3.0,43875.333333333336,3,3,0,1
25712,1.0,1.8616991792647097,3.0,10115.333333333334,3,3,0,0
25719,0.5,-0.7816852170431602,4.0,19591.5,0,0,0,0
25729,0.625,-0.8134504072799429,8.0,64714.625,1,0,0,3
25739,0.75,0.30652058257593445,12.0,30737.166666666668,2,2,0,0
25746,0.8888888888888888,0.08846298979013174,9.0,27550.555555555555,3,2,0,0
25750,0.25,-0.5758837394432886,8.0,87147.42857142857,0,1,0,3
25752,0.7857142857142857,0.46426765832201555,14.0,20771.428571428572,2,2,0,0
25755,0.0,-2.6383008207352905,3.0,16462.333333333332,0,0,0,0
25758,1.0,2.7079260789304866,6.0,98128.5,3,3,0,3
25761,0.0,-2.6383008207352905,3.0,78244.33333333333,0,0,0,3
25763,1.0,1.8616991792647097,3.0,157593.5,3,3,0,3
25768,0.0,-2.6383008207352905,3.0,16244.666666666666,0,0,0,0
25773,0.0,-2.6383008207352905,3.0,25311.333333333332,0,0,0,0
25776,1.0,2.4822655723529463,5.0,86940.0,3,3,0,3
25778,1.0,1.8616991792647097,3.0,10463.333333333334,3,3,0,0
25788,1.0,2.7079260789304866,6.0,11303.333333333334,3,3,0,0
25793,0.5,0.31639253858274385,8.0,65547.625,0,2,0,3
25794,0.8125,-0.28764663396034157,16.0,28964.875,2,1,1,0
25798,0.5,-0.8069518367425547,8.0,10909.875,0,0,0,0
25801,0.8,0.7388483939863805,10.0,7562.1,2,3,0,0
25802,0.8,0.5918545305383897,5.0,52595.6,2,3,0,2
25805,0.8571428571428571,0.9245773853420716,7.0,27568.85714285714,3,3,0,0
25815,0.8571428571428571,-0.2678802754762445,7.0,19112.85714285714,3,1,0,0
25816,1.0,1.8616991792647097,3.0,24029.333333333332,3,3,0,0
25818,0.0,-2.6383008207352905,3.0,18424.666666666668,0,0,0,0
25822,0.8333333333333334,-0.20817398476275467,6.0,10163.833333333334,3,1,0,0
25824,0.8333333333333334,0.19922211598736125,18.0,15417.444444444445,3,2,1,0
25825,0.7777777777777778,-0.0606760999532989,9.0,33104.333333333336,2,1,0,1
25836,0.8571428571428571,0.012468333025942618,7.0,27830.428571428572,3,2,0,0
25845,0.75,0.5784975266096605,4.0,69829.25,2,2,0,3
25846,1.0,1.8616991792647097,3.0,77908.66666666667,3,3,0,3
25850,0.8333333333333334,0.015075037602175625,12.0,26475.416666666668,3,2,0,0
25851,0.6666666666666666,-0.5103689232738902,6.0,32383.0,1,1,0,1
25852,0.6666666666666666,-0.9551485292463051,6.0,29817.833333333332,1,0,0,0
25859,0.8571428571428571,0.16281663866255472,7.0,58046.42857142857,3,2,0,2
25860,0.8333333333333334,0.3882338865576722,12.0,47522.166666666664,3,2,0,2
25864,1.0,1.8616991792647097,3.0,15356.666666666666,3,3,0,0
25867,0.8,-0.9554381979948523,5.0,13014.6,2,0,0,0
25875,1.0,2.7079260789304866,6.0,10993.0,3,3,0,0
25878,1.0,2.7079260789304866,6.0,16514.5,3,3,0,0
25881,0.8571428571428571,-1.0085607350338979,7.0,4915.714285714285,3,0,0,0
25887,1.0,2.7079260789304866,6.0,25855.666666666668,3,3,0,0
25892,1.0,2.7079260789304866,6.0,27008.166666666668,3,3,0,0
25901,1.0,2.2064582865359523,4.0,26345.75,3,3,0,0
25912,1.0,2.2064582865359523,4.0,40683.25,3,3,0,1
25918,0.5454545454545454,-0.9286426916280753,11.0,72268.72727272728,0,0,0,3
25939,0.2,-0.3191055283582827,5.0,12168.4,0,1,0,0
25942,0.0,-2.6383008207352905,3.0,85399.0,0,0,0,3
25950,0.4,-0.6031629846149212,25.0,15712.72,0,1,1,0
25951,0.875,0.8355926471372909,8.0,26359.0,3,3,0,0
25954,0.5714285714285714,-0.9701247190027456,7.0,67491.42857142857,0,0,0,3
25961,0.25,-1.308094611049203,4.0,23798.0,0,0,0,0
25968,0.7,-0.26813327786081415,10.0,32234.9,1,1,0,1
25979,0.5833333333333334,-0.1553776717933973,12.0,73904.27272727272,0,1,0,3
25985,0.0,-3.8375284665240583,6.0,51759.333333333336,0,0,0,2
25990,1.0,2.2064582865359523,4.0,22221.25,3,3,0,0
25994,0.6363636363636364,-1.2281698577115505,11.0,87953.90909090909,1,0,0,3
25995,0.0,-2.6383008207352905,3.0,236259.0,0,0,0,3
25996,1.0,1.8616991792647097,3.0,30161.333333333332,3,3,0,0
26012,1.0,2.2064582865359523,4.0,29334.5,3,3,0,0
26015,0.5,-0.775133809986626,4.0,133024.25,0,0,0,3
26018,1.0,1.8616991792647097,3.0,53176.333333333336,3,3,0,2
26033,0.2,-1.3153485675151306,5.0,81220.0,0,0,0,3
26034,0.375,-1.2475852454750649,8.0,57767.125,0,0,0,2
26037,0.8571428571428571,-1.486558647539644,7.0,20441.14285714286,3,0,0,0
26038,0.75,0.5594798308657506,4.0,35302.25,2,2,0,1
26041,0.3333333333333333,0.1915749165675989,3.0,56698.666666666664,0,2,0,2
26050,0.6666666666666666,0.29876587423619244,9.0,15122.555555555555,1,2,0,0
26053,0.6666666666666666,0.5867614756311851,3.0,214110.5,1,3,0,3
26058,0.8571428571428571,-0.7605343620134897,7.0,15569.57142857143,3,0,0,0
26061,0.8947368421052632,0.16262724625568564,19.0,22424.42105263158,3,2,1,0
26063,0.5,-0.3529347861962524,4.0,18039.25,0,1,0,0
26064,0.4444444444444444,0.006842884797999613,9.0,107344.875,0,2,0,3
26078,0.3333333333333333,-0.916273482802819,6.0,16716.5,0,0,0,0
26080,0.16666666666666666,-0.5113372222693685,6.0,202843.83333333334,0,1,0,3
26083,0.75,0.4330682019383508,4.0,39512.5,2,2,0,1
26089,0.0,-2.6383008207352905,3.0,79171.0,0,0,0,3
26096,1.0,2.7079260789304866,6.0,29054.5,3,3,0,0
26097,0.8,0.1797256820613793,5.0,137149.6,2,2,0,3
26098,1.0,1.8616991792647097,3.0,73845.66666666667,3,3,0,3
26100,0.5,-0.18102394219887796,10.0,38988.0,0,1,0,1
26103,1.0,3.1914843073109314,9.0,24567.777777777777,3,3,0,0
26106,0.75,-0.2929155880096795,4.0,94081.5,2,1,0,3
26113,0.75,-0.6979504023175559,4.0,27300.75,2,1,0,0
26115,0.7857142857142857,-0.033466392018902925,14.0,26002.5,2,2,0,0
26117,1.0,2.8959765010784375,7.0,33889.857142857145,3,3,0,1
26125,0.8333333333333334,0.14443200092505415,6.0,12889.833333333334,3,2,0,0
26126,0.6666666666666666,0.7058660209618632,6.0,26101.5,1,3,0,0
26128,0.375,-1.0057125432467373,8.0,20850.375,0,0,0,0
26130,1.0,2.2064582865359523,4.0,47496.0,3,3,0,2
26140,0.4,-0.48807788047039,10.0,64275.3,0,1,0,3
26141,0.6666666666666666,-0.6316645962879186,3.0,53571.666666666664,1,1,0,2
26148,0.8333333333333334,1.0690652982279574,6.0,27704.5,3,3,0,0
26151,1.0,1.8616991792647097,3.0,40505.333333333336,3,3,0,1
26155,1.0,2.4822655723529463,5.0,62211.0,3,3,0,2
26161,0.8333333333333334,0.4832025304239511,12.0,33401.454545454544,3,2,0,1
26168,0.25,-1.6293479686077021,8.0,38430.25,0,0,0,1
26172,0.6666666666666666,-0.06733304259777487,6.0,152401.0,1,1,0,3
26175,0.3333333333333333,-0.41363689582916363,3.0,95631.66666666667,0,1,0,3
26180,0.7142857142857143,0.4215413990917707,14.0,27505.571428571428,2,2,0,0
26181,0.5,0.5931552139586671,10.0,96737.6,0,3,0,3
26189,0.3076923076923077,-0.7242794168277973,13.0,97460.91666666667,0,0,0,3
26192,0.3333333333333333,-1.4019965745834018,3.0,191541.5,0,0,0,3
26194,0.8571428571428571,0.22027018351104077,7.0,15664.714285714286,3,2,0,0
26196,0.3,-1.6476541298782448,10.0,21869.5,0,0,0,0
26203,1.0,1.8616991792647097,3.0,96463.0,3,3,0,3
26204,0.2,-2.22557902724362,5.0,70712.6,0,0,0,3
26205,1.0,1.8616991792647097,3.0,5176.666666666667,3,3,0,0
26207,0.75,-0.22950023635600458,12.0,90271.36363636363,2,1,0,3
26210,0.0,-2.6383008207352905,3.0,31265.0,0,0,0,0
26218,0.8,-0.6274487453974544,5.0,140690.8,2,1,0,3
26219,0.5,-0.5443029576942784,6.0,85516.0,0,1,0,3
26245,1.0,1.8616991792647097,3.0,119119.66666666667,3,3,0,3
26246,0.9,1.3870196054110515,10.0,18836.2,3,3,0,0
26257,0.6666666666666666,0.05055861899047759,3.0,180594.66666666666,1,2,0,3
26274,0.0,-2.6383008207352905,3.0,22977.666666666668,0,0,0,0
26281,1.0,2.2064582865359523,4.0,98166.0,3,3,0,3
26287,0.2,-0.634235071007638,5.0,87575.2,0,1,0,3
26290,0.75,-0.4315111626293483,4.0,81910.5,2,1,0,3
26296,0.5,-0.4602083801307089,4.0,89180.0,0,1,0,3
26300,0.6,0.44436215419997105,5.0,106540.2,1,2,0,3
26306,0.9655172413793104,2.3709197236752386,29.0,103734.3448275862,3,3,1,3
26312,0.75,0.5594798308657506,4.0,20007.25,2,2,0,0
26316,0.6,-0.7270855802965045,10.0,67347.7,1,0,0,3
26319,1.0,1.8616991792647097,3.0,26933.333333333332,3,3,0,0
26324,1.0,2.2064582865359523,4.0,50213.25,3,3,0,2
26332,0.4,0.2013286428259402,5.0,44727.8,0,2,0,1
26340,1.0,2.7079260789304866,6.0,15469.166666666666,3,3,0,0
26342,0.6956521739130435,0.2459584946775832,23.0,31048.409090909092,1,2,1,0
26345,0.75,0.6798415073455859,4.0,133019.25,2,3,0,3
26348,1.0,1.8616991792647097,3.0,127589.0,3,3,0,3
26350,0.75,0.48995591159314383,12.0,81379.75,2,2,0,3
26353,0.8571428571428571,1.093652677679639,7.0,37365.57142857143,3,3,0,1
26355,0.3333333333333333,-0.826288385899424,3.0,7367.666666666667,0,0,0,0
26361,0.25,-0.12889848231370596,4.0,35749.0,0,1,0,1
26363,0.4,-0.700582204791104,5.0,88238.25,0,1,0,3
26366,0.75,0.04176003133593209,4.0,39050.0,2,2,0,1
26369,0.5,-2.4881608360004,8.0,44437.0,0,0,0,1
26379,0.7142857142857143,0.08069250651774686,14.0,80672.07142857143,2,2,0,3
26383,0.4,0.2361774339111789,10.0,27088.3,0,2,0,0
26384,0.8,0.11216317366499451,5.0,20213.0,2,2,0,0
26391,1.0,1.8616991792647097,3.0,73091.0,3,3,0,3
26397,0.2222222222222222,-2.2333766607483305,9.0,41488.11111111111,0,0,0,1
26398,1.0,1.8616991792647097,3.0,53380.333333333336,3,3,0,2
26407,0.5,-0.3725722271897777,6.0,43416.166666666664,0,1,0,1
26408,0.0,-2.6383008207352905,3.0,34471.333333333336,0,0,0,1
26409,0.8,1.235254487602488,10.0,95276.0,2,3,0,3
26411,0.75,-0.16675355133974334,12.0,61213.454545454544,2,1,0,2
26418,0.8,-0.3564102239859345,5.0,137484.2,2,1,0,3
26419,0.2,-0.8830029162858074,5.0,142389.0,0,0,0,3
26425,0.6,0.05879608443962103,5.0,15829.0,1,2,0,0
26427,0.8,0.4109242669780616,5.0,108856.5,2,2,0,3
26429,0.8181818181818182,0.43078643643296444,11.0,26964.545454545456,3,2,0,0
26435,0.7142857142857143,-0.02554446911758738,7.0,38549.0,2,2,0,1
26436,0.4,-0.7548993855137998,10.0,91814.44444444444,0,0,0,3
26441,0.75,0.30385409863587537,8.0,106648.25,2,2,0,3
26450,1.0,2.7079260789304866,6.0,83139.83333333333,3,3,0,3
26453,0.75,-0.4814235677283044,8.0,67631.5,2,1,0,3
26466,1.0,1.8616991792647097,3.0,60394.666666666664,3,3,0,2
26469,1.0,1.8616991792647097,3.0,62320.666666666664,3,3,0,2
26472,0.3333333333333333,-1.3682953106514817,6.0,41981.666666666664,0,0,0,1
26480,1.0,1.8616991792647097,3.0,18639.0,3,3,0,0
26484,0.8333333333333334,0.5986836849614264,6.0,49984.666666666664,3,3,0,2
26485,0.25,-1.318296845037147,4.0,57800.5,0,0,0,2
26486,0.6,-0.5200066160071474,5.0,14137.2,1,1,0,0
26491,0.8,0.020765586274743786,5.0,137265.8,2,2,0,3
26505,0.75,0.25555768447145744,4.0,40601.75,2,2,0,1
26507,1.0,1.8616991792647097,3.0,30575.333333333332,3,3,0,0
26510,0.0,-4.522801406974784,9.0,7925.888888888889,0,0,0,0
26520,0.0,-3.1268750467973807,4.0,28374.0,0,0,0,0
26526,0.3333333333333333,-1.766490158745979,3.0,127375.0,0,0,0,3
26532,1.0,1.8616991792647097,3.0,43468.333333333336,3,3,0,1
26536,0.0,-2.6383008207352905,3.0,8010.666666666667,0,0,0,0
26539,1.0,3.1914843073109314,9.0,17391.555555555555,3,3,0,0
26546,0.75,-0.074526195415798,4.0,39333.5,2,1,0,1
26551,0.8333333333333334,-0.08924330948397184,6.0,13578.666666666666,3,1,0,0
26557,0.375,-1.2487448427201429,8.0,38741.57142857143,0,0,0,1
26561,1.0,1.8616991792647097,3.0,97780.0,3,3,0,3
26566,1.0,2.7079260789304866,6.0,32019.0,3,3,0,1
26572,1.0,1.8616991792647097,3.0,11934.666666666666,3,3,0,0
26576,0.7777777777777778,0.7094196224717336,9.0,17130.0,2,3,0,0
26581,1.0,1.8616991792647097,3.0,113608.66666666667,3,3,0,3
26601,0.5,-1.400078104319843,6.0,21596.0,0,0,0,0
26602,0.75,0.7677917729166264,4.0,61583.5,2,3,0,2
26610,0.6,-0.3710046547281478,5.0,34750.0,1,1,0,1
26614,0.25,-0.939824368437021,8.0,103965.75,0,0,0,3
26617,0.8,0.4438031734604058,10.0,53420.8,2,2,0,2
26618,1.0,1.8616991792647097,3.0,30841.0,3,3,0,0
26619,0.5,-1.0003085783362324,6.0,33676.333333333336,0,0,0,1
26620,0.6666666666666666,-0.225047301133497,3.0,14446.333333333334,1,1,0,0
26628,1.0,1.8616991792647097,3.0,19989.666666666668,3,3,0,0
26631,0.5,-1.146827810140166,8.0,26775.5,0,0,0,0
26637,1.0,1.8616991792647097,3.0,25712.0,3,3,0,0
26657,0.8571428571428571,0.7035987896235203,14.0,57012.142857142855,3,3,0,2
26663,0.7777777777777778,0.23071536876210297,9.0,37532.11111111111,2,2,0,1
26673,1.0,2.2064582865359523,4.0,34752.75,3,3,0,1
26675,0.75,0.18427319253904556,8.0,36720.42857142857,2,2,0,1
26694,0.6666666666666666,0.11694813702420973,9.0,70036.22222222222,1,2,0,3
26699,0.875,0.8634084978549809,8.0,101226.75,3,3,0,3
26706,0.0,-2.6383008207352905,3.0,15373.666666666666,0,0,0,0
26715,0.5,0.4286805087581726,4.0,31973.75,0,2,0,1
26716,1.0,1.8616991792647097,3.0,19691.0,3,3,0,0
26720,0.16666666666666666,-0.9396533995073969,6.0,80237.75,0,0,0,3
26722,0.0,-4.1040234989215625,7.0,4912.571428571428,0,0,0,0
26726,0.8,-0.08139829730333548,5.0,13538.8,2,1,0,0
26730,0.75,0.5594798308657506,4.0,26110.75,2,2,0,0
26731,0.5,0.2706580246049714,12.0,94422.36363636363,0,2,0,3
26743,0.6363636363636364,-0.7937729680719252,11.0,48031.90909090909,1,0,0,2
26752,0.8571428571428571,0.5451591044971591,7.0,30948.428571428572,3,2,0,0
26753,1.0,1.8616991792647097,3.0,21423.0,3,3,0,0
26761,1.0,1.8616991792647097,3.0,5434.666666666667,3,3,0,0
26764,0.6666666666666666,-0.12245120719464059,3.0,23813.333333333332,1,1,0,0
26765,0.18181818181818182,-0.9828700692789621,11.0,78411.45454545454,0,0,0,3
26777,1.0,1.8616991792647097,3.0,11957.333333333334,3,3,0,0
26787,0.5714285714285714,0.5397109427720596,7.0,108336.0,0,2,0,3
26789,1.0,1.8616991792647097,3.0,52722.666666666664,3,3,0,2
26792,0.5714285714285714,0.07676551040922741,7.0,25167.285714285714,0,2,0,0
26794,0.2,-1.6234952149711255,10.0,10452.7,0,0,0,0
26799,1.0,1.8616991792647097,3.0,12956.333333333334,3,3,0,0
26800,0.8,-0.14818832432287182,5.0,25585.4,2,1,0,0
26802,1.0,1.8616991792647097,3.0,13261.666666666666,3,3,0,0
26804,0.6,-0.7287268259084281,5.0,6871.2,1,0,0,0
26810,0.75,-0.22548169005830582,4.0,75812.75,2,1,0,3
26814,0.125,-1.0766588022742063,8.0,106607.875,0,0,0,3
26815,1.0,1.8616991792647097,3.0,13436.333333333334,3,3,0,0
26826,0.6666666666666666,0.187636425843997,6.0,61944.5,1,2,0,2
26830,1.0,2.7079260789304866,6.0,47056.6,3,3,0,2
26832,0.3333333333333333,-0.7146153792472772,3.0,69022.33333333333,0,1,0,3
26837,0.0,-4.690312570196071,10.0,122605.6,0,0,0,3
26843,0.5,1.0409614696014629,4.0,141821.75,0,3,0,3
26844,0.3333333333333333,-0.18603769422687677,9.0,109894.5,0,1,0,3
26845,0.75,0.1621980774812042,4.0,34470.0,2,2,0,1
26860,1.0,1.8616991792647097,3.0,11240.0,3,3,0,0
26861,0.8888888888888888,0.5965187806388998,9.0,77524.44444444444,3,3,0,3
26867,0.75,0.5594798308657506,4.0,84827.5,2,2,0,3
26870,0.9285714285714286,1.6920535692998937,14.0,8275.714285714286,3,3,0,0
26871,0.6666666666666666,-0.5101288572128111,6.0,32505.833333333332,1,1,0,1
26874,1.0,2.2064582865359523,4.0,19821.25,3,3,0,0
26880,0.75,-0.0831963583018699,4.0,148796.5,2,1,0,3
26888,0.4,-0.9600806963847464,5.0,48236.4,0,0,0,2
26889,1.0,1.8616991792647097,3.0,68553.33333333333,3,3,0,3
26891,0.5,-0.9902283346158194,4.0,12201.25,0,0,0,0
26893,0.5,-0.997621381044445,6.0,54852.0,0,0,0,2
26894,0.42857142857142855,0.21860602832392606,7.0,84653.0,0,2,0,3
26904,1.0,1.8616991792647097,3.0,32050.666666666668,3,3,0,1
26917,1.0,1.8616991792647097,3.0,12817.666666666666,3,3,0,0
26919,0.75,0.16095554928161213,8.0,26735.625,2,2,0,0
26922,1.0,2.7079260789304866,6.0,33849.833333333336,3,3,0,1
26926,0.3333333333333333,-0.41575508292418223,6.0,176393.0,0,1,0,3
26929,1.0,1.8616991792647097,3.0,18608.666666666668,3,3,0,0
26938,1.0,2.7079260789304866,6.0,45551.5,3,3,0,1
26945,0.875,0.6813756673610742,8.0,59979.125,3,3,0,2
26946,1.0,1.8616991792647097,3.0,98093.0,3,3,0,3
26947,0.0,-2.6383008207352905,3.0,69627.33333333333,0,0,0,3
26949,1.0,2.7079260789304866,6.0,18662.833333333332,3,3,0,0
26955,0.75,1.054607907927022,8.0,211739.0,2,3,0,3
26960,0.6666666666666666,0.11858534254714964,3.0,72058.0,1,2,0,3
26961,0.25,-0.6980753088647152,4.0,109919.75,0,1,0,3
26973,1.0,2.7079260789304866,6.0,11926.833333333334,3,3,0,0
26975,0.75,-0.61570410953268,4.0,17205.0,2,1,0,0
26988,1.0,2.2064582865359523,4.0,17568.5,3,3,0,0
26994,0.0,-3.5177344276470537,5.0,21778.0,0,0,0,0
26999,0.25,-0.7824354489884764,4.0,56990.5,0,0,0,2
27000,0.0,-3.1268750467973807,4.0,95910.0,0,0,0,3
27008,1.0,2.2064582865359523,4.0,59659.75,3,3,0,2
27013,1.0,1.8616991792647097,3.0,18466.0,3,3,0,0
27014,0.5,1.0195416063710583,4.0,131359.0,0,3,0,3
27018,0.75,-0.15693013066285674,4.0,81724.0,2,1,0,3
27025,0.5,-0.9058670249803347,4.0,63983.0,0,0,0,3
27030,0.4,-0.3603851441693676,5.0,28846.4,0,1,0,0
27031,1.0,2.7079260789304866,6.0,30701.0,3,3,0,0
27033,1.0,2.2064582865359523,4.0,41631.25,3,3,0,1
27034,1.0,2.2064582865359523,4.0,52241.75,3,3,0,2
27037,0.4,-0.749372665481912,5.0,8884.4,0,0,0,0
27038,0.3333333333333333,-0.14932657974683733,3.0,83991.0,0,1,0,3
27041,0.75,-0.21543626809428362,4.0,130518.75,2,1,0,3
27051,0.5555555555555556,-0.8680413206805135,9.0,48375.444444444445,0,0,0,2
27056,0.6666666666666666,-0.2782081318630987,3.0,44427.333333333336,1,1,0,1
27061,0.3333333333333333,-0.5983958391968429,3.0,61404.666666666664,0,1,0,2
27078,1.0,2.7079260789304866,6.0,45660.166666666664,3,3,0,1
27082,1.0,1.8616991792647097,3.0,77564.66666666667,3,3,0,3
27085,1.0,2.7079260789304866,6.0,64414.8,3,3,0,3
27088,0.3333333333333333,-1.0888693793756967,3.0,23311.333333333332,0,0,0,0
27095,0.6,0.6405446417303692,5.0,60180.6,1,3,0,2
27098,1.0,1.8616991792647097,3.0,84956.66666666667,3,3,0,3
27102,0.42857142857142855,-0.17046762171461488,7.0,54705.0,0,1,0,2
27108,0.0,-2.6383008207352905,3.0,79270.0,0,0,0,3
27111,0.4,-0.8820311670902665,5.0,94072.5,0,0,0,3
27121,0.75,0.1382635226009748,4.0,21321.75,2,2,0,0
27122,1.0,1.8616991792647097,3.0,46644.0,3,3,0,2
27128,1.0,1.8616991792647097,3.0,20419.333333333332,3,3,0,0
27134,1.0,1.8616991792647097,3.0,150914.66666666666,3,3,0,3
27137,0.0,-2.6383008207352905,3.0,142730.0,0,0,0,3
27146,1.0,1.8616991792647097,3.0,16129.333333333334,3,3,0,0
27156,0.6666666666666666,0.40934311738820617,6.0,71510.5,1,2,0,3
27160,1.0,2.7079260789304866,6.0,61085.833333333336,3,3,0,2
27165,0.75,-0.24140844735064992,4.0,71618.5,2,1,0,3
27170,1.0,1.8616991792647097,3.0,36937.0,3,3,0,1
27177,1.0,1.8616991792647097,3.0,7050.0,3,3,0,0
27180,0.8,0.1920604597338854,5.0,4307.0,2,2,0,0
27186,0.3333333333333333,-1.144628404255136,3.0,69282.33333333333,0,0,0,3
27188,1.0,1.8616991792647097,3.0,12050.666666666666,3,3,0,0
27189,0.8571428571428571,-0.20566859860088677,7.0,19612.285714285714,3,1,0,0
27197,0.5,-1.1546648457661792,8.0,156694.66666666666,0,0,0,3
27199,0.6,0.3428945966283199,5.0,13016.8,1,2,0,0
27204,0.3333333333333333,-0.8621524760222112,3.0,30952.333333333332,0,0,0,0
27212,0.0,-2.6383008207352905,3.0,122026.33333333333,0,0,0,3
27213,1.0,1.8616991792647097,3.0,113120.33333333333,3,3,0,3
27228,0.14285714285714285,-1.5949976933427503,7.0,160732.57142857142,0,0,0,3
27235,1.0,1.8616991792647097,3.0,85438.66666666667,3,3,0,3
27240,1.0,1.8616991792647097,3.0,26787.333333333332,3,3,0,0
27244,0.75,-0.8669298525456801,4.0,18601.75,2,0,0,0
27246,1.0,2.7079260789304866,6.0,10536.833333333334,3,3,0,0
27252,0.6666666666666666,0.11858534254714964,3.0,33819.333333333336,1,2,0,1
27256,0.7777777777777778,0.08694408909100611,9.0,53496.555555555555,2,2,0,2
27266,0.3333333333333333,0.06634818061272285,3.0,34432.0,0,2,0,1
27268,1.0,1.8616991792647097,3.0,126882.33333333333,3,3,0,3
27282,0.8571428571428571,0.11112662420824701,7.0,40509.0,3,2,0,1
27283,0.8571428571428571,0.01610571824487128,7.0,10236.42857142857,3,2,0,0
27290,0.3333333333333333,-0.2475615326163365,6.0,53543.333333333336,0,1,0,2
27292,1.0,1.8616991792647097,3.0,30136.666666666668,3,3,0,0
27295,1.0,1.8616991792647097,3.0,37916.0,3,3,0,1
27297,0.5,-0.19490474392295784,4.0,31288.5,0,1,0,0
27304,0.0,-2.6383008207352905,3.0,101655.33333333333,0,0,0,3
27315,0.5,0.20115526059316863,4.0,11382.0,0,2,0,0
27316,1.0,1.8616991792647097,3.0,88814.0,3,3,0,3
27325,0.6,-0.557858243141953,5.0,62322.2,1,1,0,2
27330,1.0,2.4822655723529463,5.0,10030.6,3,3,0,0
27331,0.6666666666666666,0.34404986962623507,3.0,68650.66666666667,1,2,0,3
27334,1.0,2.7079260789304866,6.0,15248.666666666666,3,3,0,0
27358,0.75,0.5594798308657506,4.0,60089.75,2,2,0,2
27362,0.3333333333333333,0.1915749165675989,3.0,50393.333333333336,0,2,0,2
27365,0.6666666666666666,-0.3937917128151639,3.0,37515.666666666664,1,1,0,1
27367,0.5,-0.8785694959776147,6.0,40514.666666666664,0,0,0,1
27369,0.0,-2.6383008207352905,3.0,70726.0,0,0,0,3
27370,0.0,-2.6383008207352905,3.0,73119.0,0,0,0,3
27379,0.75,-0.025984758735745177,4.0,36740.75,2,2,0,1
27389,1.0,1.8616991792647097,3.0,22809.333333333332,3,3,0,0
27399,1.0,1.8616991792647097,3.0,39761.666666666664,3,3,0,1
27401,0.6666666666666666,0.5248045536980673,3.0,114453.0,1,2,0,3
27403,1.0,1.8616991792647097,3.0,114134.33333333333,3,3,0,3
27407,1.0,1.8616991792647097,3.0,26767.666666666668,3,3,0,0
27411,0.0,-3.1268750467973807,4.0,126417.75,0,0,0,3
27412,0.5,-0.3529347861962524,4.0,102665.75,0,1,0,3
27414,0.6666666666666666,-0.41638381166135535,3.0,24877.666666666668,1,1,0,0
27417,1.0,1.8616991792647097,3.0,129783.5,3,3,0,3
27427,0.3333333333333333,0.1915749165675989,3.0,45345.666666666664,0,2,0,1
27431,0.3333333333333333,0.1915749165675989,3.0,84194.33333333333,0,2,0,3
27432,0.3333333333333333,-0.8720857078586115,3.0,7562.5,0,0,0,0
27435,0.75,0.9071223543753374,4.0,43494.5,2,3,0,1
27443,0.3333333333333333,0.1915749165675989,3.0,75004.0,0,2,0,3
27456,0.6666666666666666,-0.014739345274428425,3.0,32468.666666666668,1,2,0,1
27464,0.0,-2.6383008207352905,3.0,94268.33333333333,0,0,0,3
27478,1.0,1.8616991792647097,3.0,23464.333333333332,3,3,0,0
